student_id,Marital status,Application mode,Application order,Course,Daytime/evening attendance,Previous qualification,Nacionality,Mother's qualification,Father's qualification,Mother's occupation,Father's occupation,Displaced,Educational special needs,Debtor,Tuition fees up to date,Gender,Scholarship holder,International,Age at enrollment,Curricular units 1st sem (credited),Curricular units 1st sem (enrolled),Curricular units 1st sem (evaluations),Curricular units 1st sem (approved),Curricular units 1st sem (grade),Curricular units 1st sem (without evaluations),Curricular units 2nd sem (credited),Curricular units 2nd sem (enrolled),Curricular units 2nd sem (evaluations),Curricular units 2nd sem (approved),Curricular units 2nd sem (grade),Curricular units 2nd sem (without evaluations),Unemployment rate,Inflation rate,GDP,Target
STU-02284,1,14,1,10,1,14,1,2,1,2,3,0,0,0,1,1,0,0,21,9,11,14,10,12.4,0,6,10,13,10,11.8,0,13.9,-0.3,0.79,Graduate
STU-03875,1,12,1,8,1,1,1,1,1,12,2,1,0,1,0,1,0,0,41,0,5,5,0,0.0,1,0,5,5,0,0.0,5,12.7,3.7,-1.7,Dropout
STU-02282,1,15,1,4,1,14,1,1,28,10,7,0,0,0,1,1,0,0,21,0,6,13,4,11.75,0,0,6,15,4,10.5,0,15.5,2.8,-4.06,Enrolled
STU-00818,1,7,1,5,1,1,1,1,1,5,5,1,0,0,1,0,0,0,18,0,6,6,6,14.5,0,0,6,6,6,12.833333333333334,0,12.4,0.5,1.79,Graduate
STU-00405,1,8,1,12,1,1,1,22,27,6,6,1,0,0,1,0,0,0,19,0,8,8,7,14.731428571428571,0,0,8,8,7,14.731428571428571,0,10.8,1.4,1.74,Graduate
STU-03127,1,8,1,10,1,1,1,22,14,10,9,1,0,0,1,0,0,0,21,0,6,11,6,10.375,0,0,6,12,3,11.666666666666666,0,12.7,3.7,-1.7,Enrolled
STU-00960,1,1,3,14,1,1,1,11,9,1,1,1,0,0,0,1,0,0,19,0,5,5,0,0.0,0,0,4,4,0,0.0,0,7.6,2.6,0.32,Dropout
STU-04246,1,9,4,16,1,1,1,13,27,10,7,1,0,1,0,0,0,0,20,0,7,9,0,0.0,0,0,6,6,0,0.0,0,11.1,0.6,2.02,Dropout
STU-00930,1,1,1,10,1,1,1,13,27,1,1,1,0,0,1,0,0,0,19,0,6,10,0,0.0,4,0,6,0,0,0.0,0,7.6,2.6,0.32,Dropout
STU-03217,1,8,2,11,1,1,1,3,3,3,3,0,0,0,0,1,0,0,18,0,6,9,5,11.2,0,0,6,14,2,10.0,0,9.4,-0.8,-3.12,Dropout
STU-00533,1,1,2,12,1,1,1,4,2,3,4,1,0,0,1,1,0,0,18,0,8,8,7,11.69,0,0,8,8,7,11.69,0,10.8,1.4,1.74,Graduate
STU-00402,1,8,1,11,1,1,1,22,27,8,8,1,0,0,1,0,0,0,20,0,6,13,3,10.333333333333334,0,0,6,12,3,10.333333333333334,0,10.8,1.4,1.74,Enrolled
STU-04200,1,1,1,12,1,1,1,23,28,6,6,1,0,0,1,0,1,0,20,0,8,8,7,12.744285714285716,0,0,8,8,7,12.744285714285716,0,10.8,1.4,1.74,Graduate
STU-03817,1,1,1,10,1,1,1,13,14,10,10,1,0,0,1,1,0,0,19,0,6,9,4,11.5,0,0,6,12,3,11.0,0,8.9,1.4,3.51,Dropout
STU-01091,1,8,1,8,1,1,1,1,1,5,6,0,0,0,1,0,0,0,18,0,5,7,4,12.0,0,0,5,6,5,12.0,0,7.6,2.6,0.32,Graduate
STU-02384,1,17,1,4,1,1,1,13,1,10,10,0,0,1,1,1,0,0,21,7,12,20,10,11.8,0,5,12,15,9,11.444444444444445,0,8.9,1.4,3.51,Enrolled
STU-02651,1,1,1,12,1,1,1,3,1,3,9,0,0,0,1,1,0,0,20,0,7,10,5,13.976666666666668,0,0,8,9,8,13.22222222222222,0,12.4,0.5,1.79,Enrolled
STU-04347,1,8,2,11,1,1,1,10,14,6,6,1,0,0,1,0,0,0,20,0,6,16,1,10.0,0,0,6,12,0,0.0,0,10.8,1.4,1.74,Dropout
STU-03464,1,1,1,16,1,1,1,1,27,10,10,1,0,0,1,0,0,0,19,0,6,11,3,10.333333333333334,0,0,6,10,5,11.8,0,9.4,-0.8,-3.12,Enrolled
STU-03837,1,14,1,15,1,1,1,1,3,10,4,0,0,0,0,1,0,0,22,0,4,4,0,0.0,4,0,5,8,3,12.0,0,10.8,1.4,1.74,Dropout
STU-01243,1,12,1,7,1,12,1,1,14,5,6,0,0,0,1,1,0,0,25,0,5,13,1,11.0,0,0,5,11,1,10.0,0,13.9,-0.3,0.79,Enrolled
STU-03680,1,3,2,16,1,1,1,13,14,4,4,1,0,0,1,0,1,0,19,0,6,8,6,12.666666666666666,0,0,6,7,6,12.0,0,12.7,3.7,-1.7,Graduate
STU-03633,1,15,1,10,1,14,1,22,14,29,15,1,0,1,1,0,0,0,21,3,6,8,3,12.0,0,2,6,6,2,12.5,0,12.4,0.5,1.79,Enrolled
STU-03461,1,1,2,12,1,1,1,23,27,10,8,1,0,0,1,0,1,0,19,0,7,7,6,12.9,0,0,7,7,6,12.9,0,7.6,2.6,0.32,Graduate
STU-04286,1,1,5,9,1,1,1,3,2,3,3,0,0,0,1,1,0,0,22,1,5,10,4,11.75,0,0,5,10,3,11.0,0,7.6,2.6,0.32,Enrolled
STU-01598,1,1,1,15,1,1,1,13,1,10,10,0,0,0,1,1,1,0,18,0,6,7,6,15.571428571428571,0,0,6,7,6,16.142857142857142,0,13.9,-0.3,0.79,Graduate
STU-02566,1,6,1,10,1,1,12,13,14,10,7,0,0,0,1,1,0,1,21,0,6,7,6,12.333333333333334,0,0,6,7,6,13.428571428571429,0,11.1,0.6,2.02,Graduate
STU-03320,1,7,2,5,1,1,1,1,1,4,2,1,0,1,1,1,0,0,19,0,6,11,5,11.2,0,0,6,7,6,12.0,0,9.4,-0.8,-3.12,Graduate
STU-03211,1,4,1,4,1,3,1,3,3,7,3,1,0,0,1,1,0,0,29,1,6,10,6,17.11111111111111,0,2,6,9,6,15.571428571428571,0,13.9,-0.3,0.79,Graduate
STU-00875,1,1,1,4,1,1,1,1,14,32,45,0,0,1,1,1,0,0,18,0,6,6,5,15.0,0,0,6,8,4,14.5,0,8.9,1.4,3.51,Graduate
STU-04253,2,1,1,17,0,1,1,13,14,10,10,0,0,0,1,0,0,0,28,0,5,5,5,12.0,0,0,5,6,5,11.6,0,7.6,2.6,0.32,Graduate
STU-01341,1,15,1,10,1,1,1,22,27,7,10,0,0,0,1,0,1,0,21,3,6,6,6,12.333333333333334,0,2,6,8,6,11.333333333333334,0,13.9,-0.3,0.79,Graduate
STU-00624,1,8,1,12,1,1,1,23,27,8,6,1,0,0,1,0,1,0,18,0,8,8,8,13.73125,0,0,8,8,8,13.73125,0,9.4,-0.8,-3.12,Graduate
STU-01946,1,1,4,12,1,1,1,22,27,10,10,1,0,0,1,0,0,0,30,0,7,7,7,14.692857142857145,0,0,8,8,8,14.9625,0,12.4,0.5,1.79,Graduate
STU-01882,1,12,1,4,1,1,1,22,27,10,5,0,0,0,1,1,0,0,35,0,6,16,4,12.0,0,0,6,11,3,10.333333333333334,0,13.9,-0.3,0.79,Dropout
STU-01000,1,1,3,5,1,1,1,19,24,1,1,1,0,0,1,0,0,0,18,0,6,6,6,12.5,0,0,6,6,6,13.0,0,7.6,2.6,0.32,Dropout
STU-02327,1,16,1,7,1,1,1,2,27,3,10,1,0,0,1,1,0,0,19,0,5,10,0,0.0,0,0,5,7,1,10.0,0,7.6,2.6,0.32,Enrolled
STU-00848,1,8,1,9,1,1,1,13,14,10,10,0,0,0,1,0,0,0,19,0,5,11,3,10.666666666666666,0,0,5,9,4,10.25,0,11.1,0.6,2.02,Graduate
STU-02695,1,1,2,15,1,1,1,1,1,5,4,0,0,0,1,1,1,0,18,0,6,6,6,12.666666666666666,0,0,6,6,6,11.5,0,16.2,0.3,-0.92,Graduate
STU-02149,1,5,1,6,1,1,1,13,14,5,6,1,0,0,1,0,0,0,21,0,5,6,5,14.2,0,0,5,5,5,14.8,0,10.8,1.4,1.74,Graduate
STU-00239,1,1,1,8,1,1,1,13,1,10,10,1,0,0,0,0,0,0,25,0,5,14,4,13.5,2,0,5,10,4,14.25,0,9.4,-0.8,-3.12,Dropout
STU-01688,1,4,1,13,1,3,1,3,3,3,3,0,0,1,0,1,0,0,38,0,7,8,3,12.666666666666666,0,0,5,5,0,0.0,0,13.9,-0.3,0.79,Dropout
STU-03653,1,8,1,13,1,1,1,23,27,10,10,1,0,0,1,0,1,0,18,0,7,7,7,13.3,0,0,8,8,8,15.125,0,15.5,2.8,-4.06,Graduate
STU-01597,1,1,2,12,1,1,1,22,27,10,10,1,0,0,1,1,0,0,22,0,7,9,6,12.833333333333334,0,0,8,12,6,12.5,0,16.2,0.3,-0.92,Enrolled
STU-03637,1,1,1,15,1,1,1,3,14,3,4,1,0,0,1,0,0,0,19,0,6,6,6,13.0,0,0,6,7,6,11.666666666666666,0,8.9,1.4,3.51,Graduate
STU-00163,1,1,2,12,1,1,1,13,14,10,10,1,0,0,1,0,0,0,18,0,7,8,7,14.91875,0,0,8,8,8,15.355,0,15.5,2.8,-4.06,Graduate
STU-03316,2,1,1,17,0,1,1,22,14,10,10,1,0,0,1,1,0,0,32,0,5,5,5,14.8,0,0,5,5,5,14.2,0,7.6,2.6,0.32,Graduate
STU-02686,1,1,2,7,1,1,1,1,28,20,43,1,0,0,1,1,0,0,20,0,5,7,5,10.8,0,0,5,9,3,12.0,0,8.9,1.4,3.51,Enrolled
STU-02636,1,12,2,13,1,1,1,3,1,3,5,0,0,0,1,1,0,0,26,0,7,7,2,11.75,0,0,5,10,0,0.0,0,12.4,0.5,1.79,Dropout
STU-02568,1,12,1,3,0,1,1,13,1,10,9,0,0,0,1,0,0,0,26,0,6,14,3,10.666666666666666,1,0,6,9,5,11.2,0,15.5,2.8,-4.06,Enrolled
STU-03555,1,8,1,14,1,1,1,22,28,4,4,0,0,1,1,1,0,0,19,0,6,7,6,13.166666666666666,0,0,6,9,5,13.2,0,8.9,1.4,3.51,Enrolled
STU-04194,1,8,2,11,1,1,1,1,4,5,5,0,0,0,1,0,1,0,18,0,6,7,6,11.285714285714286,0,0,6,9,4,13.5,0,16.2,0.3,-0.92,Graduate
STU-03413,1,8,1,9,1,1,1,23,28,8,6,0,0,0,1,0,0,0,18,0,5,9,1,11.0,1,0,5,10,0,0.0,0,9.4,-0.8,-3.12,Enrolled
STU-00932,1,1,1,16,1,1,1,13,28,10,10,0,0,0,1,0,1,0,19,0,7,10,6,13.0,0,0,7,7,7,13.285714285714286,0,12.4,0.5,1.79,Graduate
STU-02618,1,8,1,11,1,1,1,1,14,6,5,0,0,0,1,0,1,0,19,0,6,7,5,11.0,0,0,6,7,5,12.8,0,12.4,0.5,1.79,Graduate
STU-00898,1,14,1,5,1,14,1,13,27,6,10,1,0,0,1,0,1,0,21,4,12,12,12,13.333333333333334,0,5,12,12,11,12.545454545454543,0,15.5,2.8,-4.06,Graduate
STU-04018,4,12,1,3,0,1,1,22,27,10,8,0,0,0,1,0,1,0,43,0,6,6,0,0.0,0,0,5,5,0,0.0,0,8.9,1.4,3.51,Dropout
STU-03093,1,1,1,3,0,1,1,23,14,7,11,0,0,0,1,0,1,0,23,0,6,6,6,14.166666666666666,0,0,6,6,6,12.5,0,12.7,3.7,-1.7,Graduate
STU-01669,1,15,1,5,1,14,1,1,28,5,7,0,0,1,0,0,0,0,22,2,7,9,5,11.6,0,5,9,9,5,10.0,0,12.4,0.5,1.79,Dropout
STU-03513,1,1,1,2,1,1,1,13,14,2,2,1,0,0,1,1,0,0,20,0,0,0,0,0.0,0,0,0,0,0,0.0,0,10.8,1.4,1.74,Dropout
STU-02379,1,14,1,17,0,1,1,3,4,3,3,0,0,0,0,1,0,0,26,8,12,12,8,11.25,0,3,8,8,3,11.333333333333334,0,7.6,2.6,0.32,Dropout
STU-01378,1,1,1,2,1,1,1,22,14,8,8,1,0,0,1,1,1,0,18,0,0,0,0,0.0,0,0,0,0,0,0.0,0,10.8,1.4,1.74,Graduate
STU-03726,1,15,1,4,1,14,1,1,1,4,11,0,0,0,1,1,0,0,22,4,10,21,5,11.4,1,2,7,13,6,11.666666666666666,0,15.5,2.8,-4.06,Dropout
STU-03450,1,1,2,12,1,1,1,3,3,3,3,1,0,0,1,0,1,0,18,0,7,7,7,14.485714285714286,0,0,8,9,8,14.58888888888889,0,16.2,0.3,-0.92,Graduate
STU-00944,1,4,1,6,1,3,1,1,14,10,11,0,0,0,1,0,0,0,34,0,6,0,0,0.0,0,0,6,0,0,0.0,0,15.5,2.8,-4.06,Dropout
STU-00983,1,1,1,15,1,1,1,1,28,5,6,0,0,0,1,1,0,0,18,0,6,6,6,12.0,0,0,6,6,6,12.5,0,12.7,3.7,-1.7,Graduate
STU-04360,1,1,4,10,1,1,1,1,14,5,6,1,0,0,1,0,0,0,19,0,6,6,6,13.0,0,0,6,8,5,13.4,0,8.9,1.4,3.51,Graduate
STU-00095,2,12,1,3,0,1,1,22,14,10,10,0,0,0,1,0,0,0,44,2,8,11,8,11.875,0,0,6,7,6,12.333333333333334,0,12.7,3.7,-1.7,Graduate
STU-03552,1,12,1,10,1,12,1,22,27,10,10,0,0,1,0,1,0,0,33,0,6,8,0,0.0,0,0,5,6,0,0.0,0,16.2,0.3,-0.92,Dropout
STU-04100,1,9,1,10,1,1,1,23,24,5,1,0,0,0,1,0,0,0,18,0,1,1,0,0.0,1,0,6,0,0,0.0,0,10.8,1.4,1.74,Dropout
STU-02259,1,4,1,5,1,3,1,4,4,3,3,0,0,0,1,1,0,0,28,0,6,9,2,12.0,0,0,6,10,3,12.666666666666666,0,12.7,3.7,-1.7,Dropout
STU-02836,2,14,1,9,1,1,1,13,27,8,11,0,0,0,1,0,0,0,34,12,15,17,12,11.916666666666666,0,11,13,13,11,13.181818181818182,0,7.6,2.6,0.32,Graduate
STU-00899,1,1,1,11,1,1,1,23,14,10,6,1,0,0,1,0,0,0,21,0,6,10,6,10.833333333333334,0,0,6,10,4,11.0,0,7.6,2.6,0.32,Enrolled
STU-03810,2,12,1,3,0,1,1,19,24,1,1,0,0,0,1,0,0,0,54,0,6,8,4,12.75,0,0,6,12,5,12.6,0,7.6,2.6,0.32,Dropout
STU-04333,1,1,1,10,1,1,1,22,1,10,10,1,0,0,1,0,0,0,18,0,6,8,5,13.2,0,0,6,6,6,11.333333333333334,0,9.4,-0.8,-3.12,Graduate
STU-04316,1,1,1,11,1,1,1,1,3,5,2,1,0,0,1,1,0,0,18,0,6,15,3,11.666666666666666,0,0,6,14,2,12.5,0,10.8,1.4,1.74,Dropout
STU-00716,1,14,1,3,0,1,1,13,27,5,11,0,0,0,1,1,0,0,44,9,13,18,13,11.846153846153848,0,9,11,11,11,12.0,0,12.7,3.7,-1.7,Graduate
STU-04300,1,8,1,9,1,1,1,23,28,10,9,0,0,0,1,1,0,0,18,0,5,13,1,10.0,0,0,5,5,1,10.0,0,12.7,3.7,-1.7,Dropout
STU-02006,1,1,1,6,1,1,1,1,27,5,11,0,0,0,1,0,0,0,19,0,5,7,5,14.4,0,0,5,6,5,13.2,0,7.6,2.6,0.32,Graduate
STU-02096,1,14,1,8,1,1,1,3,3,3,3,0,0,0,1,0,0,0,20,10,17,29,14,12.5625,4,7,12,24,12,12.857142857142858,1,15.5,2.8,-4.06,Graduate
STU-00030,1,8,2,12,1,1,1,3,3,2,11,1,0,0,1,1,0,0,19,0,7,9,6,12.933333333333332,0,0,7,7,6,13.716666666666669,0,16.2,0.3,-0.92,Enrolled
STU-00391,1,15,1,6,1,14,1,4,28,5,6,1,0,0,1,0,0,0,21,0,6,11,4,12.75,0,0,6,19,1,11.0,0,12.4,0.5,1.79,Enrolled
STU-02854,1,9,3,5,1,1,1,1,1,6,4,1,0,0,1,0,0,0,18,1,6,8,6,13.714285714285714,1,0,6,8,6,14.375,0,13.9,-0.3,0.79,Graduate
STU-03952,1,4,1,9,1,3,1,6,19,2,8,0,0,0,1,0,0,0,26,0,5,5,0,0.0,0,0,5,0,0,0.0,0,9.4,-0.8,-3.12,Dropout
STU-00375,2,12,1,6,1,12,1,23,28,5,8,0,0,0,1,0,0,0,31,0,6,0,0,0.0,0,0,6,0,0,0.0,0,12.7,3.7,-1.7,Dropout
STU-01404,1,8,5,12,1,1,1,23,1,10,8,1,0,0,1,0,1,0,18,0,7,8,7,13.15,0,0,8,9,8,15.06875,0,13.9,-0.3,0.79,Graduate
STU-02035,2,12,1,15,1,12,1,22,27,7,7,0,0,1,1,1,1,0,49,0,6,8,6,12.285714285714286,0,0,6,7,6,14.166666666666666,0,10.8,1.4,1.74,Graduate
STU-00749,1,12,1,14,1,6,1,1,1,12,4,1,0,0,1,1,0,0,30,0,5,5,0,0.0,0,0,5,5,0,0.0,0,7.6,2.6,0.32,Dropout
STU-01236,1,12,1,17,0,1,1,13,28,8,5,0,0,0,1,0,0,0,26,0,5,9,2,12.0,0,0,5,9,3,11.0,0,10.8,1.4,1.74,Dropout
STU-02098,1,1,2,10,1,1,1,23,1,8,8,1,0,0,1,0,0,0,21,0,6,8,5,12.4,0,0,6,6,6,12.0,0,12.4,0.5,1.79,Graduate
STU-04332,1,8,1,2,1,1,1,22,14,6,10,1,0,0,1,0,0,0,23,0,0,0,0,0.0,0,0,0,0,0,0.0,0,11.1,0.6,2.02,Dropout
STU-03163,1,1,4,12,1,1,1,13,28,10,10,1,0,0,1,0,0,0,19,0,8,8,7,14.328571428571427,0,0,8,8,7,14.328571428571427,0,10.8,1.4,1.74,Graduate
STU-02238,1,12,1,11,1,12,1,23,27,5,6,0,0,1,0,1,0,0,24,0,6,7,0,0.0,0,0,6,7,0,0.0,0,16.2,0.3,-0.92,Dropout
STU-02625,1,1,4,15,1,1,9,1,27,4,10,1,0,0,1,0,0,1,20,0,6,6,6,12.333333333333334,0,0,6,6,6,12.0,0,12.7,3.7,-1.7,Graduate
STU-02777,1,8,2,2,1,1,1,13,27,10,10,1,0,0,1,0,1,0,18,0,0,0,0,0.0,0,0,0,0,0,0.0,0,12.7,3.7,-1.7,Enrolled
STU-02370,1,12,1,8,1,1,1,1,14,5,6,1,0,0,1,1,0,0,29,0,5,11,1,18.0,2,0,5,10,3,13.333333333333334,2,10.8,1.4,1.74,Dropout
STU-00300,1,1,1,12,1,1,1,13,28,6,8,0,0,0,1,0,0,0,18,0,8,10,8,12.86,2,0,8,10,8,12.86,2,9.4,-0.8,-3.12,Graduate
STU-03290,1,12,1,4,1,12,1,22,27,10,8,0,0,0,1,1,0,0,35,17,18,20,18,11.555555555555555,0,11,13,13,13,11.615384615384617,0,15.5,2.8,-4.06,Graduate
STU-04245,1,1,1,2,1,1,1,3,3,3,6,1,0,0,1,0,0,0,19,6,12,13,12,12.333333333333334,0,4,11,12,10,12.727272727272728,0,8.9,1.4,3.51,Dropout
STU-02565,1,1,1,11,1,1,14,22,27,6,6,1,0,0,1,0,1,1,20,0,6,6,6,14.0,0,0,6,6,6,13.333333333333334,0,10.8,1.4,1.74,Graduate
STU-01198,1,13,1,16,1,1,1,1,27,6,6,1,0,0,1,0,0,0,21,0,6,8,4,12.25,0,0,6,13,3,10.333333333333334,0,12.7,3.7,-1.7,Dropout
STU-03899,2,12,1,11,1,1,1,22,27,5,8,1,0,0,1,0,0,0,34,0,6,7,5,12.4,0,0,6,8,5,12.8,0,9.4,-0.8,-3.12,Graduate
STU-03354,1,1,1,15,1,1,1,23,1,6,8,1,0,0,1,1,1,0,18,0,6,7,6,12.714285714285714,0,0,6,8,5,11.833333333333334,0,13.9,-0.3,0.79,Graduate
STU-00522,1,8,1,8,1,1,1,3,14,3,10,0,0,0,1,0,0,0,18,0,5,14,2,12.0,2,0,5,6,5,12.6,0,9.4,-0.8,-3.12,Graduate
STU-00058,1,12,1,8,1,15,1,3,3,3,3,1,0,0,1,0,0,0,27,0,6,9,5,13.0,0,5,11,13,10,12.9,0,12.4,0.5,1.79,Dropout
STU-03894,4,12,1,6,1,1,1,22,27,12,12,0,0,0,0,0,0,0,35,0,5,14,1,12.0,2,0,5,11,2,10.5,1,9.4,-0.8,-3.12,Dropout
STU-03377,1,8,1,6,1,1,1,13,27,10,10,1,0,0,1,0,1,0,21,0,6,6,6,14.5,0,0,6,8,6,14.666666666666666,0,8.9,1.4,3.51,Graduate
STU-03925,1,1,1,2,1,1,1,13,14,6,5,1,0,1,1,1,0,0,21,6,12,12,11,11.545454545454543,0,4,11,18,9,11.7,1,8.9,1.4,3.51,Enrolled
STU-02877,1,12,1,13,1,1,3,3,3,5,5,0,0,1,0,0,0,1,54,0,7,7,0,0.0,0,0,5,10,0,0.0,0,12.4,0.5,1.79,Dropout
STU-00562,1,1,1,8,1,1,1,1,1,4,4,1,0,0,1,1,0,0,20,0,5,14,2,11.0,3,0,5,9,3,12.666666666666666,0,9.4,-0.8,-3.12,Enrolled
STU-02490,1,1,2,11,1,1,1,1,28,3,9,1,0,0,1,1,1,0,20,0,6,7,6,14.714285714285714,0,0,6,6,6,12.5,0,8.9,1.4,3.51,Graduate
STU-03180,1,14,1,12,1,1,1,13,28,10,8,1,0,0,1,1,1,0,19,0,7,8,5,11.2,0,0,7,8,5,11.2,0,7.6,2.6,0.32,Enrolled
STU-02586,1,8,2,3,0,1,1,22,24,1,1,1,0,0,1,0,0,0,19,0,6,8,5,12.2,0,0,6,7,6,12.0,0,7.6,2.6,0.32,Graduate
STU-04243,1,8,1,10,1,1,1,13,28,4,4,1,0,0,0,0,0,0,19,0,6,13,4,11.0,0,0,6,13,2,11.5,0,12.7,3.7,-1.7,Dropout
STU-01522,2,12,1,17,0,1,1,22,27,10,10,0,0,0,1,1,0,0,29,0,5,5,5,15.2,0,0,5,5,5,15.2,0,11.1,0.6,2.02,Graduate
STU-00958,1,1,3,15,1,1,1,23,1,10,5,1,0,0,1,1,0,0,19,0,6,6,6,12.5,0,0,6,7,5,13.0,0,12.4,0.5,1.79,Graduate
STU-00359,1,12,1,4,1,1,1,22,27,4,9,0,0,1,1,0,1,0,30,0,6,6,0,0.0,0,0,6,6,0,0.0,0,11.1,0.6,2.02,Enrolled
STU-03107,1,1,6,12,1,1,1,1,28,5,6,1,0,0,1,0,1,0,18,0,8,8,8,12.32,0,0,8,8,8,12.32,0,9.4,-0.8,-3.12,Graduate
STU-03357,1,15,1,7,1,14,1,3,14,4,5,0,0,0,1,1,0,0,20,0,5,12,1,13.0,0,0,5,8,3,12.6,0,12.4,0.5,1.79,Enrolled
STU-02482,1,1,1,5,1,1,1,13,14,6,6,0,0,0,1,1,1,0,22,1,6,6,6,12.666666666666666,0,1,6,6,5,12.4,0,12.4,0.5,1.79,Graduate
STU-00801,1,17,1,5,1,16,1,25,14,4,6,1,0,0,0,0,1,0,22,0,6,8,6,11.0,0,0,6,10,4,12.0,0,8.9,1.4,3.51,Enrolled
STU-02903,2,12,1,13,1,1,3,23,28,10,10,0,0,0,1,0,0,1,32,0,7,10,7,11.0,0,0,8,8,8,13.125,0,12.7,3.7,-1.7,Graduate
STU-01456,1,1,2,9,1,1,1,1,27,5,10,1,0,0,1,1,1,0,19,0,5,5,0,0.0,0,0,5,5,0,0.0,0,11.1,0.6,2.02,Dropout
STU-01839,1,8,3,12,1,1,1,3,14,3,6,1,0,0,1,0,0,0,19,0,8,8,8,13.427499999999998,0,0,8,8,8,13.427499999999998,0,9.4,-0.8,-3.12,Graduate
STU-00408,1,12,1,17,0,15,1,1,14,10,10,0,0,0,1,0,0,0,27,0,5,5,5,15.8,0,0,5,5,5,14.8,0,8.9,1.4,3.51,Graduate
STU-03716,1,1,2,9,1,1,1,22,1,6,4,1,0,0,1,1,0,0,20,0,5,9,2,14.333333333333334,0,0,5,10,2,12.5,0,7.6,2.6,0.32,Enrolled
STU-00277,1,13,1,16,1,1,1,22,28,4,4,0,0,0,1,0,0,0,20,0,6,8,5,11.0,0,0,6,10,3,10.666666666666666,0,12.7,3.7,-1.7,Dropout
STU-01805,1,16,1,9,1,12,1,13,14,10,6,0,0,1,0,1,0,0,38,0,5,5,0,0.0,0,0,5,5,0,0.0,0,8.9,1.4,3.51,Dropout
STU-02366,1,9,1,15,1,1,1,1,1,5,8,1,0,0,1,1,0,0,19,0,6,6,6,13.833333333333334,0,0,6,6,6,14.5,0,8.9,1.4,3.51,Graduate
STU-01462,1,15,1,4,1,14,1,23,28,10,9,1,0,0,1,1,0,0,20,0,6,8,5,12.857142857142858,0,0,6,11,6,12.3,0,16.2,0.3,-0.92,Graduate
STU-03438,1,14,1,17,0,1,1,22,27,10,9,1,0,0,1,0,0,0,29,8,13,16,8,10.5,0,8,12,19,9,10.333333333333334,0,9.4,-0.8,-3.12,Enrolled
STU-02789,1,12,1,14,1,1,1,13,14,8,8,0,0,1,0,1,0,0,24,0,6,12,0,0.0,0,0,6,9,0,0.0,0,10.8,1.4,1.74,Dropout
STU-03675,1,1,1,5,1,1,1,1,1,4,6,1,0,0,1,0,1,0,20,0,6,6,6,12.666666666666666,0,0,6,8,6,13.0,0,10.8,1.4,1.74,Graduate
STU-00083,1,12,1,4,1,4,1,3,3,5,3,0,0,1,1,1,0,0,24,6,12,17,6,12.166666666666666,0,7,12,14,10,13.3,0,12.4,0.5,1.79,Dropout
STU-02916,6,12,1,3,0,1,1,22,27,10,10,0,0,0,1,0,1,0,48,0,6,7,6,10.666666666666666,0,0,6,9,5,11.8,0,10.8,1.4,1.74,Enrolled
STU-04275,1,1,1,11,1,1,1,22,14,10,10,1,0,0,1,1,0,0,25,0,6,8,6,13.166666666666666,0,0,6,8,5,12.6,0,7.6,2.6,0.32,Enrolled
STU-01438,2,12,1,3,0,1,1,22,27,10,10,0,0,0,1,0,0,0,35,0,6,7,6,12.5,0,0,6,6,6,12.166666666666666,0,15.5,2.8,-4.06,Graduate
STU-02988,2,12,1,3,0,12,1,19,24,1,1,0,0,0,1,0,0,0,46,0,6,9,6,13.333333333333334,0,0,6,6,6,11.833333333333334,0,7.6,2.6,0.32,Graduate
STU-01609,1,8,1,15,1,1,1,23,14,10,11,1,0,0,1,1,0,0,18,0,6,6,6,12.666666666666666,0,0,6,7,5,13.6,0,12.4,0.5,1.79,Enrolled
STU-02133,1,1,2,9,1,1,1,13,27,5,6,1,0,0,1,0,0,0,20,0,5,8,3,11.333333333333334,0,0,5,8,5,12.2,0,7.6,2.6,0.32,Graduate
STU-01249,1,17,1,14,1,16,1,13,27,4,7,1,0,1,1,0,0,0,21,0,6,12,1,12.0,0,0,6,11,1,11.0,0,8.9,1.4,3.51,Enrolled
STU-03266,1,8,1,10,1,1,1,1,28,22,40,0,0,0,1,0,1,0,19,0,6,8,6,11.5,0,0,6,7,6,12.333333333333334,0,12.4,0.5,1.79,Graduate
STU-00335,1,1,1,10,1,1,1,19,27,5,10,1,0,0,1,0,1,0,18,0,6,6,6,12.166666666666666,0,0,6,9,6,13.666666666666666,0,9.4,-0.8,-3.12,Graduate
STU-00015,1,1,1,6,1,1,1,23,27,6,6,1,0,0,1,0,1,0,18,0,5,7,4,13.25,0,0,5,5,5,12.0,0,10.8,1.4,1.74,Graduate
STU-00842,1,8,1,9,1,1,1,3,1,4,5,0,0,0,0,1,0,0,22,0,5,10,4,11.5,0,0,5,11,4,14.0,0,8.9,1.4,3.51,Enrolled
STU-00064,1,8,1,5,1,1,1,1,1,4,5,1,0,0,1,1,0,0,19,0,6,6,5,11.4,0,0,6,8,1,10.0,0,10.8,1.4,1.74,Enrolled
STU-02129,1,1,1,2,1,1,1,13,14,9,9,1,0,0,1,0,1,0,19,0,0,0,0,0.0,0,0,0,0,0,0.0,0,11.1,0.6,2.02,Dropout
STU-02250,1,1,1,8,1,1,1,1,1,5,11,1,0,0,1,1,0,0,18,0,5,5,5,13.6,0,0,5,6,4,13.25,1,10.8,1.4,1.74,Graduate
STU-03160,1,14,1,5,1,1,1,13,14,10,10,1,0,0,1,1,1,0,20,0,6,8,3,11.0,0,0,6,8,2,11.333333333333334,0,10.8,1.4,1.74,Enrolled
STU-03486,2,12,1,14,1,1,1,13,28,10,10,0,0,0,1,1,0,0,36,0,6,13,3,11.333333333333334,0,0,6,12,5,11.4,0,13.9,-0.3,0.79,Dropout
STU-02605,1,8,1,10,1,1,1,22,27,8,6,1,0,0,1,0,0,0,19,0,6,10,2,10.5,0,0,6,11,1,13.0,0,9.4,-0.8,-3.12,Dropout
STU-04070,1,8,2,10,1,1,1,2,3,4,4,1,0,0,1,0,0,0,19,0,6,7,6,11.166666666666666,0,0,6,9,6,11.666666666666666,0,9.4,-0.8,-3.12,Graduate
STU-00400,1,8,1,9,1,1,1,23,27,7,5,1,0,0,1,0,0,0,19,0,5,10,3,10.666666666666666,0,0,5,9,0,0.0,3,16.2,0.3,-0.92,Dropout
STU-04415,1,1,1,8,1,1,1,3,28,4,6,1,0,0,1,0,0,0,18,0,5,6,5,11.8,1,0,5,8,5,11.6,0,9.4,-0.8,-3.12,Graduate
STU-02115,1,8,1,16,1,1,1,23,27,6,6,1,0,0,1,0,0,0,18,0,6,9,5,11.0,0,0,6,9,4,11.25,0,10.8,1.4,1.74,Dropout
STU-04073,2,12,1,10,1,12,1,1,2,5,7,0,0,0,1,0,0,0,31,0,6,6,6,13.166666666666666,0,0,6,8,6,13.0,0,9.4,-0.8,-3.12,Enrolled
STU-00374,4,12,1,17,0,1,1,1,27,20,43,0,0,0,1,0,0,0,35,0,5,8,5,12.0,0,0,5,9,5,12.857142857142858,0,13.9,-0.3,0.79,Graduate
STU-02850,1,15,1,6,1,14,1,3,3,5,3,1,0,0,1,0,0,0,19,0,6,8,4,14.4,0,0,6,6,5,13.0,0,13.9,-0.3,0.79,Graduate
STU-04219,1,8,3,15,1,1,1,1,14,6,8,0,0,0,1,0,0,0,18,0,6,6,6,13.5,0,0,6,6,6,13.333333333333334,0,12.4,0.5,1.79,Enrolled
STU-00640,1,9,1,15,1,1,1,1,1,4,4,0,0,0,1,0,1,0,18,0,6,6,6,12.666666666666666,0,0,6,6,6,11.833333333333334,0,12.7,3.7,-1.7,Dropout
STU-02768,6,8,3,3,0,1,1,13,1,6,12,0,0,0,0,0,0,0,24,0,5,5,0,0.0,0,0,5,10,0,0.0,0,10.8,1.4,1.74,Dropout
STU-03025,1,1,1,2,1,1,1,13,27,10,8,1,0,0,1,0,1,0,18,0,0,0,0,0.0,0,0,0,0,0,0.0,0,12.4,0.5,1.79,Graduate
STU-03010,1,1,4,12,1,1,1,1,10,4,7,1,0,0,1,0,0,0,20,0,7,7,7,12.982857142857142,0,0,8,8,8,14.4625,0,12.4,0.5,1.79,Graduate
STU-01950,1,9,1,12,1,1,1,23,27,6,6,0,0,0,1,0,0,0,20,0,7,13,6,11.7725,0,0,8,9,7,12.33,0,15.5,2.8,-4.06,Graduate
STU-04137,5,14,1,12,1,1,1,1,28,6,6,0,0,0,1,0,1,0,18,0,8,8,7,11.857142857142858,0,0,8,8,7,11.857142857142858,0,12.7,3.7,-1.7,Graduate
STU-01099,1,1,1,15,1,1,1,1,4,6,4,0,0,0,1,0,1,0,20,0,6,7,6,12.666666666666666,0,0,6,6,6,12.833333333333334,0,10.8,1.4,1.74,Graduate
STU-03369,1,1,6,12,1,1,1,13,27,10,10,1,0,0,1,0,1,0,19,0,8,8,7,14.06,0,0,8,8,7,14.06,0,10.8,1.4,1.74,Enrolled
STU-02188,1,1,6,12,1,1,1,13,28,6,8,1,0,0,1,0,1,0,18,0,8,8,8,13.40375,0,0,8,8,8,13.40375,0,9.4,-0.8,-3.12,Graduate
STU-01928,1,8,2,15,1,1,1,13,14,10,10,0,0,0,1,0,1,0,18,0,6,7,6,13.428571428571429,0,0,6,6,6,12.5,0,13.9,-0.3,0.79,Graduate
STU-01353,1,1,2,5,1,1,1,1,14,5,4,0,0,0,1,0,0,0,19,0,6,6,6,12.166666666666666,0,0,6,6,6,11.333333333333334,0,12.7,3.7,-1.7,Graduate
STU-00318,1,1,1,12,1,1,1,26,14,4,6,0,0,0,1,0,0,0,19,0,7,7,7,13.694285714285714,0,0,8,9,8,14.355555555555554,0,11.1,0.6,2.02,Graduate
STU-03711,1,8,4,6,1,1,1,23,28,23,30,0,0,0,1,1,0,0,21,0,5,7,4,12.25,0,0,5,7,5,12.0,0,7.6,2.6,0.32,Graduate
STU-04255,1,1,1,14,1,1,1,22,27,6,10,1,0,0,1,0,0,0,23,0,5,7,3,11.333333333333334,0,0,5,5,4,11.25,0,7.6,2.6,0.32,Dropout
STU-00901,1,8,1,9,1,1,1,13,14,10,8,0,0,0,1,0,0,0,19,0,5,7,2,10.0,0,0,5,11,2,14.0,0,10.8,1.4,1.74,Dropout
STU-03594,1,1,3,15,1,1,1,13,28,9,4,1,0,1,1,1,0,0,18,0,6,6,6,13.0,0,0,6,7,5,11.8,0,12.7,3.7,-1.7,Dropout
STU-01371,1,12,1,3,0,13,1,23,27,5,9,0,0,0,1,1,0,0,29,0,6,11,6,12.0,0,0,6,6,6,14.0,0,11.1,0.6,2.02,Graduate
STU-02592,1,1,1,16,1,1,1,13,27,10,10,1,0,1,0,0,0,0,22,0,7,10,6,11.5,0,0,7,8,6,13.166666666666666,0,11.1,0.6,2.02,Enrolled
STU-04060,1,1,3,15,1,1,1,13,14,6,6,1,0,0,0,0,0,0,18,0,6,0,0,0.0,0,0,6,0,0,0.0,0,13.9,-0.3,0.79,Dropout
STU-01063,1,12,1,3,0,1,1,22,9,10,11,0,0,0,1,0,0,0,27,0,6,8,5,11.0,0,0,6,7,6,11.166666666666666,0,11.1,0.6,2.02,Graduate
STU-02786,1,1,1,3,0,1,1,22,27,10,8,0,0,0,1,0,0,0,29,8,11,14,11,12.75,0,3,7,7,7,13.428571428571429,0,9.4,-0.8,-3.12,Graduate
STU-02252,1,7,1,2,1,1,1,13,27,10,8,1,0,0,1,1,0,0,25,9,13,16,10,11.454545454545457,0,5,11,13,7,12.25,0,12.4,0.5,1.79,Dropout
STU-03900,2,4,1,9,1,3,1,22,27,10,10,0,0,0,1,0,0,0,33,3,8,9,5,12.6,2,2,7,13,5,11.25,0,10.8,1.4,1.74,Enrolled
STU-00221,1,1,1,9,1,1,1,23,28,8,8,0,0,0,1,0,1,0,18,0,5,7,4,13.0,0,0,5,8,3,12.333333333333334,0,9.4,-0.8,-3.12,Graduate
STU-02638,1,7,2,2,1,1,1,3,3,3,3,1,0,0,1,1,0,0,18,0,0,0,0,0.0,0,0,0,0,0,0.0,0,12.4,0.5,1.79,Graduate
STU-02219,1,4,1,15,1,17,1,13,1,5,9,0,0,0,1,1,0,0,25,0,6,6,6,14.666666666666666,0,0,6,6,6,13.5,0,11.1,0.6,2.02,Graduate
STU-04314,1,14,1,16,1,1,1,2,29,3,6,0,0,0,1,1,0,0,37,19,21,21,21,12.476190476190476,0,13,19,19,19,12.210526315789474,0,12.4,0.5,1.79,Graduate
STU-03988,1,1,2,12,1,1,1,1,1,5,4,1,0,0,1,0,0,0,18,0,7,7,6,15.25,0,0,7,7,6,15.25,0,7.6,2.6,0.32,Graduate
STU-01210,2,12,1,4,1,1,1,22,27,10,10,0,0,1,0,0,0,0,43,0,6,10,4,12.25,0,0,6,13,4,10.5,0,8.9,1.4,3.51,Dropout
STU-02179,1,8,1,12,1,1,1,1,1,6,6,0,1,0,1,0,0,0,18,0,7,7,7,13.642857142857142,0,0,8,11,8,14.772727272727272,0,16.2,0.3,-0.92,Graduate
STU-03992,1,1,1,16,1,1,1,13,27,6,6,1,0,0,1,0,0,0,19,0,7,10,4,10.5,0,0,7,7,2,10.5,0,16.2,0.3,-0.92,Dropout
STU-04414,1,14,1,1,1,1,1,22,1,10,11,1,0,0,1,1,0,0,25,5,10,13,5,11.6,0,2,8,10,2,13.0,0,12.4,0.5,1.79,Enrolled
STU-02278,1,16,1,15,1,1,1,1,32,6,4,1,0,0,1,1,0,0,23,0,6,7,6,13.333333333333334,0,0,6,6,4,12.75,0,11.1,0.6,2.02,Graduate
STU-02514,1,5,2,6,1,1,9,13,1,5,10,0,0,0,1,0,0,1,18,0,6,10,6,13.5,0,0,6,12,6,12.0,0,12.4,0.5,1.79,Graduate
STU-00260,1,14,1,10,1,1,1,1,1,4,2,1,0,1,0,0,0,0,22,6,10,16,6,11.833333333333334,0,2,7,8,2,13.0,0,16.2,0.3,-0.92,Dropout
STU-00474,1,1,2,12,1,1,1,13,14,10,10,1,0,0,1,0,0,0,20,0,7,7,6,13.966666666666669,0,0,7,7,6,13.966666666666669,0,7.6,2.6,0.32,Graduate
STU-01441,1,1,5,14,1,1,1,13,14,8,4,0,0,0,1,1,0,0,19,0,5,5,4,12.5,0,0,5,5,4,14.25,0,7.6,2.6,0.32,Graduate
STU-03088,1,1,6,9,1,1,1,13,10,5,5,1,0,0,1,0,0,0,18,0,5,8,3,12.333333333333334,0,0,5,7,4,12.0,0,7.6,2.6,0.32,Graduate
STU-01112,1,1,5,12,1,1,1,1,14,7,8,1,0,0,1,0,1,0,19,0,7,8,7,12.135714285714286,0,0,8,10,7,13.328571428571427,0,12.4,0.5,1.79,Graduate
STU-01025,1,9,2,16,1,1,1,23,28,29,36,1,0,0,1,0,0,0,19,0,7,7,7,13.142857142857142,0,0,7,8,7,12.857142857142858,0,8.9,1.4,3.51,Graduate
STU-01787,2,12,1,10,1,12,1,22,27,10,5,0,0,0,1,1,0,0,42,0,6,0,0,0.0,0,0,6,0,0,0.0,0,15.5,2.8,-4.06,Dropout
STU-02163,1,8,1,10,1,1,1,13,27,8,10,0,0,0,1,0,0,0,20,0,6,6,0,0.0,0,0,5,5,0,0.0,0,8.9,1.4,3.51,Dropout
STU-00201,1,1,1,6,1,1,1,1,1,5,8,1,0,0,1,0,0,0,19,0,5,9,4,13.75,0,0,5,13,4,14.333333333333334,2,10.8,1.4,1.74,Graduate
STU-01674,1,12,1,12,1,15,1,1,1,5,5,1,0,0,1,0,0,0,27,1,7,7,7,14.757142857142856,0,1,8,9,8,14.077777777777778,0,16.2,0.3,-0.92,Graduate
STU-01278,2,12,1,9,1,1,1,22,27,10,10,0,0,0,0,0,0,0,35,0,5,8,4,12.5,1,0,5,8,5,11.8,0,9.4,-0.8,-3.12,Dropout
STU-03751,1,8,2,12,1,1,1,23,28,8,8,1,0,0,1,0,0,0,19,0,8,8,7,13.937142857142858,0,0,8,8,7,13.937142857142858,0,10.8,1.4,1.74,Graduate
STU-01269,1,17,1,17,0,1,1,23,28,29,44,0,0,1,1,0,0,0,23,6,11,18,8,12.375,0,3,9,15,5,12.6,0,8.9,1.4,3.51,Enrolled
STU-00463,1,8,1,10,1,1,1,3,1,3,4,0,0,0,1,0,0,0,19,0,6,8,5,10.6,0,0,6,11,4,10.5,0,15.5,2.8,-4.06,Graduate
STU-00180,1,4,1,12,1,3,1,1,1,10,6,0,0,0,1,0,0,0,33,2,7,8,6,14.35,0,3,8,10,6,14.583333333333334,0,16.2,0.3,-0.92,Dropout
STU-02173,2,4,1,5,1,17,1,22,1,10,8,0,0,0,1,0,0,0,33,0,6,7,6,15.0,0,0,6,8,3,11.0,0,11.1,0.6,2.02,Graduate
STU-04320,1,8,1,15,1,1,1,13,28,10,10,1,0,0,1,1,1,0,19,0,6,9,5,12.4,0,0,6,6,6,13.166666666666666,0,12.7,3.7,-1.7,Graduate
STU-02045,1,15,1,6,1,14,1,1,14,4,4,1,0,0,1,0,0,0,21,2,6,7,6,13.0,0,1,6,15,4,12.8,0,12.4,0.5,1.79,Graduate
STU-01866,1,12,1,17,0,1,1,1,1,4,8,0,0,0,1,1,0,0,26,0,5,5,5,12.4,0,0,5,5,5,12.4,0,15.5,2.8,-4.06,Graduate
STU-02647,1,14,1,5,1,1,1,3,29,4,8,0,0,0,1,1,0,0,26,5,7,8,7,13.285714285714286,0,3,8,11,7,12.142857142857142,0,12.4,0.5,1.79,Enrolled
STU-01782,1,1,5,5,1,1,1,1,14,4,4,1,0,0,1,1,1,0,21,0,6,6,6,13.5,0,0,6,6,6,11.166666666666666,0,11.1,0.6,2.02,Graduate
STU-00957,1,8,1,15,1,1,1,13,27,10,10,0,0,0,1,1,1,0,19,0,6,6,6,12.0,0,0,6,7,6,11.666666666666666,0,16.2,0.3,-0.92,Graduate
STU-01187,2,4,1,12,1,3,1,22,14,10,8,1,0,0,1,0,0,0,45,7,11,11,11,12.7,0,6,10,12,10,12.96818181818182,0,13.9,-0.3,0.79,Enrolled
STU-01878,1,1,5,12,1,1,1,22,14,5,5,1,0,0,1,1,0,0,18,0,7,0,0,0.0,0,0,8,0,0,0.0,0,7.6,2.6,0.32,Dropout
STU-01586,1,1,1,2,1,1,1,17,28,10,9,1,0,0,1,1,0,0,20,0,0,0,0,0.0,0,0,0,0,0,0.0,0,7.6,2.6,0.32,Graduate
STU-02668,2,12,1,17,0,12,1,13,14,5,5,0,0,0,0,1,0,0,49,0,5,8,2,11.0,0,0,5,5,1,11.0,0,15.5,2.8,-4.06,Dropout
STU-00851,1,1,6,12,1,1,1,3,3,2,2,1,0,0,1,0,0,0,19,0,7,9,7,13.761111111111113,0,0,8,11,7,12.82375,0,15.5,2.8,-4.06,Graduate
STU-01889,1,5,1,6,1,1,9,2,14,3,9,0,0,0,1,0,0,1,18,0,6,8,6,15.0,0,0,6,10,5,14.333333333333334,0,11.1,0.6,2.02,Graduate
STU-02808,1,1,1,14,1,1,1,10,10,6,8,1,0,0,1,0,0,0,18,0,6,8,6,14.625,0,0,6,9,6,14.142857142857142,0,11.1,0.6,2.02,Enrolled
STU-02180,1,1,3,15,1,1,1,23,27,6,6,1,0,0,1,0,0,0,19,0,6,8,6,12.666666666666666,0,0,6,7,6,12.714285714285714,0,9.4,-0.8,-3.12,Graduate
STU-02747,1,1,1,12,1,1,1,22,28,29,35,1,0,1,1,1,0,0,20,0,7,7,7,12.401428571428571,0,0,8,10,6,11.808333333333332,0,11.1,0.6,2.02,Enrolled
STU-04264,2,12,1,17,0,9,1,22,1,10,5,0,0,0,1,1,0,0,30,0,5,7,3,11.666666666666666,0,0,5,8,1,11.0,0,7.6,2.6,0.32,Dropout
STU-00505,1,1,2,12,1,1,1,22,1,8,8,1,0,0,1,0,1,0,18,0,8,12,7,11.721428571428572,0,0,8,12,7,11.721428571428572,0,12.7,3.7,-1.7,Graduate
STU-00763,2,14,3,3,0,12,1,22,27,10,10,1,0,0,1,1,0,0,41,5,9,11,9,12.0,0,3,7,8,6,12.0,0,9.4,-0.8,-3.12,Graduate
STU-03574,1,1,2,7,1,1,1,13,14,10,10,1,0,0,1,1,0,0,18,0,5,5,0,0.0,0,0,5,5,0,0.0,0,9.4,-0.8,-3.12,Enrolled
STU-02143,1,8,1,10,1,1,1,1,1,10,10,1,0,0,1,0,0,0,21,0,6,8,6,12.166666666666666,0,0,6,7,6,13.285714285714286,0,11.1,0.6,2.02,Graduate
STU-02176,1,1,1,2,1,1,1,13,28,10,2,1,0,0,1,0,0,0,18,0,0,0,0,0.0,0,0,0,0,0,0.0,0,9.4,-0.8,-3.12,Graduate
STU-00669,1,8,5,12,1,1,1,1,14,5,9,1,0,0,1,0,0,0,19,0,7,0,0,0.0,0,0,8,0,0,0.0,0,12.4,0.5,1.79,Dropout
STU-04160,1,1,1,14,1,1,1,13,14,6,10,1,0,0,1,0,1,0,18,0,6,6,6,13.5,0,0,6,9,6,13.666666666666666,0,10.8,1.4,1.74,Graduate
STU-01919,1,1,2,5,1,1,1,13,27,10,10,1,0,0,1,0,1,0,22,0,6,10,5,10.8,0,0,6,7,5,12.8,0,12.7,3.7,-1.7,Graduate
STU-00573,1,8,6,7,1,1,1,13,3,6,11,1,0,0,1,1,0,0,19,0,5,10,3,10.5,0,0,5,11,3,10.8,0,12.4,0.5,1.79,Dropout
STU-04193,1,8,2,16,1,1,1,22,27,6,7,1,0,0,1,0,0,0,22,0,6,9,4,12.25,0,0,6,8,5,11.6,0,10.8,1.4,1.74,Enrolled
STU-00111,1,1,1,10,1,1,1,22,27,7,8,1,0,0,1,0,0,0,18,0,6,8,6,13.857142857142858,0,0,6,6,6,15.0,0,13.9,-0.3,0.79,Graduate
STU-00527,1,12,1,7,1,12,1,13,14,6,4,1,0,0,1,1,0,0,24,0,5,9,1,12.0,0,0,5,6,3,10.5,0,10.8,1.4,1.74,Enrolled
STU-04376,1,14,1,17,0,1,1,22,27,10,10,1,0,0,1,0,0,0,27,0,5,5,0,0.0,0,0,5,5,0,0.0,0,7.6,2.6,0.32,Dropout
STU-02987,1,14,2,16,1,1,1,13,1,6,5,1,0,0,1,0,0,0,20,0,6,10,4,12.25,0,0,6,8,4,11.5,0,10.8,1.4,1.74,Enrolled
STU-03539,1,8,5,11,1,1,1,13,27,6,6,1,0,0,1,1,0,0,19,0,6,12,4,12.5,0,0,6,12,4,10.25,0,7.6,2.6,0.32,Dropout
STU-01001,1,8,3,5,1,1,1,23,1,6,6,0,1,0,1,0,0,0,18,0,6,0,0,0.0,0,0,6,0,0,0.0,0,15.5,2.8,-4.06,Dropout
STU-02656,1,12,1,12,1,1,1,22,27,10,10,0,0,0,1,1,0,0,25,0,8,11,6,12.675,0,0,8,11,6,12.675,0,12.7,3.7,-1.7,Graduate
STU-03958,1,8,1,6,1,1,1,22,28,8,10,0,0,0,1,0,0,0,19,0,5,11,4,13.6,2,0,5,9,4,12.2,0,9.4,-0.8,-3.12,Graduate
STU-03673,1,15,1,6,1,14,1,13,27,5,8,1,0,0,1,0,0,0,19,2,6,8,6,14.142857142857142,0,1,6,7,6,13.0,0,13.9,-0.3,0.79,Graduate
STU-04026,4,1,1,17,0,1,1,22,27,10,8,0,0,0,1,0,1,0,38,0,5,8,5,11.0,0,0,5,7,5,11.4,0,9.4,-0.8,-3.12,Enrolled
STU-01266,1,1,6,12,1,1,1,1,1,5,6,1,0,0,1,0,1,0,18,0,8,8,8,13.42375,0,0,8,8,8,13.42375,0,9.4,-0.8,-3.12,Graduate
STU-01501,1,1,1,5,1,1,1,23,27,4,4,0,0,0,1,1,0,0,18,0,6,6,6,14.0,0,0,6,7,6,13.857142857142858,0,8.9,1.4,3.51,Graduate
STU-02235,1,8,2,11,1,1,1,13,14,6,8,0,0,0,1,1,1,0,18,0,6,12,3,10.666666666666666,0,0,6,9,4,12.0,0,15.5,2.8,-4.06,Enrolled
STU-00925,4,12,1,17,0,1,1,22,27,10,10,0,0,0,1,0,0,0,37,0,5,14,2,10.0,0,0,5,7,3,11.333333333333334,0,12.7,3.7,-1.7,Enrolled
STU-01734,2,12,1,3,0,1,1,22,3,10,11,0,0,0,1,1,0,0,44,5,11,21,9,12.333333333333334,0,8,11,16,9,11.0,0,12.4,0.5,1.79,Enrolled
STU-03710,1,8,2,14,1,1,1,1,14,6,4,1,0,0,1,1,0,0,21,0,5,7,3,12.333333333333334,0,0,5,5,4,11.25,0,7.6,2.6,0.32,Dropout
STU-01912,1,1,2,12,1,1,1,22,27,6,8,1,0,0,1,0,0,0,20,0,8,8,8,12.48375,0,0,8,8,8,12.48375,0,9.4,-0.8,-3.12,Graduate
STU-00029,1,1,1,9,1,1,1,13,1,10,10,1,0,0,1,0,0,0,20,0,5,6,5,12.0,0,0,5,6,5,12.333333333333334,0,16.2,0.3,-0.92,Graduate
STU-01291,1,8,2,7,1,1,1,1,14,10,9,0,0,0,1,1,1,0,18,0,5,8,4,13.5,0,0,6,10,6,13.625,0,11.1,0.6,2.02,Enrolled
STU-04234,1,1,5,12,1,1,1,23,28,10,6,1,0,0,1,0,0,0,19,0,8,8,7,14.992857142857142,0,0,8,8,7,14.992857142857142,0,10.8,1.4,1.74,Graduate
STU-01795,1,14,1,12,1,1,1,13,27,27,42,1,0,0,1,0,0,0,21,0,7,12,4,13.125,0,0,7,8,6,12.333333333333334,0,13.9,-0.3,0.79,Enrolled
STU-03831,1,1,3,12,1,1,1,1,1,5,5,1,0,0,1,1,0,0,18,0,8,8,7,12.365714285714288,0,0,8,8,7,12.365714285714288,0,10.8,1.4,1.74,Graduate
STU-00646,1,1,1,9,1,1,1,13,27,10,10,1,0,0,1,0,1,0,19,0,5,8,2,10.5,0,0,5,11,3,13.333333333333334,0,7.6,2.6,0.32,Enrolled
STU-00273,1,8,1,9,1,1,1,10,14,5,9,1,0,0,1,0,0,0,20,0,5,10,5,13.5,0,0,5,8,5,12.333333333333334,0,13.9,-0.3,0.79,Graduate
STU-03419,1,1,1,16,1,1,1,23,27,10,10,1,0,0,1,0,1,0,19,0,7,7,7,13.285714285714286,0,0,7,7,7,14.428571428571429,0,11.1,0.6,2.02,Graduate
STU-01157,1,8,1,11,1,1,1,23,27,10,8,1,0,0,0,0,0,0,19,0,6,9,3,11.666666666666666,0,0,6,15,1,10.0,0,10.8,1.4,1.74,Dropout
STU-00372,4,12,1,17,0,1,1,23,14,10,8,0,0,0,1,0,1,0,31,0,5,11,4,11.25,0,0,5,10,4,10.833333333333334,0,13.9,-0.3,0.79,Enrolled
STU-02336,1,8,4,5,1,1,1,1,1,4,4,1,0,0,1,1,1,0,19,0,6,6,6,12.833333333333334,0,0,6,7,6,11.166666666666666,0,11.1,0.6,2.02,Graduate
STU-01773,1,1,2,15,1,1,1,1,1,10,10,1,0,0,1,0,1,0,19,0,6,7,6,13.5,0,0,6,7,6,14.428571428571429,0,16.2,0.3,-0.92,Graduate
STU-02181,1,8,1,2,1,1,1,23,28,8,8,1,0,0,1,0,0,0,19,0,0,0,0,0.0,0,0,0,0,0,0.0,0,15.5,2.8,-4.06,Dropout
STU-01625,1,13,1,16,1,1,1,1,14,5,8,0,0,0,1,0,0,0,24,9,13,17,10,11.5,0,7,13,18,9,10.444444444444445,0,16.2,0.3,-0.92,Dropout
STU-03252,1,8,4,9,1,1,1,23,27,7,8,1,0,0,1,0,1,0,18,0,5,12,4,10.714285714285714,0,0,5,9,4,11.0,0,13.9,-0.3,0.79,Graduate
STU-04141,4,4,1,10,1,15,1,19,24,13,13,0,0,1,1,0,0,0,41,0,6,0,0,0.0,0,0,6,0,0,0.0,0,11.1,0.6,2.02,Dropout
STU-03764,1,1,1,10,1,1,1,1,14,5,10,0,0,0,1,0,1,0,20,0,6,6,6,11.666666666666666,0,0,6,8,6,11.166666666666666,0,15.5,2.8,-4.06,Graduate
STU-04091,2,12,1,3,0,1,1,19,24,1,1,0,0,0,1,0,0,0,33,0,6,10,5,11.4,0,1,6,7,6,11.166666666666666,0,7.6,2.6,0.32,Graduate
STU-00008,1,9,4,11,1,1,1,22,27,10,10,1,0,0,0,1,0,0,22,0,5,5,0,0.0,0,0,5,5,0,0.0,0,15.5,2.8,-4.06,Dropout
STU-00401,1,8,4,5,1,1,1,1,3,4,4,0,0,0,1,0,1,0,18,0,6,9,5,11.6,0,0,6,8,4,11.2,0,8.9,1.4,3.51,Enrolled
STU-01493,1,15,1,8,1,14,1,3,4,3,3,1,0,0,1,1,0,0,20,0,6,15,4,10.75,0,0,6,12,2,10.5,0,13.9,-0.3,0.79,Dropout
STU-02639,1,8,1,9,1,1,1,22,28,10,8,1,0,0,1,1,0,0,18,0,5,5,5,13.4,0,0,5,6,5,12.2,0,11.1,0.6,2.02,Graduate
STU-04269,1,1,2,17,0,1,1,5,1,5,5,0,0,0,1,1,0,0,19,0,5,11,4,11.0,0,0,5,8,4,12.25,0,15.5,2.8,-4.06,Dropout
STU-03043,1,8,4,14,1,1,1,1,27,8,8,1,0,0,0,0,0,0,18,0,6,6,6,12.333333333333334,0,0,6,8,5,13.6,0,8.9,1.4,3.51,Graduate
STU-01731,1,1,3,9,1,1,1,3,3,6,11,0,0,0,1,1,0,0,20,0,5,7,5,11.6,0,0,5,5,5,12.8,0,12.4,0.5,1.79,Graduate
STU-02772,1,1,4,12,1,1,1,22,27,10,10,1,0,0,1,0,0,0,18,0,8,8,8,13.045,0,0,8,8,8,13.045,0,9.4,-0.8,-3.12,Graduate
STU-00013,1,1,2,16,1,1,1,13,27,5,10,1,0,0,1,0,0,0,19,0,6,6,0,0.0,0,0,6,0,0,0.0,0,12.7,3.7,-1.7,Dropout
STU-01574,5,12,1,4,1,1,1,22,27,10,8,0,0,1,0,0,0,0,28,0,6,17,5,13.0,0,0,6,11,4,11.75,0,13.9,-0.3,0.79,Dropout
STU-04223,1,1,1,10,1,1,1,13,1,10,10,1,0,0,1,0,0,0,20,0,6,7,6,13.5,0,0,6,6,6,13.0,0,10.8,1.4,1.74,Graduate
STU-02673,1,1,2,11,1,1,1,13,1,10,9,0,0,0,1,1,0,0,21,0,6,8,3,12.0,0,0,6,9,1,11.0,0,15.5,2.8,-4.06,Dropout
STU-01434,1,7,3,5,1,1,1,1,28,5,9,1,0,0,1,0,0,0,19,0,6,6,6,15.333333333333334,0,0,6,9,6,15.833333333333334,0,12.7,3.7,-1.7,Graduate
STU-02241,1,12,1,11,1,1,1,3,1,4,5,0,0,0,1,1,0,0,28,0,6,10,6,13.0,0,0,6,8,5,12.2,0,13.9,-0.3,0.79,Graduate
STU-02423,1,12,1,4,1,1,1,22,27,10,10,1,0,0,1,1,0,0,43,0,6,9,6,14.77777777777778,0,0,6,11,5,12.2,0,13.9,-0.3,0.79,Graduate
STU-03778,1,1,1,5,1,1,1,13,2,8,4,1,0,0,1,0,0,0,19,0,6,6,6,13.166666666666666,0,0,6,6,6,12.666666666666666,0,15.5,2.8,-4.06,Graduate
STU-03772,1,15,1,4,1,14,1,1,1,5,4,1,0,0,1,0,0,0,20,0,6,10,5,11.666666666666666,0,0,6,7,5,12.6,0,12.4,0.5,1.79,Graduate
STU-01587,1,1,1,9,1,1,1,23,27,8,8,1,0,0,1,0,0,0,18,0,5,8,4,12.0,0,0,5,8,4,12.25,0,9.4,-0.8,-3.12,Enrolled
STU-01183,1,1,3,12,1,1,1,13,14,6,6,1,0,0,1,0,0,0,19,0,7,9,7,12.60625,0,0,8,12,6,11.9,0,12.4,0.5,1.79,Graduate
STU-00755,1,1,3,5,1,1,1,22,27,10,10,1,0,0,1,1,1,0,20,0,6,6,6,15.5,0,0,6,7,6,12.166666666666666,0,12.4,0.5,1.79,Graduate
STU-01163,1,8,3,12,1,1,1,23,1,10,6,1,0,0,1,0,0,0,18,0,8,8,7,14.652857142857142,0,0,8,8,7,14.652857142857142,0,10.8,1.4,1.74,Graduate
STU-01297,1,12,2,14,1,1,1,19,24,1,1,1,0,0,1,1,0,0,26,0,5,5,0,0.0,0,0,5,5,0,0.0,0,7.6,2.6,0.32,Dropout
STU-03512,1,15,1,8,1,14,1,1,14,5,8,0,0,0,1,1,0,0,20,2,6,12,5,12.4,0,1,6,11,2,15.0,0,13.9,-0.3,0.79,Enrolled
STU-01109,1,16,1,17,0,16,1,13,27,6,10,0,0,0,0,0,0,0,22,7,12,12,7,11.0,0,5,5,5,5,10.6,0,8.9,1.4,3.51,Dropout
STU-01047,1,1,3,15,1,1,1,3,28,3,11,1,0,0,1,0,0,0,19,0,6,8,6,13.166666666666666,0,0,6,7,6,13.166666666666666,0,10.8,1.4,1.74,Dropout
STU-01346,1,1,3,6,1,1,1,1,3,5,5,1,0,0,1,0,0,0,18,0,6,8,6,14.0,0,0,6,9,6,13.333333333333334,0,8.9,1.4,3.51,Graduate
STU-03287,1,4,1,13,1,17,1,23,14,10,10,0,0,0,1,1,0,0,36,0,7,16,1,12.0,0,0,7,13,0,0.0,1,11.1,0.6,2.02,Dropout
STU-03836,2,12,1,4,1,1,1,2,2,2,5,0,0,0,1,1,0,0,30,3,12,12,3,12.0,0,5,12,16,5,11.8,0,15.5,2.8,-4.06,Dropout
STU-04032,1,1,1,2,1,1,1,13,28,10,9,1,0,0,1,1,1,0,19,6,12,12,12,13.333333333333334,0,4,11,15,10,12.818181818181818,0,8.9,1.4,3.51,Enrolled
STU-02657,1,7,1,2,1,1,1,1,3,6,11,1,0,0,1,1,0,0,19,0,0,0,0,0.0,0,0,0,0,0,0.0,0,13.9,-0.3,0.79,Graduate
STU-04258,1,8,5,14,1,1,1,1,14,6,6,0,0,0,1,0,0,0,21,0,5,7,3,12.666666666666666,0,0,5,6,4,12.75,1,7.6,2.6,0.32,Enrolled
STU-03412,1,8,4,12,1,1,1,23,27,10,6,1,0,0,1,0,0,0,19,0,8,8,7,12.454285714285716,0,0,8,8,7,12.454285714285716,0,10.8,1.4,1.74,Graduate
STU-02534,1,8,1,8,1,1,1,2,14,3,7,1,0,0,1,0,1,0,18,0,6,7,6,12.833333333333334,1,0,6,8,6,13.0,0,8.9,1.4,3.51,Enrolled
STU-02309,1,1,1,12,1,1,1,13,1,12,12,0,0,0,1,1,0,0,18,0,8,8,0,0.0,3,0,8,8,0,0.0,3,10.8,1.4,1.74,Dropout
STU-03396,1,17,1,6,1,16,1,13,27,5,10,1,0,0,1,0,0,0,20,7,11,15,11,13.785714285714286,0,4,9,9,9,13.88888888888889,0,8.9,1.4,3.51,Graduate
STU-00205,1,8,2,10,1,1,1,13,27,10,9,0,0,0,1,0,1,0,18,0,6,11,5,11.142857142857142,0,0,6,11,4,11.25,0,16.2,0.3,-0.92,Graduate
STU-02552,1,8,3,5,1,1,1,3,3,5,5,1,0,0,1,0,1,0,20,0,6,6,6,12.5,0,0,6,6,6,14.333333333333334,0,12.7,3.7,-1.7,Enrolled
STU-04285,1,12,2,13,1,1,1,22,14,10,9,0,0,0,1,1,1,0,24,0,7,13,6,10.857142857142858,0,0,7,7,7,11.857142857142858,0,12.7,3.7,-1.7,Enrolled
STU-02915,6,12,2,9,1,1,1,22,27,10,10,0,0,0,1,0,0,0,47,0,5,0,0,0.0,0,0,5,0,0,0.0,0,9.4,-0.8,-3.12,Dropout
STU-01420,1,12,1,8,1,1,1,23,28,10,11,0,0,0,1,0,0,0,24,0,6,9,6,12.571428571428571,0,0,6,10,5,12.833333333333334,0,11.1,0.6,2.02,Dropout
STU-04097,4,12,1,3,0,12,1,22,27,10,10,0,0,0,1,0,1,0,39,0,6,6,6,13.833333333333334,0,0,6,6,6,15.5,0,11.1,0.6,2.02,Graduate
STU-02795,4,12,1,17,0,1,1,22,27,10,10,0,0,0,1,1,0,0,29,0,5,5,0,0.0,0,0,5,5,0,0.0,0,7.6,2.6,0.32,Enrolled
STU-03467,1,1,1,9,1,1,1,23,14,4,11,1,0,0,1,0,0,0,20,0,5,5,4,12.0,0,0,4,4,2,11.5,0,7.6,2.6,0.32,Enrolled
STU-01876,1,1,1,12,1,1,1,22,27,10,10,0,0,0,1,1,0,0,24,0,7,7,6,13.3,0,0,7,7,6,13.3,0,7.6,2.6,0.32,Graduate
STU-01932,1,8,1,14,1,1,1,23,28,6,8,1,0,0,1,0,0,0,19,0,6,7,6,14.571428571428571,0,0,6,7,6,12.333333333333334,0,12.4,0.5,1.79,Graduate
STU-04405,2,12,1,8,1,12,1,2,1,9,9,1,0,1,0,1,0,0,28,0,6,12,1,11.0,0,0,6,9,2,10.5,0,16.2,0.3,-0.92,Dropout
STU-02320,1,8,1,11,1,1,1,1,1,5,9,0,0,0,1,1,0,0,20,0,6,7,6,13.714285714285714,0,0,6,8,6,14.714285714285714,0,16.2,0.3,-0.92,Graduate
STU-01517,1,4,1,12,1,5,1,13,1,5,2,1,0,0,0,0,0,0,39,0,7,0,0,0.0,0,0,8,0,0,0.0,0,12.4,0.5,1.79,Dropout
STU-04241,1,16,1,6,1,1,1,1,1,10,5,0,0,0,1,0,0,0,22,0,6,8,6,14.833333333333334,0,0,6,10,5,13.833333333333334,0,11.1,0.6,2.02,Graduate
STU-01971,1,16,1,10,1,1,1,13,3,6,3,0,0,1,1,0,0,0,20,5,11,18,8,12.625,0,4,10,10,3,11.0,0,11.1,0.6,2.02,Enrolled
STU-00454,1,8,4,6,1,1,1,13,27,5,8,0,0,0,1,0,0,0,19,0,5,11,5,11.714285714285714,2,0,5,6,5,12.6,0,9.4,-0.8,-3.12,Graduate
STU-00696,1,1,1,9,1,1,1,3,1,6,6,1,0,1,1,1,0,0,18,0,5,15,4,13.333333333333334,0,0,5,6,2,13.5,0,13.9,-0.3,0.79,Dropout
STU-03877,1,8,1,12,1,1,1,1,1,5,11,0,0,0,1,0,0,0,19,0,7,7,7,13.44285714285714,0,0,8,8,7,13.771428571428572,0,13.9,-0.3,0.79,Dropout
STU-00554,1,8,3,7,1,1,1,1,2,4,3,1,0,0,1,1,0,0,19,0,5,10,2,11.0,0,0,6,10,0,0.0,0,11.1,0.6,2.02,Dropout
STU-00856,1,1,3,15,1,1,1,1,29,5,2,1,1,0,1,1,0,0,21,0,6,6,5,11.8,0,0,6,9,0,0.0,0,16.2,0.3,-0.92,Dropout
STU-01191,1,4,2,8,1,3,1,19,24,1,1,0,0,0,1,0,0,0,25,0,5,9,0,0.0,4,0,5,9,0,0.0,3,10.8,1.4,1.74,Dropout
STU-02339,1,8,5,7,1,1,1,23,28,6,10,1,0,1,1,1,0,0,20,0,5,5,4,14.5,0,0,6,8,3,13.333333333333334,0,11.1,0.6,2.02,Dropout
STU-01730,2,14,1,17,0,1,1,22,27,10,10,0,0,0,1,1,0,0,37,7,12,13,12,12.25,0,8,13,13,13,12.846153846153848,0,9.4,-0.8,-3.12,Graduate
STU-04274,1,8,2,6,1,1,1,3,14,3,10,0,0,0,1,1,0,0,18,0,5,5,3,14.0,0,0,5,7,3,12.666666666666666,0,7.6,2.6,0.32,Enrolled
STU-00586,1,1,1,9,1,1,1,1,14,4,4,0,0,0,1,0,1,0,18,0,5,5,5,15.0,0,0,5,5,5,15.2,0,12.7,3.7,-1.7,Graduate
STU-02073,1,1,1,14,1,1,1,23,28,6,10,1,0,0,1,0,0,0,20,0,6,9,6,13.285714285714286,0,0,6,8,5,13.8,0,15.5,2.8,-4.06,Graduate
STU-04105,1,1,1,10,1,1,1,22,28,10,11,0,0,0,1,0,0,0,18,0,6,9,6,13.714285714285714,0,0,6,6,6,14.166666666666666,0,13.9,-0.3,0.79,Graduate
STU-03985,1,12,1,4,1,1,1,23,28,10,7,0,0,1,0,0,0,0,28,0,6,6,0,0.0,0,0,6,7,0,0.0,0,8.9,1.4,3.51,Dropout
STU-02775,1,1,4,12,1,1,1,10,1,6,11,0,0,0,1,0,1,0,19,0,7,9,5,14.06,0,0,7,9,7,11.242857142857142,0,12.4,0.5,1.79,Enrolled
STU-00439,1,1,5,14,1,1,1,7,1,3,5,1,0,0,1,0,0,0,19,0,6,0,0,0.0,0,0,6,0,0,0.0,0,7.6,2.6,0.32,Dropout
STU-00470,1,8,1,10,1,1,1,22,27,5,10,1,0,0,1,0,1,0,18,0,6,10,5,10.571428571428571,1,0,6,9,5,12.2,0,12.7,3.7,-1.7,Graduate
STU-03525,2,12,1,17,0,1,1,1,4,5,3,0,0,0,1,1,0,0,34,0,5,5,5,14.2,0,0,5,5,5,14.6,0,12.7,3.7,-1.7,Enrolled
STU-03085,1,1,1,5,1,1,1,22,14,10,4,1,0,0,1,0,0,0,20,0,6,8,5,12.2,0,0,6,6,6,11.5,0,16.2,0.3,-0.92,Graduate
STU-01391,1,1,2,12,1,1,1,1,1,3,8,1,0,0,1,0,1,0,18,0,8,8,8,13.88125,0,0,8,8,8,13.88125,0,9.4,-0.8,-3.12,Graduate
STU-04391,1,12,1,6,1,1,1,23,28,10,10,1,0,0,1,0,0,0,24,0,5,6,5,12.0,0,0,5,5,5,13.0,0,10.8,1.4,1.74,Graduate
STU-00915,1,12,1,12,1,1,1,22,27,10,7,0,0,0,1,0,0,0,32,0,7,0,0,0.0,0,0,8,0,0,0.0,0,13.9,-0.3,0.79,Dropout
STU-02519,1,8,1,11,1,1,1,13,29,6,5,0,0,0,1,0,1,0,18,0,6,8,6,12.666666666666666,0,0,6,6,6,13.0,0,13.9,-0.3,0.79,Graduate
STU-02085,1,1,1,15,1,1,1,13,27,10,10,0,0,0,1,0,1,0,19,0,6,7,6,14.285714285714286,0,0,6,6,6,13.166666666666666,0,11.1,0.6,2.02,Graduate
STU-00323,1,1,1,12,1,1,1,1,1,6,2,0,0,0,1,0,0,0,19,0,7,7,7,14.3,0,0,8,9,8,14.055555555555555,0,16.2,0.3,-0.92,Graduate
STU-01475,1,8,1,7,1,1,1,1,3,10,11,1,0,0,1,1,0,0,20,0,5,7,4,12.0,0,0,5,8,2,12.5,0,10.8,1.4,1.74,Enrolled
STU-00176,1,1,1,14,1,1,1,22,27,10,10,1,0,0,1,0,1,0,18,0,5,6,3,11.666666666666666,0,0,5,6,4,13.5,0,7.6,2.6,0.32,Enrolled
STU-03912,2,15,1,3,0,14,1,22,14,10,11,0,0,0,1,0,0,0,33,3,6,7,6,15.714285714285714,0,2,6,7,6,15.5,0,13.9,-0.3,0.79,Graduate
STU-00680,1,1,1,2,1,1,14,3,3,3,6,1,0,0,1,0,1,1,19,0,0,0,0,0.0,0,0,0,0,0,0.0,0,13.9,-0.3,0.79,Graduate
STU-03982,1,1,2,6,1,1,1,25,4,3,3,1,0,0,1,0,0,0,18,0,6,7,6,15.666666666666666,0,0,6,6,6,14.833333333333334,0,8.9,1.4,3.51,Graduate
STU-00688,1,8,3,12,1,1,1,23,14,10,9,1,0,0,1,1,0,0,18,0,7,8,7,11.8375,0,0,8,9,8,12.48125,0,13.9,-0.3,0.79,Graduate
STU-02208,1,14,1,9,1,1,1,22,14,10,9,0,0,0,1,1,0,0,22,0,5,5,0,0.0,0,0,5,9,3,13.333333333333334,2,16.2,0.3,-0.92,Enrolled
STU-03723,1,12,1,4,1,9,1,13,1,10,2,0,0,0,1,1,0,0,29,0,6,17,0,0.0,2,0,6,8,0,0.0,0,15.5,2.8,-4.06,Dropout
STU-02335,1,1,1,14,1,1,1,23,27,10,10,0,0,0,1,1,1,0,18,0,6,7,6,13.571428571428571,0,0,6,6,6,14.333333333333334,0,12.4,0.5,1.79,Graduate
STU-04371,1,1,3,2,1,1,1,1,3,6,3,1,0,0,1,1,0,0,19,0,0,0,0,0.0,0,0,0,0,0,0.0,0,12.7,3.7,-1.7,Graduate
STU-01571,2,1,1,3,0,1,1,22,27,10,10,1,0,0,1,0,0,0,45,8,12,14,12,14.0,0,2,7,12,7,13.857142857142858,0,7.6,2.6,0.32,Enrolled
STU-03332,1,14,1,11,1,1,1,10,14,10,10,0,0,0,0,1,0,0,31,3,8,19,5,12.166666666666666,0,3,7,12,5,12.0,0,7.6,2.6,0.32,Dropout
STU-01716,1,8,2,12,1,1,1,1,14,5,11,1,0,0,1,0,0,0,19,0,8,8,8,13.3425,0,0,8,8,8,13.3425,0,9.4,-0.8,-3.12,Graduate
STU-02471,1,15,1,8,1,14,1,5,1,3,6,1,0,0,1,1,0,0,19,1,6,13,5,11.6,0,1,6,12,2,11.0,0,13.9,-0.3,0.79,Enrolled
STU-01504,2,12,1,12,1,1,1,22,27,29,42,0,0,0,1,0,0,0,35,0,7,11,5,13.34,0,0,7,9,5,10.84,0,12.4,0.5,1.79,Enrolled
STU-02738,1,1,1,8,1,1,1,3,1,3,5,1,0,1,1,0,0,0,18,0,6,13,6,10.857142857142858,0,0,6,10,4,11.0,0,15.5,2.8,-4.06,Dropout
STU-01408,1,1,2,15,1,1,1,23,1,10,10,1,0,0,1,0,0,0,19,0,6,6,5,12.2,0,0,6,7,5,10.8,0,10.8,1.4,1.74,Enrolled
STU-01111,1,15,1,4,1,14,1,23,28,7,7,0,0,0,1,0,0,0,19,0,6,7,6,12.0,0,0,6,7,6,12.666666666666666,0,12.4,0.5,1.79,Graduate
STU-03734,2,12,1,10,1,1,1,22,27,8,8,0,0,0,1,1,1,0,40,0,6,7,6,12.333333333333334,0,0,6,10,4,12.75,0,8.9,1.4,3.51,Dropout
STU-00616,1,1,6,12,1,1,1,1,27,10,10,1,0,0,1,0,1,0,18,0,8,8,7,13.857142857142858,0,0,8,8,7,13.857142857142858,0,12.7,3.7,-1.7,Graduate
STU-01065,1,1,1,16,1,1,1,13,1,6,11,1,0,1,1,0,0,0,18,0,6,9,5,13.6,0,0,6,10,4,11.75,0,9.4,-0.8,-3.12,Enrolled
STU-03082,1,1,6,12,1,1,1,13,27,4,6,1,0,1,1,1,1,0,20,0,7,7,7,13.314285714285717,0,0,8,8,8,12.575,0,12.4,0.5,1.79,Graduate
STU-00385,1,17,1,9,1,16,1,3,4,3,2,0,0,0,1,0,0,0,20,6,11,19,9,12.555555555555555,0,3,9,14,8,11.11111111111111,0,8.9,1.4,3.51,Graduate
STU-00091,1,12,1,12,1,1,1,1,1,5,11,0,0,0,1,1,0,0,24,0,7,18,0,0.0,0,0,7,7,0,0.0,0,13.9,-0.3,0.79,Dropout
STU-01038,1,1,1,10,1,1,1,1,3,5,3,0,0,0,1,0,0,0,18,0,6,6,6,14.0,0,0,6,6,6,13.166666666666666,0,10.8,1.4,1.74,Graduate
STU-02039,1,5,1,14,1,1,9,22,27,10,10,0,0,0,1,0,0,1,20,0,5,6,5,11.6,0,0,5,6,4,11.5,0,9.4,-0.8,-3.12,Graduate
STU-00639,1,8,3,10,1,1,1,1,1,5,6,0,0,0,1,0,0,0,19,0,6,11,5,11.2,0,0,6,13,5,11.6,0,15.5,2.8,-4.06,Graduate
STU-00719,2,13,1,17,0,6,1,22,27,10,10,0,0,0,1,1,0,0,37,0,5,10,5,15.8,0,0,5,5,5,17.6,0,9.4,-0.8,-3.12,Enrolled
STU-02728,1,8,2,12,1,1,1,23,14,6,8,1,0,0,1,0,1,0,18,0,8,8,7,14.312857142857142,0,0,8,8,7,14.312857142857142,0,10.8,1.4,1.74,Graduate
STU-00040,1,15,1,8,1,14,3,4,4,4,7,0,0,1,0,0,0,1,20,2,6,13,3,11.666666666666666,0,1,6,11,3,12.0,0,12.4,0.5,1.79,Dropout
STU-01798,1,1,3,6,1,1,1,23,1,10,10,1,0,0,1,0,1,0,18,0,5,8,3,15.0,2,0,5,9,3,11.666666666666666,0,9.4,-0.8,-3.12,Dropout
STU-00226,2,4,1,17,0,17,1,25,5,4,4,0,0,0,1,0,0,0,33,2,6,7,6,15.333333333333334,0,0,5,5,5,15.8,0,11.1,0.6,2.02,Graduate
STU-03067,1,15,1,5,1,14,1,1,1,5,11,1,0,0,1,0,0,0,19,2,7,11,6,12.0,0,5,9,9,8,12.75,0,16.2,0.3,-0.92,Graduate
STU-02580,1,1,1,10,1,1,1,22,27,10,10,0,0,0,1,0,0,0,18,0,6,6,6,13.0,0,0,6,6,6,12.833333333333334,0,10.8,1.4,1.74,Graduate
STU-03460,4,14,4,17,0,9,1,22,27,10,10,0,0,0,0,0,0,0,40,0,5,10,0,0.0,0,0,5,5,0,0.0,0,7.6,2.6,0.32,Dropout
STU-01273,2,1,1,9,1,1,1,23,27,10,9,1,0,0,1,0,0,0,34,0,5,7,2,10.0,0,0,5,6,4,12.0,0,7.6,2.6,0.32,Dropout
STU-01977,1,1,4,12,1,1,1,13,14,4,4,1,0,0,1,0,0,0,19,0,7,12,4,12.85,0,0,7,7,7,12.62142857142857,0,11.1,0.6,2.02,Enrolled
STU-02696,1,12,1,12,1,1,1,1,2,22,21,0,0,1,1,1,0,0,30,0,7,12,4,14.4,0,0,7,9,6,13.5,0,12.4,0.5,1.79,Enrolled
STU-04015,1,8,1,12,1,1,1,13,28,8,8,1,0,0,1,0,1,0,18,0,7,7,7,14.838571428571427,0,0,8,9,8,14.8,0,12.4,0.5,1.79,Graduate
STU-02554,1,8,1,17,0,1,1,19,24,1,1,1,0,1,1,1,0,0,33,0,5,8,2,10.5,0,0,5,5,0,0.0,0,7.6,2.6,0.32,Dropout
STU-00594,1,8,1,14,1,1,1,1,14,5,9,1,0,0,1,0,0,0,20,0,6,8,5,13.4,0,0,6,10,4,13.0,0,12.7,3.7,-1.7,Enrolled
STU-03969,1,15,1,6,1,14,1,3,14,3,5,1,0,0,1,0,0,0,22,1,6,9,6,13.0,0,1,6,18,3,12.666666666666666,0,12.4,0.5,1.79,Graduate
STU-00545,1,8,2,7,1,1,1,13,1,10,11,1,0,0,1,1,1,0,18,0,5,6,5,13.2,0,0,5,8,5,12.6,0,8.9,1.4,3.51,Enrolled
STU-00440,2,12,1,12,1,12,1,22,27,10,10,1,0,0,1,0,0,0,36,0,7,7,6,11.3,0,0,7,7,6,11.3,0,7.6,2.6,0.32,Graduate
STU-01825,1,1,1,10,1,1,1,3,3,4,4,0,0,0,1,0,0,0,20,0,6,6,6,14.5,0,0,6,6,6,12.666666666666666,0,12.4,0.5,1.79,Graduate
STU-00767,1,15,1,8,1,14,1,1,1,5,5,1,0,0,1,0,0,0,20,0,5,7,4,12.0,1,0,5,6,4,12.4,0,10.8,1.4,1.74,Enrolled
STU-01789,1,1,1,5,1,1,1,3,3,1,2,1,0,0,1,1,0,0,23,0,6,9,4,11.25,1,0,6,10,0,0.0,4,7.6,2.6,0.32,Dropout
STU-00877,1,8,1,5,1,1,1,23,14,10,10,0,0,0,1,1,1,0,21,0,6,8,4,11.5,0,0,6,7,5,11.0,0,15.5,2.8,-4.06,Dropout
STU-04238,1,1,4,12,1,1,1,13,27,8,8,1,0,0,1,1,0,0,20,0,7,7,6,13.016666666666666,0,0,7,7,6,13.016666666666666,0,7.6,2.6,0.32,Enrolled
STU-02306,1,1,3,5,1,1,1,22,27,10,10,1,0,0,1,1,1,0,22,0,6,6,6,11.666666666666666,0,0,6,6,6,12.166666666666666,0,7.6,2.6,0.32,Enrolled
STU-01040,1,1,1,16,1,1,1,3,1,3,6,0,0,0,1,0,0,0,18,0,6,9,5,12.333333333333334,0,0,6,10,5,10.6,0,15.5,2.8,-4.06,Enrolled
STU-02094,1,1,1,12,1,1,1,22,27,10,10,1,0,0,1,0,0,0,18,0,7,7,6,15.2,0,0,7,7,6,15.2,0,7.6,2.6,0.32,Graduate
STU-02465,2,12,1,17,0,1,1,22,14,10,10,0,0,1,0,1,0,0,29,0,5,7,4,11.25,0,0,5,8,4,11.8,0,10.8,1.4,1.74,Dropout
STU-00764,1,6,1,9,1,1,8,1,3,30,4,0,0,1,1,1,0,1,40,0,5,10,1,11.0,0,0,5,10,1,10.0,0,11.1,0.6,2.02,Enrolled
STU-01023,1,14,2,12,1,1,1,26,3,3,3,0,0,0,1,0,0,0,21,0,8,12,6,11.68,0,0,8,12,6,11.68,0,10.8,1.4,1.74,Graduate
STU-03791,1,1,2,12,1,1,1,13,14,5,8,1,0,0,1,1,0,0,18,0,7,9,7,14.594444444444443,0,0,8,10,8,13.472,0,15.5,2.8,-4.06,Graduate
STU-00490,1,1,3,12,1,1,1,23,28,6,6,1,0,0,1,0,1,0,19,0,7,9,6,11.814285714285717,0,0,8,8,7,13.542857142857144,0,13.9,-0.3,0.79,Graduate
STU-00535,1,15,1,2,1,14,1,4,4,3,3,0,0,0,1,1,0,0,25,0,0,0,0,0.0,0,0,0,0,0,0.0,0,15.5,2.8,-4.06,Graduate
STU-03756,1,9,4,12,1,1,1,3,1,4,5,1,0,0,1,0,0,0,18,0,7,8,7,13.6875,0,0,8,9,8,15.622222222222222,0,13.9,-0.3,0.79,Dropout
STU-03838,1,8,1,9,1,1,1,3,28,2,10,0,0,0,0,1,0,0,19,0,5,13,4,10.0,0,0,5,7,3,11.333333333333334,0,15.5,2.8,-4.06,Dropout
STU-03841,1,1,1,11,1,1,1,22,27,10,10,0,0,0,1,1,1,0,19,0,6,7,6,11.166666666666666,0,0,6,12,3,11.666666666666666,0,10.8,1.4,1.74,Enrolled
STU-02263,1,1,1,11,1,1,1,2,1,3,4,0,0,0,1,1,0,0,34,0,6,13,2,13.5,0,0,6,6,0,0.0,0,15.5,2.8,-4.06,Dropout
STU-01717,1,1,4,12,1,1,1,23,28,8,8,1,0,0,1,0,1,0,20,0,7,10,7,14.175,0,0,8,14,6,13.03125,0,15.5,2.8,-4.06,Graduate
STU-03947,1,8,2,2,1,1,1,3,1,3,7,1,0,0,1,0,1,0,18,0,0,0,0,0.0,0,0,0,0,0,0.0,0,15.5,2.8,-4.06,Graduate
STU-04350,1,1,5,12,1,1,1,23,14,10,7,1,0,0,1,0,0,0,20,0,8,12,7,12.471428571428572,0,0,8,12,7,12.471428571428572,0,12.7,3.7,-1.7,Graduate
STU-01529,1,6,1,11,1,1,12,13,1,10,8,1,0,0,0,0,0,1,21,0,6,6,6,11.5,0,0,6,10,4,13.25,0,13.9,-0.3,0.79,Graduate
STU-02525,1,8,4,10,1,1,1,1,14,10,6,1,0,0,1,0,1,0,19,0,6,12,6,11.666666666666666,0,0,6,7,0,0.0,0,15.5,2.8,-4.06,Dropout
STU-02732,1,1,1,10,1,1,1,2,10,4,11,1,0,0,1,0,0,0,20,0,6,6,6,12.166666666666666,0,0,6,7,6,12.142857142857142,0,11.1,0.6,2.02,Graduate
STU-03921,1,1,5,10,1,1,1,23,1,10,6,1,0,0,1,0,1,0,19,0,6,8,6,11.0,0,0,6,13,3,11.0,0,9.4,-0.8,-3.12,Graduate
STU-01125,1,1,1,15,1,1,1,23,27,10,10,0,0,0,1,0,1,0,19,0,6,6,6,12.833333333333334,0,0,6,6,6,13.5,0,16.2,0.3,-0.92,Graduate
STU-01833,1,8,2,9,1,1,1,22,14,10,9,1,0,0,1,0,1,0,18,0,5,8,5,11.8,0,0,5,10,5,11.6,3,16.2,0.3,-0.92,Graduate
STU-01480,1,1,1,6,1,1,1,1,1,5,10,1,0,0,1,1,1,0,20,0,6,10,4,13.2,0,0,6,8,0,0.0,0,12.4,0.5,1.79,Dropout
STU-03444,1,1,2,15,1,1,1,1,14,10,10,0,0,0,1,0,0,0,18,0,6,6,6,13.833333333333334,0,0,6,6,6,12.666666666666666,0,10.8,1.4,1.74,Graduate
STU-00577,1,1,2,12,1,1,1,3,1,10,10,0,0,0,1,1,0,0,19,0,8,8,7,13.828571428571427,0,0,8,8,7,13.828571428571427,0,12.7,3.7,-1.7,Graduate
STU-00167,3,12,1,4,1,1,1,1,27,7,7,0,0,1,1,0,0,0,47,0,1,1,0,0.0,0,0,6,0,0,0.0,0,8.9,1.4,3.51,Enrolled
STU-03834,1,1,1,10,1,1,1,23,14,9,11,1,0,0,1,1,0,0,19,0,6,0,0,0.0,0,0,6,0,0,0.0,0,16.2,0.3,-0.92,Dropout
STU-01778,2,12,1,17,0,1,1,22,10,10,10,0,0,1,1,1,0,0,35,0,5,6,5,10.8,0,0,5,7,5,12.0,2,9.4,-0.8,-3.12,Dropout
STU-02741,1,1,2,5,1,1,1,13,28,10,10,1,0,0,1,0,1,0,19,0,6,6,6,14.166666666666666,0,0,6,8,6,12.375,0,10.8,1.4,1.74,Graduate
STU-04288,1,15,1,6,1,14,1,1,1,5,5,0,0,0,1,1,0,0,21,1,5,15,3,12.333333333333334,2,0,5,7,5,11.4,0,9.4,-0.8,-3.12,Graduate
STU-02426,1,12,2,9,1,13,1,13,28,10,10,0,0,0,0,1,0,0,26,0,4,4,0,0.0,0,0,5,0,0,0.0,0,12.7,3.7,-1.7,Dropout
STU-02017,1,12,1,11,1,1,1,3,1,7,7,1,0,0,1,0,0,0,24,0,6,8,5,12.6,0,0,6,7,5,12.2,0,9.4,-0.8,-3.12,Graduate
STU-02392,1,14,1,4,1,1,1,22,1,6,5,0,0,0,1,1,0,0,25,8,14,24,8,12.5,2,6,13,23,10,11.6,0,15.5,2.8,-4.06,Dropout
STU-03470,1,1,5,12,1,1,1,22,27,8,8,1,0,0,1,0,1,0,19,0,8,8,7,12.771428571428572,1,0,8,8,7,12.771428571428572,1,9.4,-0.8,-3.12,Enrolled
STU-01530,1,5,1,12,1,1,10,3,3,3,10,1,0,1,0,0,0,1,23,0,8,11,7,11.328571428571427,0,0,8,11,7,11.328571428571427,0,12.7,3.7,-1.7,Dropout
STU-01712,1,1,3,12,1,1,1,13,14,6,5,1,0,0,1,0,1,0,20,0,8,8,8,13.38125,0,0,8,8,8,13.38125,0,9.4,-0.8,-3.12,Graduate
STU-03156,1,1,2,9,1,1,1,22,27,10,10,0,0,0,1,0,0,0,18,0,5,8,2,10.0,0,0,5,9,3,11.333333333333334,0,7.6,2.6,0.32,Enrolled
STU-01451,1,8,1,8,1,1,1,2,1,5,2,0,0,0,1,1,0,0,18,0,6,9,6,12.0,0,0,6,10,5,12.166666666666666,0,11.1,0.6,2.02,Dropout
STU-03807,1,1,3,5,1,1,1,19,27,6,8,1,0,0,1,0,0,0,20,0,6,6,6,13.666666666666666,0,0,6,6,6,13.333333333333334,0,9.4,-0.8,-3.12,Graduate
STU-02882,1,14,1,10,1,1,1,13,14,6,6,1,0,0,1,0,0,0,22,5,10,15,8,11.0,0,2,7,16,5,11.2,0,9.4,-0.8,-3.12,Enrolled
STU-00912,1,1,1,6,1,1,1,13,1,6,5,1,0,0,1,0,0,0,20,0,5,7,4,12.75,0,0,5,5,5,13.4,0,10.8,1.4,1.74,Graduate
STU-01335,1,1,1,12,1,1,1,23,28,6,6,0,0,0,1,0,0,0,18,0,7,7,7,13.285714285714286,0,0,8,9,8,13.333333333333334,0,16.2,0.3,-0.92,Graduate
STU-00528,1,12,1,2,1,1,1,3,1,3,11,1,0,0,1,1,0,0,24,0,0,0,0,0.0,0,0,0,0,0,0.0,0,9.4,-0.8,-3.12,Graduate
STU-03049,1,1,1,9,1,1,1,1,14,4,4,0,0,0,1,0,1,0,18,0,5,7,5,13.333333333333334,0,0,5,6,5,13.6,0,12.7,3.7,-1.7,Graduate
STU-03478,1,14,1,17,0,1,1,22,27,10,10,0,0,0,1,0,0,0,21,6,10,20,6,11.5,0,5,10,17,5,12.4,0,9.4,-0.8,-3.12,Dropout
STU-01136,1,15,1,2,1,14,1,22,27,6,7,0,0,0,0,0,0,0,26,4,9,9,4,11.25,0,3,10,12,3,11.0,0,12.4,0.5,1.79,Dropout
STU-00121,1,8,1,11,1,1,1,1,1,5,6,1,0,0,1,0,0,0,21,0,6,12,3,11.0,0,0,6,12,2,11.0,0,9.4,-0.8,-3.12,Dropout
STU-03303,1,8,1,12,1,1,1,22,27,10,9,1,0,0,1,0,1,0,19,0,7,8,7,13.46875,0,0,8,8,8,13.31375,0,15.5,2.8,-4.06,Graduate
STU-00171,1,12,1,6,1,1,1,22,14,10,8,1,0,0,1,0,0,0,28,0,5,13,4,11.25,1,0,5,11,4,10.5,0,12.7,3.7,-1.7,Enrolled
STU-01186,1,1,1,10,1,1,1,13,14,10,10,0,0,0,1,0,1,0,18,0,6,11,5,11.142857142857142,0,0,6,8,6,12.285714285714286,0,16.2,0.3,-0.92,Graduate
STU-03219,1,14,1,3,0,1,1,22,27,10,10,0,0,0,1,0,0,0,23,9,13,15,9,11.0,0,4,11,12,7,11.571428571428571,0,15.5,2.8,-4.06,Enrolled
STU-00995,2,4,1,10,1,3,1,22,27,29,43,0,0,0,1,0,0,0,31,1,6,12,5,12.5,0,0,6,10,5,14.6,0,12.7,3.7,-1.7,Graduate
STU-02360,1,8,5,11,1,1,1,1,1,3,4,1,0,0,1,1,0,0,21,0,6,10,4,11.5,0,0,6,10,2,10.5,0,9.4,-0.8,-3.12,Dropout
STU-02670,1,12,1,3,0,1,1,22,28,10,10,0,0,0,1,1,0,0,34,0,6,6,4,12.25,0,0,5,5,0,0.0,0,11.1,0.6,2.02,Dropout
STU-00394,1,8,2,6,1,1,1,1,1,10,11,0,0,0,0,0,0,0,20,0,5,8,2,10.5,0,0,5,8,2,12.333333333333334,0,7.6,2.6,0.32,Dropout
STU-04384,1,12,2,3,0,1,1,22,27,10,10,0,0,0,1,0,0,0,29,0,6,7,6,13.166666666666666,0,0,6,8,6,15.625,0,12.4,0.5,1.79,Graduate
STU-00501,1,8,3,6,1,1,1,22,28,10,10,1,0,0,1,0,0,0,20,0,5,13,3,11.333333333333334,2,0,5,8,5,12.6,0,9.4,-0.8,-3.12,Enrolled
STU-03168,1,12,1,17,0,1,1,13,28,10,9,0,1,0,1,0,0,0,24,0,5,7,3,10.666666666666666,0,0,5,7,3,10.5,0,10.8,1.4,1.74,Dropout
STU-02839,1,12,1,17,0,1,1,22,27,10,6,0,0,0,0,0,0,0,37,0,5,5,0,0.0,0,0,5,5,0,0.0,0,15.5,2.8,-4.06,Dropout
STU-03232,2,12,1,9,1,1,1,22,27,10,10,0,0,0,1,0,0,0,39,0,5,8,4,11.25,0,0,5,8,4,11.5,0,11.1,0.6,2.02,Enrolled
STU-02427,1,12,2,17,0,1,1,13,28,10,10,0,0,0,0,1,0,0,27,0,5,10,0,0.0,0,0,5,5,0,0.0,0,15.5,2.8,-4.06,Dropout
STU-02556,1,1,1,7,1,1,1,13,27,6,9,1,0,0,1,1,0,0,18,0,5,9,4,10.5,0,0,5,11,2,10.5,3,7.6,2.6,0.32,Enrolled
STU-03747,1,1,1,12,1,1,1,1,1,5,5,1,0,0,1,0,1,0,19,0,8,8,8,12.82875,0,0,8,8,8,12.82875,0,9.4,-0.8,-3.12,Graduate
STU-00948,1,8,2,15,1,1,1,3,5,1,3,1,0,0,0,1,1,0,22,0,4,8,0,0.0,0,0,4,8,0,0.0,0,7.6,2.6,0.32,Dropout
STU-03310,2,12,1,12,1,1,1,13,14,10,8,0,0,0,1,0,0,0,31,0,7,0,0,0.0,0,0,8,0,0,0.0,0,12.7,3.7,-1.7,Dropout
STU-01962,1,9,1,12,1,1,1,13,1,10,5,0,0,0,1,0,1,0,20,0,8,8,0,0.0,8,0,8,8,0,0.0,8,9.4,-0.8,-3.12,Enrolled
STU-00793,1,8,1,10,1,1,1,1,30,10,3,0,0,0,1,0,1,0,19,0,6,7,6,11.333333333333334,0,0,6,7,6,12.428571428571429,0,11.1,0.6,2.02,Graduate
STU-04295,1,12,1,4,1,1,1,23,27,8,8,0,0,0,1,1,0,0,32,12,18,25,18,13.736842105263158,0,10,13,15,12,13.75,1,15.5,2.8,-4.06,Graduate
STU-04282,1,1,1,6,1,1,1,3,1,5,10,1,0,0,1,1,0,0,21,0,6,15,3,11.25,0,0,6,9,0,0.0,0,12.4,0.5,1.79,Enrolled
STU-02817,1,1,1,12,1,1,1,13,14,10,7,0,0,0,1,0,0,0,19,0,7,7,6,14.266666666666666,0,0,7,7,6,14.266666666666666,0,7.6,2.6,0.32,Graduate
STU-00237,1,1,1,16,1,1,1,13,14,6,8,0,0,0,1,0,1,0,18,0,6,8,5,13.4,0,0,6,7,6,13.166666666666666,0,9.4,-0.8,-3.12,Graduate
STU-01061,1,17,1,10,1,16,1,1,14,6,6,0,0,1,0,0,0,0,23,5,9,12,7,13.571428571428571,0,4,9,14,4,13.25,0,8.9,1.4,3.51,Dropout
STU-02941,4,12,1,3,0,3,1,22,27,10,10,0,0,0,1,0,1,0,43,0,6,7,5,12.2,0,0,6,6,6,12.333333333333334,0,9.4,-0.8,-3.12,Graduate
STU-03978,1,8,2,12,1,1,1,22,1,10,5,1,0,0,1,0,1,0,19,0,7,7,6,13.8,0,0,7,7,6,13.8,0,7.6,2.6,0.32,Graduate
STU-00596,1,12,1,17,0,3,1,22,27,10,10,0,0,0,1,0,0,0,29,10,15,15,11,11.454545454545457,0,9,13,16,11,11.545454545454543,0,10.8,1.4,1.74,Dropout
STU-00992,1,1,1,8,1,1,1,3,3,3,3,1,0,0,1,0,0,0,18,0,6,8,6,12.0,0,0,6,8,5,14.8,0,12.4,0.5,1.79,Graduate
STU-00699,1,15,1,4,1,14,1,1,28,10,2,1,0,0,1,1,0,0,22,0,6,12,5,12.6,0,0,6,11,6,11.714285714285714,0,12.4,0.5,1.79,Graduate
STU-00132,1,8,2,5,1,1,1,22,27,10,10,1,0,0,1,0,0,0,18,0,6,6,6,12.333333333333334,0,0,6,6,6,13.0,0,7.6,2.6,0.32,Graduate
STU-02267,1,4,1,4,1,3,1,24,29,10,5,0,0,0,1,1,0,0,50,2,6,8,2,13.5,0,1,6,9,1,13.0,0,15.5,2.8,-4.06,Dropout
STU-00236,1,1,1,10,1,1,1,23,27,10,10,0,0,0,1,0,1,0,22,0,6,6,5,12.6,0,0,6,6,6,13.0,0,10.8,1.4,1.74,Graduate
STU-03435,1,1,1,15,1,1,1,1,28,9,9,1,0,0,1,0,1,0,18,0,6,6,6,13.833333333333334,0,0,6,6,6,14.0,0,11.1,0.6,2.02,Dropout
STU-03870,1,12,1,6,1,1,1,1,1,5,5,0,0,1,0,1,0,0,31,0,5,13,4,13.5,1,0,5,12,3,11.666666666666666,1,9.4,-0.8,-3.12,Dropout
STU-02020,1,1,2,15,1,1,1,1,1,5,10,1,0,0,1,1,1,0,19,0,6,7,6,13.666666666666666,0,0,6,6,6,13.833333333333334,0,12.7,3.7,-1.7,Graduate
STU-02136,1,12,1,11,1,1,1,13,1,5,2,0,0,1,1,0,0,0,25,0,6,6,0,0.0,0,0,6,6,0,0.0,0,15.5,2.8,-4.06,Dropout
STU-04319,1,1,1,2,1,1,14,1,1,10,8,1,0,0,0,0,0,1,19,6,12,12,12,15.25,0,4,11,12,11,15.0,0,8.9,1.4,3.51,Graduate
STU-01476,1,8,1,8,1,1,1,13,28,5,8,0,0,0,1,1,0,0,19,0,5,11,4,12.0,1,0,5,9,5,12.6,0,9.4,-0.8,-3.12,Graduate
STU-02289,1,13,1,7,1,1,1,1,27,6,6,0,0,0,1,1,0,0,19,2,5,6,4,11.8,0,0,5,7,2,11.5,0,15.5,2.8,-4.06,Enrolled
STU-04108,1,1,6,12,1,1,1,22,14,10,8,1,0,0,1,0,0,0,19,0,8,10,6,13.78,1,0,8,10,6,13.78,1,9.4,-0.8,-3.12,Dropout
STU-01416,1,1,2,6,1,1,1,13,14,12,12,0,0,0,1,0,0,0,20,0,5,6,5,12.6,0,0,5,8,4,12.333333333333334,0,7.6,2.6,0.32,Graduate
STU-02585,1,1,1,16,1,1,1,13,10,10,5,1,0,0,1,0,0,0,19,0,6,6,6,14.166666666666666,0,0,6,7,6,13.666666666666666,0,7.6,2.6,0.32,Graduate
STU-04052,1,8,4,11,1,1,1,23,14,8,8,1,0,0,1,0,1,0,19,0,6,6,6,12.166666666666666,0,0,6,6,6,12.166666666666666,0,12.4,0.5,1.79,Graduate
STU-02532,1,15,1,4,1,14,1,22,28,10,7,0,0,0,1,0,1,0,20,0,6,8,6,12.625,0,0,6,10,6,13.2,0,16.2,0.3,-0.92,Graduate
STU-01967,1,1,1,6,1,1,1,1,14,4,5,0,0,0,1,0,0,0,20,0,5,12,3,12.333333333333334,2,0,5,8,3,13.0,1,9.4,-0.8,-3.12,Graduate
STU-01093,1,8,3,10,1,1,1,22,28,1,8,1,0,0,1,0,0,0,18,0,6,14,5,11.0,0,0,6,6,6,11.666666666666666,0,7.6,2.6,0.32,Graduate
STU-02378,1,12,1,9,1,1,1,22,27,10,10,0,0,0,0,1,0,0,32,0,5,9,0,0.0,1,0,5,5,0,0.0,0,9.4,-0.8,-3.12,Dropout
STU-02526,1,1,2,6,1,1,1,3,1,5,8,1,0,0,1,0,0,0,18,0,6,13,6,13.153846153846152,0,0,6,12,3,11.0,0,15.5,2.8,-4.06,Graduate
STU-02533,1,7,2,10,1,1,1,23,27,4,6,1,0,0,1,0,1,0,19,0,6,14,3,12.666666666666666,0,0,6,7,6,11.0,0,9.4,-0.8,-3.12,Graduate
STU-01329,1,1,4,12,1,1,1,1,1,4,4,1,0,0,1,0,0,0,21,0,7,8,7,14.69625,0,0,8,9,8,14.622222222222224,0,12.4,0.5,1.79,Graduate
STU-02976,5,14,1,17,0,3,1,3,3,2,2,0,0,0,1,0,0,0,41,5,10,14,10,14.636363636363637,0,5,10,13,10,14.6,0,16.2,0.3,-0.92,Graduate
STU-03148,1,1,5,12,1,1,1,1,1,4,5,0,0,0,1,0,0,0,20,0,7,9,5,12.04,0,0,7,9,6,11.77142857142857,0,12.4,0.5,1.79,Enrolled
STU-03585,1,12,1,3,0,1,1,3,14,5,8,0,0,0,1,1,0,0,39,3,9,10,9,13.22222222222222,0,2,7,8,7,13.142857142857142,0,8.9,1.4,3.51,Graduate
STU-00988,1,8,1,5,1,1,1,1,1,6,1,1,0,0,1,1,0,0,18,0,6,7,5,10.8,1,0,6,6,0,0.0,0,7.6,2.6,0.32,Dropout
STU-03683,1,12,1,17,0,1,1,22,27,10,10,0,0,0,0,1,0,0,36,0,5,5,0,0.0,0,0,5,5,0,0.0,0,12.7,3.7,-1.7,Dropout
STU-01016,1,8,1,11,1,1,1,13,14,10,9,1,0,0,1,0,0,0,20,0,6,6,6,12.333333333333334,0,0,6,6,6,12.333333333333334,0,12.4,0.5,1.79,Graduate
STU-04005,1,1,2,5,1,1,1,22,27,10,10,1,0,0,1,1,1,0,21,0,6,6,6,13.166666666666666,0,0,6,8,6,13.285714285714286,0,8.9,1.4,3.51,Graduate
STU-02233,1,14,1,9,1,1,1,1,3,2,2,0,0,0,1,1,0,0,28,0,5,9,2,10.0,0,0,5,9,0,0.0,0,15.5,2.8,-4.06,Dropout
STU-04159,1,1,2,12,1,1,1,3,27,5,8,1,0,0,1,0,1,0,19,0,7,8,6,13.075,0,0,8,10,7,12.05,0,12.4,0.5,1.79,Graduate
STU-00654,1,15,1,10,1,14,1,23,28,7,10,1,0,0,1,0,1,0,19,3,6,7,5,12.2,0,2,6,6,6,11.5,0,13.9,-0.3,0.79,Graduate
STU-03270,1,14,2,15,1,1,1,19,24,1,1,1,0,0,1,0,0,0,27,4,8,11,7,13.285714285714286,0,4,7,13,5,11.6,0,9.4,-0.8,-3.12,Dropout
STU-01327,1,1,1,6,1,1,1,1,27,5,10,1,0,0,1,0,0,0,21,0,6,12,4,12.5,0,0,6,13,2,12.666666666666666,0,11.1,0.6,2.02,Enrolled
STU-03811,1,14,1,12,1,1,1,22,27,10,8,1,0,0,1,0,1,0,18,0,7,8,5,12.86,0,0,7,8,5,12.86,0,7.6,2.6,0.32,Enrolled
STU-03840,1,1,2,2,1,1,1,22,27,10,10,1,0,0,0,1,0,0,22,0,0,0,0,0.0,0,0,0,0,0,0.0,0,7.6,2.6,0.32,Dropout
STU-04304,1,8,4,15,1,1,1,1,1,5,6,1,0,0,1,1,0,0,18,0,6,10,5,11.6,0,0,6,6,6,12.0,0,9.4,-0.8,-3.12,Dropout
STU-00608,1,1,6,12,1,1,1,23,14,8,8,1,0,0,1,0,1,0,19,0,8,8,7,12.355714285714283,0,0,8,8,7,12.355714285714283,0,10.8,1.4,1.74,Graduate
STU-01706,1,1,1,7,1,1,1,3,1,5,2,0,0,0,1,1,0,0,18,0,5,10,2,14.0,0,0,5,7,3,11.0,1,7.6,2.6,0.32,Enrolled
STU-00084,1,8,1,11,1,1,1,13,14,5,5,0,0,0,1,1,0,0,18,0,5,6,5,12.0,0,0,5,8,3,11.333333333333334,0,12.7,3.7,-1.7,Enrolled
STU-02922,1,12,1,3,0,1,1,13,27,5,6,0,0,0,1,0,0,0,34,0,6,6,4,13.25,0,0,6,6,0,0.0,0,12.7,3.7,-1.7,Enrolled
STU-04368,1,8,1,6,1,1,1,13,14,2,2,1,0,0,1,1,0,0,18,0,6,10,6,14.7,0,0,6,10,6,12.0,0,16.2,0.3,-0.92,Graduate
STU-01056,1,1,1,12,1,1,1,13,14,6,8,0,0,0,1,0,1,0,19,0,7,7,7,13.7,0,0,8,9,7,14.671428571428574,0,12.4,0.5,1.79,Graduate
STU-02056,1,1,1,5,1,1,14,22,14,10,9,1,0,0,1,0,1,1,19,0,6,6,6,14.166666666666666,0,0,6,6,6,13.5,0,11.1,0.6,2.02,Graduate
STU-00609,1,8,1,6,1,1,1,13,28,32,44,0,0,0,1,0,0,0,18,0,6,0,0,0.0,0,0,6,0,0,0.0,0,12.4,0.5,1.79,Dropout
STU-03521,1,14,1,17,0,4,1,3,3,3,2,0,0,0,1,1,0,0,26,0,5,7,5,12.6,0,0,5,7,5,13.714285714285714,0,13.9,-0.3,0.79,Graduate
STU-02859,1,1,2,14,1,1,1,2,1,5,5,1,0,0,1,0,0,0,19,0,6,7,5,13.4,0,0,6,6,5,12.8,0,12.7,3.7,-1.7,Graduate
STU-00397,1,16,1,10,1,1,1,3,14,4,11,1,0,0,1,0,0,0,20,5,11,12,11,11.727272727272728,0,5,11,14,11,12.0,0,12.4,0.5,1.79,Graduate
STU-01746,1,15,1,6,1,14,1,1,1,5,5,1,1,0,1,1,0,0,26,2,6,20,4,12.5,0,1,6,16,3,10.0,0,15.5,2.8,-4.06,Dropout
STU-02660,1,1,1,11,1,1,1,22,27,4,4,0,0,0,1,1,1,0,19,0,6,7,6,11.0,0,0,6,6,5,12.2,0,11.1,0.6,2.02,Dropout
STU-02177,1,1,4,5,1,1,1,1,1,8,4,1,0,0,1,0,0,0,18,0,6,6,6,15.166666666666666,0,0,6,6,6,14.166666666666666,0,15.5,2.8,-4.06,Graduate
STU-02100,1,8,2,11,1,1,1,13,14,6,6,1,0,1,1,0,0,0,19,0,6,10,6,12.166666666666666,0,0,6,8,5,11.666666666666666,0,16.2,0.3,-0.92,Dropout
STU-01727,1,14,1,10,1,1,1,19,24,13,13,0,0,0,1,0,1,0,29,9,16,17,16,12.588235294117649,0,10,13,14,13,13.357142857142858,0,9.4,-0.8,-3.12,Graduate
STU-02038,2,4,1,8,1,3,1,3,3,2,2,0,0,0,1,0,0,0,33,1,5,11,2,11.5,1,1,5,8,2,12.0,0,9.4,-0.8,-3.12,Dropout
STU-01558,1,8,1,9,1,1,1,1,28,7,7,1,0,1,1,1,0,0,18,0,5,9,0,0.0,0,0,5,5,0,0.0,0,7.6,2.6,0.32,Enrolled
STU-03169,1,1,1,11,1,1,1,1,1,5,3,0,0,1,0,0,1,0,21,0,6,7,6,13.428571428571429,0,0,6,8,6,11.333333333333334,0,8.9,1.4,3.51,Dropout
STU-00073,1,1,1,2,1,1,1,13,14,6,11,1,0,0,1,1,0,0,19,0,0,0,0,0.0,0,0,0,0,0,0.0,0,15.5,2.8,-4.06,Dropout
STU-01490,1,8,6,7,1,1,1,13,14,5,1,1,0,0,1,1,0,0,20,0,5,7,4,13.0,0,0,5,9,5,14.833333333333334,3,7.6,2.6,0.32,Graduate
STU-01317,1,8,2,6,1,1,1,1,14,5,10,1,0,0,1,0,0,0,19,0,5,13,3,12.0,2,0,5,8,4,11.75,0,9.4,-0.8,-3.12,Enrolled
STU-04328,2,12,1,9,1,9,1,22,27,10,10,0,0,0,1,0,0,0,25,0,5,0,0,0.0,0,0,5,0,0,0.0,0,9.4,-0.8,-3.12,Dropout
STU-01807,1,1,3,7,1,1,1,1,1,4,6,0,0,0,1,1,1,0,19,0,5,10,5,11.8,0,0,5,12,3,11.5,0,11.1,0.6,2.02,Enrolled
STU-00578,1,12,2,17,0,1,1,13,27,10,9,1,0,0,1,0,1,0,28,0,5,7,5,10.6,0,0,5,6,5,10.2,0,9.4,-0.8,-3.12,Enrolled
STU-01382,1,12,1,12,1,1,1,23,14,10,10,1,0,0,0,1,0,0,32,0,7,0,0,0.0,0,0,8,0,0,0.0,0,16.2,0.3,-0.92,Dropout
STU-01783,1,12,1,12,1,1,1,22,27,4,8,0,0,0,1,1,0,0,27,0,8,8,7,15.57,0,0,8,8,7,15.57,0,10.8,1.4,1.74,Dropout
STU-01643,1,8,5,12,1,1,1,1,1,5,5,1,0,0,1,0,0,0,18,0,7,7,7,13.528571428571428,0,0,8,9,8,14.655555555555557,0,12.4,0.5,1.79,Graduate
STU-02705,1,8,1,14,1,1,1,1,1,5,5,0,0,0,1,1,0,0,19,0,5,10,0,0.0,0,0,5,5,0,0.0,0,7.6,2.6,0.32,Enrolled
STU-04102,1,1,5,5,1,1,1,22,27,10,10,1,0,0,1,0,0,0,20,0,6,6,6,11.166666666666666,0,0,6,6,6,12.166666666666666,0,7.6,2.6,0.32,Graduate
STU-02902,2,4,1,3,0,3,1,13,14,5,5,0,0,0,1,0,0,0,27,0,5,5,0,0.0,0,0,6,0,0,0.0,0,9.4,-0.8,-3.12,Dropout
STU-02559,1,14,1,9,1,1,1,23,14,20,36,0,0,0,1,0,0,0,19,0,5,11,5,11.5,0,0,5,9,2,10.666666666666666,0,13.9,-0.3,0.79,Enrolled
STU-02923,2,12,1,10,1,12,1,22,27,5,5,0,0,0,1,0,0,0,48,0,6,14,6,11.333333333333334,0,0,6,11,5,12.4,0,15.5,2.8,-4.06,Dropout
STU-01516,1,1,1,2,1,1,1,13,27,10,8,1,0,0,1,0,1,0,21,15,17,18,17,13.38888888888889,0,15,17,18,17,14.88888888888889,0,11.1,0.6,2.02,Graduate
STU-02587,1,9,2,9,1,1,1,1,27,6,6,1,0,0,1,0,0,0,21,0,5,8,3,12.0,1,0,5,9,3,12.666666666666666,0,9.4,-0.8,-3.12,Enrolled
STU-00259,1,1,1,10,1,1,1,1,1,10,9,1,0,0,1,0,1,0,19,0,6,8,5,11.666666666666666,0,0,6,9,5,12.666666666666666,0,12.4,0.5,1.79,Graduate
STU-01603,1,1,2,11,1,1,1,1,14,5,2,1,0,0,1,1,0,0,18,0,6,12,5,11.0,0,0,6,11,3,10.333333333333334,0,9.4,-0.8,-3.12,Enrolled
STU-01763,1,12,1,15,1,1,1,1,14,2,4,0,0,0,1,1,0,0,36,0,6,7,6,15.285714285714286,0,0,6,6,6,16.5,0,10.8,1.4,1.74,Graduate
STU-03752,1,1,1,5,1,1,1,3,1,3,11,1,0,0,1,0,0,0,20,7,12,12,10,14.7,0,8,12,12,12,14.583333333333334,0,15.5,2.8,-4.06,Graduate
STU-02621,1,13,1,5,1,1,1,3,2,3,3,0,0,0,1,0,0,0,29,9,10,15,9,11.555555555555555,0,7,11,17,10,11.9,0,9.4,-0.8,-3.12,Enrolled
STU-01431,1,1,3,12,1,1,1,23,28,6,8,1,0,0,1,0,1,0,18,0,8,11,7,12.90857142857143,0,0,8,11,7,12.90857142857143,0,10.8,1.4,1.74,Graduate
STU-01599,1,8,1,10,1,1,1,22,27,8,8,1,0,0,1,1,0,0,18,0,6,10,4,12.0,0,0,6,7,5,11.8,0,9.4,-0.8,-3.12,Dropout
STU-01870,1,1,1,15,1,1,1,13,9,1,1,1,0,0,1,1,0,0,19,0,6,6,6,11.666666666666666,0,0,6,10,3,12.666666666666666,0,7.6,2.6,0.32,Graduate
STU-03692,1,8,5,7,1,1,1,13,1,5,6,1,0,1,0,1,0,0,26,0,5,11,1,10.0,0,0,5,14,1,11.0,0,8.9,1.4,3.51,Dropout
STU-01465,1,8,2,11,1,1,1,13,14,5,4,1,0,0,1,1,0,0,20,0,6,8,6,11.833333333333334,0,0,6,9,5,10.4,0,7.6,2.6,0.32,Enrolled
STU-01747,1,14,1,8,1,1,1,13,1,10,5,0,0,1,0,1,0,0,24,0,6,11,5,11.833333333333334,0,0,6,11,4,11.5,0,15.5,2.8,-4.06,Dropout
STU-02589,1,8,1,16,1,1,1,22,27,10,11,0,0,0,1,0,0,0,20,0,6,8,3,12.333333333333334,0,0,6,11,2,10.5,0,12.7,3.7,-1.7,Dropout
STU-00526,1,14,1,7,1,1,1,1,1,10,4,0,0,0,1,1,0,0,31,0,5,12,1,12.0,0,0,5,9,1,11.0,4,16.2,0.3,-0.92,Dropout
STU-01497,1,14,1,13,1,1,1,1,27,6,6,1,0,0,1,1,0,0,20,0,7,8,7,13.585714285714284,0,0,8,8,8,14.6875,0,15.5,2.8,-4.06,Graduate
STU-00641,2,12,1,14,1,1,1,22,27,10,1,0,0,1,0,0,0,0,34,0,6,7,4,13.5,0,0,6,6,0,0.0,6,12.7,3.7,-1.7,Dropout
STU-01629,1,1,1,14,1,1,1,13,3,5,1,1,0,0,0,1,0,0,20,0,5,6,3,12.0,0,0,5,5,4,12.75,0,7.6,2.6,0.32,Dropout
STU-01424,1,1,1,11,1,1,1,23,28,7,7,1,0,0,1,0,0,0,18,0,6,6,6,10.666666666666666,0,0,6,6,6,11.5,0,7.6,2.6,0.32,Graduate
STU-01806,1,14,1,17,0,3,1,3,1,3,10,0,0,0,1,1,0,0,33,0,5,5,0,0.0,0,0,5,5,0,0.0,0,12.7,3.7,-1.7,Dropout
STU-00244,1,12,1,9,1,1,1,22,1,10,2,0,0,0,0,0,0,0,25,0,5,5,0,0.0,0,0,5,9,0,0.0,0,10.8,1.4,1.74,Dropout
STU-00452,1,1,4,12,1,1,1,22,27,10,9,1,0,0,1,0,1,0,18,0,8,8,7,13.381428571428572,0,0,8,8,7,13.381428571428572,0,10.8,1.4,1.74,Graduate
STU-01751,1,15,1,4,1,1,1,3,2,3,7,1,0,0,1,1,0,0,21,4,9,14,7,11.285714285714286,2,2,8,15,4,12.25,0,12.7,3.7,-1.7,Enrolled
STU-03146,2,14,1,17,0,1,1,22,27,10,8,0,0,0,1,0,1,0,32,3,10,12,7,11.142857142857142,0,4,10,10,8,12.0,0,10.8,1.4,1.74,Graduate
STU-00921,4,12,1,3,0,12,1,22,27,10,4,0,0,0,1,0,1,0,29,0,6,11,4,11.75,0,0,6,9,5,10.4,0,10.8,1.4,1.74,Graduate
STU-01675,1,8,4,12,1,1,1,1,1,5,10,1,0,0,1,0,0,0,18,0,7,7,6,12.766666666666666,0,0,7,7,6,12.766666666666666,0,7.6,2.6,0.32,Graduate
STU-04162,1,8,2,11,1,1,9,13,27,10,10,1,0,0,0,0,0,1,18,0,6,7,5,12.6,0,0,6,6,5,11.8,0,11.1,0.6,2.02,Enrolled
STU-00753,1,13,1,12,1,1,1,22,27,4,4,1,0,0,1,0,1,0,21,0,8,8,8,13.105,0,0,8,8,8,13.105,0,9.4,-0.8,-3.12,Graduate
STU-01904,1,8,1,12,1,1,1,13,1,5,11,1,0,0,1,0,0,0,18,0,7,7,6,13.116666666666667,0,0,7,7,6,13.116666666666667,0,7.6,2.6,0.32,Graduate
STU-03547,1,8,4,12,1,1,1,13,28,10,7,1,0,0,1,1,1,0,18,0,7,8,7,12.5125,0,0,8,8,8,14.1875,0,13.9,-0.3,0.79,Graduate
STU-03709,1,8,4,5,1,1,1,1,1,10,11,1,0,1,0,1,0,0,19,0,6,6,6,12.666666666666666,0,0,6,8,5,11.8,0,11.1,0.6,2.02,Dropout
STU-00265,1,1,1,10,1,1,1,23,14,10,6,0,0,0,1,0,0,0,18,0,6,6,6,12.833333333333334,0,0,6,6,6,12.0,0,12.4,0.5,1.79,Graduate
STU-04065,1,8,1,2,1,1,1,1,28,10,10,1,0,1,1,0,0,0,22,12,17,19,12,11.833333333333334,0,10,17,22,11,11.25,0,11.1,0.6,2.02,Enrolled
STU-03007,1,1,4,9,1,1,1,1,14,5,6,0,0,0,1,0,0,0,18,0,5,9,4,11.25,0,0,5,6,4,11.0,0,8.9,1.4,3.51,Graduate
STU-04294,1,1,6,11,1,1,1,13,14,10,10,1,0,0,1,1,0,0,20,0,6,16,3,10.333333333333334,0,0,6,16,1,11.0,0,10.8,1.4,1.74,Dropout
STU-01271,1,8,1,15,1,1,1,22,14,10,11,0,0,0,1,0,0,0,18,0,6,8,5,12.6,0,0,6,10,6,12.428571428571429,0,15.5,2.8,-4.06,Enrolled
STU-02932,1,1,1,8,1,1,1,6,6,1,5,1,0,1,1,0,0,0,29,0,5,10,1,13.0,4,0,5,14,0,0.0,8,10.8,1.4,1.74,Dropout
STU-02930,1,1,3,12,1,1,1,1,1,5,5,1,0,0,1,0,0,0,19,0,8,10,1,13.67,7,0,8,10,1,13.67,7,9.4,-0.8,-3.12,Enrolled
STU-03767,1,9,3,5,1,1,1,23,27,10,8,1,0,0,1,0,1,0,19,0,6,6,6,12.666666666666666,0,0,6,6,6,13.0,0,15.5,2.8,-4.06,Graduate
STU-02734,1,8,2,10,1,1,1,1,14,5,11,1,1,0,1,0,0,0,18,0,6,15,2,10.333333333333334,3,0,6,13,3,13.333333333333334,0,12.7,3.7,-1.7,Enrolled
STU-00124,1,1,1,14,1,1,1,23,28,10,10,0,0,0,1,0,1,0,19,0,5,5,5,12.8,0,0,5,5,5,14.2,0,9.4,-0.8,-3.12,Graduate
STU-00672,1,13,1,3,0,1,1,22,28,12,8,1,0,0,1,0,0,0,30,9,11,19,9,13.444444444444445,1,5,7,7,7,14.714285714285714,0,7.6,2.6,0.32,Dropout
STU-03383,1,8,1,10,1,1,1,22,28,10,9,1,0,0,1,0,1,0,18,0,6,6,6,15.166666666666666,0,0,6,7,6,14.142857142857142,0,11.1,0.6,2.02,Graduate
STU-03019,1,7,2,6,1,1,1,22,27,10,10,1,0,0,1,0,1,0,19,0,5,8,5,13.166666666666666,2,0,5,5,5,12.8,0,9.4,-0.8,-3.12,Graduate
STU-04135,1,1,1,10,1,1,1,19,28,5,8,0,0,0,1,0,1,0,18,0,6,12,4,11.0,0,0,6,9,6,11.5,0,9.4,-0.8,-3.12,Graduate
STU-03942,1,12,1,16,1,12,1,13,4,10,5,1,0,0,1,0,0,0,29,0,7,14,0,0.0,0,0,6,6,0,0.0,0,11.1,0.6,2.02,Dropout
STU-00407,1,4,1,5,1,15,1,1,14,4,10,1,0,0,1,0,0,0,21,9,13,14,13,13.615384615384617,1,6,12,12,12,14.25,0,13.9,-0.3,0.79,Graduate
STU-01127,1,12,1,12,1,3,1,3,27,3,11,0,0,0,1,0,0,0,28,0,7,9,7,17.005555555555556,0,1,8,9,8,16.582222222222224,0,15.5,2.8,-4.06,Graduate
STU-01569,1,6,1,13,1,1,12,13,1,10,5,0,0,1,1,0,0,1,19,0,7,11,0,0.0,4,0,7,11,2,11.666666666666666,0,8.9,1.4,3.51,Enrolled
STU-03031,1,4,1,16,1,3,1,22,27,10,10,0,0,0,1,0,0,0,28,14,15,25,14,12.428571428571429,1,8,14,22,11,11.909090909090908,0,7.6,2.6,0.32,Dropout
STU-01584,1,8,1,16,1,1,1,22,28,10,10,1,0,0,1,0,1,0,21,0,6,9,5,12.0,0,0,6,8,5,11.2,0,10.8,1.4,1.74,Dropout
STU-04381,1,4,1,12,1,2,1,23,27,8,9,0,0,0,1,0,0,0,29,0,8,14,4,11.325,1,0,8,14,4,11.325,1,12.7,3.7,-1.7,Dropout
STU-03370,1,8,1,11,1,1,1,1,1,10,11,0,0,1,1,0,0,0,18,0,6,9,4,11.0,0,0,6,12,3,11.333333333333334,0,7.6,2.6,0.32,Dropout
STU-01819,1,8,4,15,1,1,1,2,27,10,10,1,0,1,0,0,0,0,19,0,6,6,0,0.0,0,0,6,0,0,0.0,0,8.9,1.4,3.51,Dropout
STU-01380,1,16,1,10,1,1,1,1,1,6,10,0,0,0,1,1,0,0,22,0,6,6,0,0.0,0,0,6,7,0,0.0,0,11.1,0.6,2.02,Dropout
STU-01481,1,17,1,6,1,16,1,1,1,10,5,1,0,0,1,1,1,0,22,1,7,11,5,12.166666666666666,0,4,8,14,5,14.8,0,8.9,1.4,3.51,Dropout
STU-00707,2,12,1,3,0,1,1,13,1,5,9,0,0,0,1,1,0,0,41,6,10,10,10,12.5,0,3,7,7,7,12.142857142857142,0,10.8,1.4,1.74,Graduate
STU-00406,1,1,1,2,1,1,1,1,14,4,10,1,0,0,1,0,0,0,18,0,0,0,0,0.0,0,0,0,0,0,0.0,0,12.7,3.7,-1.7,Graduate
STU-04096,1,1,4,12,1,1,1,23,27,10,9,1,0,0,1,0,1,0,19,0,7,7,6,15.433333333333332,0,0,7,7,6,15.433333333333332,0,7.6,2.6,0.32,Graduate
STU-01393,1,1,1,2,1,1,1,13,14,10,10,1,0,1,1,0,0,0,20,0,0,0,0,0.0,0,0,0,0,0,0.0,0,16.2,0.3,-0.92,Dropout
STU-01635,2,12,1,17,0,1,1,22,27,10,11,0,0,0,1,1,0,0,49,0,5,6,5,12.2,0,0,5,9,5,11.8,0,15.5,2.8,-4.06,Graduate
STU-03406,1,8,2,2,1,1,1,3,3,4,4,1,0,0,1,0,0,0,18,0,0,0,0,0.0,0,0,0,0,0,0.0,0,13.9,-0.3,0.79,Graduate
STU-02676,1,1,1,11,1,1,1,22,27,2,2,0,0,0,1,1,0,0,27,0,6,6,6,10.666666666666666,0,0,6,8,4,11.25,0,10.8,1.4,1.74,Enrolled
STU-00536,1,14,1,17,0,1,1,3,3,5,5,1,0,0,1,1,0,0,24,0,5,10,4,11.5,0,0,5,11,5,11.285714285714286,0,13.9,-0.3,0.79,Graduate
STU-04090,2,14,1,3,0,10,1,19,24,1,1,0,0,0,0,0,0,0,34,3,7,13,3,12.0,0,2,7,15,1,13.0,1,9.4,-0.8,-3.12,Dropout
STU-00125,1,1,1,6,1,1,1,13,28,5,8,1,0,0,1,0,0,0,19,0,6,15,6,14.166666666666666,0,0,6,13,6,12.2,0,15.5,2.8,-4.06,Graduate
STU-03666,1,12,1,4,1,12,1,22,27,10,5,0,0,0,1,1,0,0,43,0,6,8,6,12.875,0,0,6,14,5,12.142857142857142,0,16.2,0.3,-0.92,Enrolled
STU-04310,1,1,4,15,1,1,1,1,14,10,10,1,0,0,1,1,0,0,19,0,6,7,6,12.333333333333334,0,0,6,10,5,13.2,0,16.2,0.3,-0.92,Graduate
STU-01082,1,1,2,11,1,1,1,13,14,10,10,1,0,0,1,0,1,0,19,0,6,9,5,13.2,0,0,6,8,5,11.0,0,12.4,0.5,1.79,Graduate
STU-02614,1,12,1,17,0,1,1,1,28,5,10,0,0,0,1,1,0,0,25,0,5,7,0,0.0,0,0,5,8,0,0.0,0,16.2,0.3,-0.92,Dropout
STU-00867,1,12,1,7,1,3,1,1,28,12,12,0,0,0,1,1,0,0,29,0,3,3,0,0.0,3,0,5,0,0,0.0,0,10.8,1.4,1.74,Dropout
STU-00114,1,1,3,15,1,1,1,1,28,5,8,1,0,0,1,0,0,0,18,0,6,6,6,12.666666666666666,0,0,6,7,6,12.571428571428571,0,10.8,1.4,1.74,Graduate
STU-03884,1,1,1,10,1,1,1,22,27,10,10,1,0,0,1,0,1,0,18,0,6,7,5,10.2,0,0,6,9,4,11.25,0,12.4,0.5,1.79,Graduate
STU-02659,1,1,1,2,1,1,1,23,27,6,6,1,0,0,1,1,0,0,22,0,0,0,0,0.0,0,0,0,0,0,0.0,0,12.7,3.7,-1.7,Dropout
STU-01184,1,17,1,6,1,16,1,13,28,10,10,0,0,1,0,0,0,0,21,7,10,15,8,13.75,0,4,9,17,5,13.2,0,8.9,1.4,3.51,Dropout
STU-00484,1,15,1,6,1,14,1,23,28,10,8,0,0,0,1,0,0,0,20,2,6,9,6,12.666666666666666,0,1,6,12,2,13.0,0,13.9,-0.3,0.79,Enrolled
STU-04346,1,1,1,15,1,1,1,1,14,6,11,1,0,0,1,0,0,0,18,0,6,6,6,12.833333333333334,0,0,6,6,6,13.333333333333334,0,9.4,-0.8,-3.12,Graduate
STU-03118,1,1,4,15,1,1,1,13,14,10,8,1,0,0,1,0,0,0,20,0,6,7,6,13.571428571428571,0,0,6,6,6,13.333333333333334,0,13.9,-0.3,0.79,Graduate
STU-00606,1,1,3,2,1,1,1,7,1,7,7,1,0,0,0,0,0,0,21,0,0,0,0,0.0,0,0,0,0,0,0.0,0,9.4,-0.8,-3.12,Dropout
STU-02971,1,14,2,10,1,1,1,13,14,5,6,1,0,0,1,0,0,0,24,6,10,16,10,12.5,0,2,7,9,4,12.6,0,16.2,0.3,-0.92,Graduate
STU-00728,1,12,1,17,0,1,1,22,27,10,10,0,0,0,1,1,0,0,35,0,5,5,0,0.0,0,0,5,5,0,0.0,0,11.1,0.6,2.02,Dropout
STU-02042,2,18,1,17,0,1,14,23,27,5,7,0,0,0,1,0,0,1,37,5,10,11,7,13.428571428571429,0,5,10,11,10,11.6,0,8.9,1.4,3.51,Graduate
STU-03830,1,1,1,6,1,1,1,23,28,5,10,0,0,0,1,1,1,0,18,0,6,8,6,15.5,0,0,6,9,4,15.5,0,11.1,0.6,2.02,Dropout
STU-01124,1,15,1,4,1,14,1,22,28,10,10,0,0,1,1,0,1,0,19,0,6,8,6,13.0,0,0,6,11,5,13.0,0,15.5,2.8,-4.06,Graduate
STU-00955,1,13,1,7,1,1,1,3,1,3,10,1,0,0,1,1,0,0,26,4,10,14,4,11.25,0,4,11,11,4,12.0,0,7.6,2.6,0.32,Dropout
STU-00980,1,9,1,4,1,1,1,1,28,10,7,0,0,0,1,1,0,0,21,5,11,16,9,11.9,0,3,9,14,8,12.25,0,15.5,2.8,-4.06,Graduate
STU-02982,1,1,1,5,1,1,1,13,27,10,10,1,0,0,1,0,1,0,19,0,6,6,6,14.0,0,0,6,8,6,13.125,0,10.8,1.4,1.74,Graduate
STU-04256,1,4,1,3,0,4,1,2,3,3,3,0,0,0,1,0,0,0,18,10,16,24,13,13.846153846153848,0,7,11,15,9,12.555555555555555,0,15.5,2.8,-4.06,Dropout
STU-00389,1,8,1,16,1,1,1,1,14,5,6,1,0,0,1,0,0,0,22,0,6,10,5,13.166666666666666,0,0,6,8,5,12.4,0,15.5,2.8,-4.06,Enrolled
STU-00712,1,12,1,7,1,1,1,22,27,10,9,0,0,1,0,1,0,0,45,0,5,5,0,0.0,0,0,5,5,0,0.0,0,15.5,2.8,-4.06,Dropout
STU-01679,1,8,1,6,1,1,1,22,26,5,12,0,0,0,1,1,0,0,23,0,5,6,4,14.25,0,0,5,6,5,13.4,0,7.6,2.6,0.32,Graduate
STU-04220,1,7,4,10,1,1,1,22,27,10,10,1,0,0,1,0,0,0,18,0,6,8,5,13.0,0,0,6,7,6,11.833333333333334,0,10.8,1.4,1.74,Graduate
STU-00939,1,1,1,15,1,1,1,13,28,5,11,1,0,0,1,0,0,0,18,0,6,7,6,12.666666666666666,0,0,6,8,4,12.25,0,7.6,2.6,0.32,Enrolled
STU-00488,1,12,1,14,1,1,1,1,14,6,5,0,0,0,1,0,0,0,31,2,6,13,5,11.4,0,0,6,14,4,11.75,0,13.9,-0.3,0.79,Dropout
STU-01868,1,12,1,17,0,1,1,22,27,10,7,0,0,1,0,1,0,0,31,0,5,9,0,0.0,0,0,5,6,0,0.0,0,12.4,0.5,1.79,Dropout
STU-02206,1,15,1,7,1,14,1,1,1,10,9,0,0,0,1,1,1,0,20,3,7,12,6,14.142857142857142,0,1,6,10,6,14.125,0,12.4,0.5,1.79,Enrolled
STU-03974,1,14,3,12,1,1,1,1,14,10,8,1,0,1,1,0,1,0,20,0,7,9,7,12.327777777777778,0,0,8,10,8,11.736,0,15.5,2.8,-4.06,Graduate
STU-00907,1,1,4,14,1,1,1,1,1,8,8,1,0,0,1,0,0,0,20,0,6,7,0,0.0,0,0,6,6,0,0.0,0,16.2,0.3,-0.92,Dropout
STU-02151,1,1,1,16,1,1,1,1,14,4,4,1,0,0,1,0,0,0,20,0,7,7,7,13.857142857142858,0,0,7,7,7,13.285714285714286,0,11.1,0.6,2.02,Graduate
STU-03274,1,14,1,12,1,1,1,22,27,10,7,1,0,0,1,0,0,0,26,0,7,8,6,12.0,0,0,7,8,6,12.0,0,7.6,2.6,0.32,Enrolled
STU-02421,1,12,1,6,1,2,1,23,28,10,11,0,0,0,1,1,0,0,47,0,6,0,0,0.0,0,0,6,0,0,0.0,0,16.2,0.3,-0.92,Dropout
STU-02948,1,8,6,14,1,1,1,4,1,4,11,0,0,0,1,0,0,0,20,0,6,9,6,12.375,0,0,6,7,6,13.142857142857142,0,11.1,0.6,2.02,Graduate
STU-00683,1,9,4,6,1,1,1,1,1,5,6,0,0,1,0,0,1,0,20,2,5,8,5,14.4,1,0,5,6,5,14.0,0,12.7,3.7,-1.7,Dropout
STU-03342,1,8,1,14,1,1,1,1,1,5,9,0,0,1,0,1,0,0,20,0,6,7,5,12.4,0,0,6,8,4,13.0,0,13.9,-0.3,0.79,Enrolled
STU-00829,1,1,4,12,1,1,1,13,14,5,6,1,0,0,1,0,0,0,18,0,8,8,8,14.25,0,0,8,8,8,14.25,0,9.4,-0.8,-3.12,Graduate
STU-01639,1,12,1,14,1,7,1,22,27,6,4,0,0,1,1,1,0,0,26,0,5,5,0,0.0,0,0,5,5,0,0.0,0,9.4,-0.8,-3.12,Dropout
STU-02053,1,1,2,15,1,1,1,1,14,5,6,1,0,0,1,0,0,0,18,0,5,7,2,10.0,0,0,1,1,0,0.0,0,12.7,3.7,-1.7,Dropout
STU-04422,1,1,1,12,1,1,1,22,27,10,10,1,0,0,1,0,1,0,30,0,7,8,7,14.9125,0,0,8,9,1,13.5,0,13.9,-0.3,0.79,Dropout
STU-02081,1,1,1,12,1,1,1,23,27,10,10,0,0,0,1,0,1,0,19,0,8,12,7,12.471428571428572,0,0,8,12,7,12.471428571428572,0,12.7,3.7,-1.7,Graduate
STU-02536,1,8,2,16,1,1,1,3,1,2,6,1,0,0,1,0,0,0,19,0,6,8,5,11.4,1,0,6,7,4,10.75,0,12.7,3.7,-1.7,Enrolled
STU-03398,1,1,1,12,1,1,1,22,27,10,8,1,0,0,1,0,1,0,18,0,8,8,8,14.50125,0,0,8,8,8,14.50125,0,9.4,-0.8,-3.12,Graduate
STU-02575,1,7,3,15,1,1,1,22,28,5,10,1,0,0,1,0,1,0,20,0,6,6,6,15.0,0,0,6,6,6,13.0,0,11.1,0.6,2.02,Graduate
STU-03312,1,1,2,6,1,1,1,25,30,4,8,1,0,0,1,0,0,0,18,0,6,8,6,16.0,0,0,6,10,6,14.625,0,11.1,0.6,2.02,Dropout
STU-02148,1,1,6,11,1,1,1,23,14,10,6,1,0,0,1,0,0,0,18,0,6,11,6,12.0,0,0,6,11,4,12.5,0,8.9,1.4,3.51,Graduate
STU-02729,1,12,1,6,1,1,1,4,1,3,10,0,0,0,0,0,0,0,26,0,6,8,6,15.428571428571429,0,0,6,7,5,14.5,0,11.1,0.6,2.02,Enrolled
STU-01972,1,8,1,6,1,1,1,2,14,3,5,1,0,0,1,0,1,0,20,0,6,6,6,14.833333333333334,0,0,6,8,6,12.142857142857142,0,8.9,1.4,3.51,Graduate
STU-04049,1,1,1,12,1,1,1,23,27,10,8,1,0,0,1,0,1,0,20,0,8,8,7,13.817142857142857,0,0,8,8,7,13.817142857142857,0,10.8,1.4,1.74,Graduate
STU-03608,1,14,1,2,1,1,1,13,14,10,5,0,0,0,1,1,0,0,22,0,0,0,0,0.0,0,0,0,0,0,0.0,0,13.9,-0.3,0.79,Enrolled
STU-01989,1,1,2,12,1,1,1,13,27,4,4,1,0,0,1,0,1,0,23,0,7,8,6,12.993333333333334,0,0,8,9,8,12.66875,0,11.1,0.6,2.02,Graduate
STU-00278,2,4,1,8,1,3,1,5,4,3,1,0,0,1,0,0,0,0,29,7,9,16,7,11.555555555555555,4,5,7,12,5,13.2,2,7.6,2.6,0.32,Dropout
STU-01888,2,14,1,15,1,1,1,22,27,6,1,0,0,1,0,1,0,0,51,0,4,4,0,0.0,0,0,4,4,0,0.0,0,12.7,3.7,-1.7,Dropout
STU-00766,1,1,4,9,1,1,1,23,28,6,11,0,0,0,1,1,0,0,20,0,5,8,5,10.2,0,0,5,7,5,11.2,0,12.4,0.5,1.79,Enrolled
STU-00521,1,1,6,12,1,1,1,22,1,6,6,1,0,0,1,0,1,0,18,0,8,8,7,12.61,0,0,8,8,7,12.61,0,10.8,1.4,1.74,Graduate
STU-01834,1,1,1,9,1,1,1,13,14,10,10,1,0,0,0,0,1,0,19,0,5,7,3,10.666666666666666,0,0,5,10,3,12.285714285714286,0,10.8,1.4,1.74,Dropout
STU-01744,1,14,1,15,1,1,1,1,1,10,7,0,0,1,0,1,0,0,19,0,6,10,3,11.666666666666666,0,0,6,11,2,10.0,0,16.2,0.3,-0.92,Dropout
STU-01998,1,8,1,15,1,1,1,22,27,10,10,0,0,0,1,0,0,0,18,0,6,7,6,12.857142857142858,0,0,6,6,6,13.333333333333334,0,13.9,-0.3,0.79,Graduate
STU-00005,2,12,1,3,0,1,1,22,28,10,10,0,0,0,1,0,0,0,45,0,6,9,5,12.333333333333334,0,0,6,6,6,13.0,0,13.9,-0.3,0.79,Graduate
STU-03951,1,9,1,6,1,1,1,22,27,10,10,1,0,0,1,0,1,0,21,0,6,7,6,13.5,0,0,6,6,3,15.333333333333334,0,8.9,1.4,3.51,Dropout
STU-01030,1,1,4,12,1,1,1,1,1,10,10,1,0,0,1,0,1,0,19,0,8,8,7,13.314285714285717,0,0,8,8,7,13.314285714285717,0,12.7,3.7,-1.7,Graduate
STU-00864,1,12,1,14,1,1,1,23,14,10,9,0,0,1,0,1,0,0,25,0,6,7,3,14.0,0,0,6,9,2,14.5,0,13.9,-0.3,0.79,Dropout
STU-04249,2,12,1,12,1,3,1,1,1,5,7,0,0,1,0,0,0,0,30,3,7,11,3,12.333333333333334,0,3,7,9,3,11.666666666666666,0,13.9,-0.3,0.79,Dropout
STU-00383,1,1,1,10,1,1,1,23,28,6,8,0,0,0,1,0,0,0,19,0,6,13,3,10.333333333333334,0,0,6,12,3,10.333333333333334,0,7.6,2.6,0.32,Enrolled
STU-01630,1,12,1,7,1,1,1,22,28,10,9,0,0,1,1,1,0,0,24,0,5,11,0,0.0,0,0,5,5,0,0.0,0,16.2,0.3,-0.92,Dropout
STU-02810,1,1,3,12,1,1,1,1,14,17,40,1,0,0,1,0,0,0,19,0,7,12,4,13.375,0,0,7,8,6,12.116666666666667,0,12.4,0.5,1.79,Enrolled
STU-02699,1,15,1,5,1,14,1,22,1,10,8,0,0,0,1,1,0,0,20,2,7,9,5,12.6,0,5,9,10,8,12.75,1,16.2,0.3,-0.92,Dropout
STU-00118,1,8,1,9,1,1,1,13,14,4,4,0,0,0,1,0,0,0,20,0,5,11,3,10.333333333333334,0,0,5,10,3,10.666666666666666,0,12.4,0.5,1.79,Enrolled
STU-01288,1,1,1,10,1,1,1,13,1,10,10,0,0,0,1,1,0,0,19,0,6,6,6,12.833333333333334,0,0,6,8,6,11.833333333333334,0,10.8,1.4,1.74,Graduate
STU-01856,4,12,2,14,1,12,1,13,1,12,12,0,0,0,0,1,0,0,34,0,6,6,0,0.0,0,0,6,9,0,0.0,0,10.8,1.4,1.74,Dropout
STU-00916,1,6,1,15,1,1,12,13,14,5,6,1,0,0,1,0,0,1,22,0,6,6,6,13.0,0,0,6,6,6,13.666666666666666,0,12.4,0.5,1.79,Graduate
STU-02288,1,8,1,11,1,1,1,1,1,4,4,0,0,0,1,1,1,0,22,0,6,8,6,13.625,0,0,6,8,6,14.428571428571429,0,11.1,0.6,2.02,Graduate
STU-03495,1,8,2,14,1,1,1,22,28,6,9,0,0,0,1,1,1,0,20,0,5,5,5,12.4,0,0,5,5,4,10.75,0,9.4,-0.8,-3.12,Graduate
STU-01796,1,1,3,12,1,1,1,23,28,8,10,1,0,0,1,0,1,0,19,0,8,8,7,13.512857142857142,0,0,8,8,7,13.512857142857142,0,10.8,1.4,1.74,Graduate
STU-01046,1,4,1,17,0,15,1,1,14,5,10,0,0,0,1,0,0,0,24,0,5,5,0,0.0,0,0,5,6,0,0.0,0,12.4,0.5,1.79,Dropout
STU-01809,1,1,5,7,1,1,1,1,14,5,8,0,0,0,0,1,1,0,18,0,5,6,5,12.2,0,0,5,8,4,12.0,0,8.9,1.4,3.51,Enrolled
STU-03664,1,8,1,12,1,1,1,23,27,10,9,1,0,0,1,0,1,0,19,0,7,10,6,12.583333333333334,0,0,8,8,7,12.671428571428573,0,13.9,-0.3,0.79,Graduate
STU-02401,4,12,1,3,0,12,1,1,27,10,2,0,0,0,1,1,0,0,45,2,8,10,4,11.5,0,2,8,13,4,11.0,0,10.8,1.4,1.74,Dropout
STU-01875,1,1,4,15,1,1,1,13,14,8,8,1,0,0,1,1,1,0,20,0,6,6,6,12.166666666666666,0,0,6,8,4,12.75,0,9.4,-0.8,-3.12,Graduate
STU-02442,1,12,1,3,0,1,1,22,27,7,7,0,0,0,1,1,0,0,39,0,6,8,5,11.4,0,1,6,12,3,11.0,1,7.6,2.6,0.32,Enrolled
STU-04410,2,14,1,17,0,1,1,22,27,5,2,0,0,0,1,1,0,0,38,0,5,5,5,14.6,0,0,5,6,5,14.333333333333334,0,13.9,-0.3,0.79,Graduate
STU-04191,1,14,1,17,0,14,1,22,27,10,10,0,0,0,1,0,0,0,24,3,10,16,3,11.666666666666666,0,3,10,24,6,11.833333333333334,0,9.4,-0.8,-3.12,Dropout
STU-03624,1,9,6,3,0,1,1,3,14,3,5,1,0,0,1,0,0,0,23,0,6,8,4,11.0,0,0,6,6,0,0.0,0,13.9,-0.3,0.79,Dropout
STU-02359,1,12,1,4,1,1,1,3,3,3,3,0,0,0,1,1,0,0,31,0,6,8,6,15.125,0,0,6,10,6,14.6,0,16.2,0.3,-0.92,Graduate
STU-00138,1,1,1,15,1,1,1,1,1,20,39,0,0,1,1,0,1,0,18,0,6,6,6,14.833333333333334,0,0,6,6,6,14.833333333333334,0,8.9,1.4,3.51,Graduate
STU-00885,1,7,2,12,1,1,1,2,28,5,10,1,0,0,1,0,1,0,19,0,8,12,7,12.599999999999998,0,0,8,12,7,12.599999999999998,0,10.8,1.4,1.74,Graduate
STU-02956,1,1,1,2,1,1,1,22,27,10,10,1,0,0,1,0,0,0,18,0,0,0,0,0.0,0,0,0,0,0,0.0,0,7.6,2.6,0.32,Graduate
STU-04357,1,12,1,6,1,12,1,22,27,5,9,0,0,0,1,0,0,0,35,0,6,11,3,12.666666666666666,0,0,6,7,0,0.0,0,11.1,0.6,2.02,Dropout
STU-01212,1,8,1,10,1,1,1,1,1,10,10,0,0,0,1,0,1,0,20,0,6,11,4,10.75,0,0,6,13,5,11.5,0,15.5,2.8,-4.06,Enrolled
STU-02228,1,14,1,4,1,1,1,22,27,10,7,0,0,1,1,1,0,0,23,0,6,6,0,0.0,0,0,6,8,0,0.0,0,15.5,2.8,-4.06,Dropout
STU-00351,1,1,1,11,1,1,1,13,14,10,10,1,0,0,1,0,0,0,24,0,6,9,4,12.6,0,0,6,6,4,11.5,0,12.7,3.7,-1.7,Dropout
STU-01077,1,2,1,16,1,1,1,13,28,10,10,0,0,0,0,0,0,0,28,11,11,11,11,11.727272727272728,0,8,8,8,8,12.0,0,15.5,2.8,-4.06,Dropout
STU-02968,1,8,4,12,1,1,1,4,1,3,2,1,0,0,1,0,0,0,18,0,8,8,0,0.0,5,0,8,8,0,0.0,5,9.4,-0.8,-3.12,Enrolled
STU-02661,2,12,1,17,0,1,1,13,27,4,10,0,0,0,1,1,0,0,32,0,5,11,4,10.75,0,0,5,11,4,11.333333333333334,0,13.9,-0.3,0.79,Dropout
STU-02853,1,17,1,4,1,16,1,1,1,22,29,0,0,1,1,0,0,0,21,7,13,21,11,11.909090909090908,0,5,11,14,11,10.727272727272728,0,8.9,1.4,3.51,Graduate
STU-02715,1,12,1,6,1,1,1,1,1,6,6,1,0,1,1,0,0,0,30,0,6,7,6,16.428571428571427,0,0,6,7,6,16.666666666666668,0,13.9,-0.3,0.79,Dropout
STU-00467,1,1,1,16,1,1,1,1,28,6,11,1,0,0,1,0,0,0,20,0,6,9,5,14.333333333333334,0,4,8,8,8,12.625,0,15.5,2.8,-4.06,Enrolled
STU-03207,1,1,1,9,1,1,1,5,1,2,6,0,0,0,1,1,0,0,18,0,5,5,5,13.0,0,0,5,6,5,13.333333333333334,0,16.2,0.3,-0.92,Graduate
STU-02679,1,15,1,4,1,14,1,23,1,19,25,1,0,1,1,1,0,0,26,0,6,6,0,0.0,0,0,6,7,0,0.0,0,8.9,1.4,3.51,Enrolled
STU-04074,1,8,1,10,1,1,1,13,14,6,8,0,0,0,1,0,1,0,19,0,6,7,6,13.5,0,0,6,7,6,14.0,0,15.5,2.8,-4.06,Graduate
STU-02299,1,1,1,10,1,1,1,1,1,5,5,0,0,0,1,1,0,0,19,0,6,12,4,12.25,0,0,6,9,6,11.0,0,9.4,-0.8,-3.12,Graduate
STU-01553,1,4,1,9,1,15,1,22,27,10,10,0,0,0,1,0,0,0,52,11,15,26,14,10.466666666666669,0,9,12,16,12,10.923076923076923,0,13.9,-0.3,0.79,Graduate
STU-04048,2,1,1,12,1,1,1,1,1,10,11,0,0,0,1,0,0,0,18,0,8,8,7,13.9,0,0,8,8,7,13.9,0,12.7,3.7,-1.7,Graduate
STU-03934,1,1,1,9,1,1,1,13,14,10,10,0,0,1,1,0,0,0,19,0,5,13,1,10.0,0,0,5,8,2,10.0,0,12.4,0.5,1.79,Enrolled
STU-04037,1,12,1,14,1,1,1,1,14,5,11,1,0,0,1,0,1,0,26,0,6,6,6,13.333333333333334,0,0,6,10,5,14.5,0,10.8,1.4,1.74,Graduate
STU-02613,1,1,1,8,1,1,14,1,14,6,6,1,0,0,1,0,0,1,20,0,5,6,5,16.166666666666668,0,0,5,6,5,15.833333333333334,0,12.7,3.7,-1.7,Graduate
STU-00717,1,12,1,8,1,7,1,19,26,1,12,0,0,0,1,1,0,0,29,0,5,5,0,0.0,0,0,5,5,0,0.0,0,7.6,2.6,0.32,Dropout
STU-00155,1,14,1,16,1,1,1,3,27,3,6,1,0,0,1,0,0,0,21,0,6,10,3,12.666666666666666,0,0,6,12,3,10.0,0,9.4,-0.8,-3.12,Dropout
STU-01357,1,12,1,15,1,1,1,19,27,1,1,0,0,0,1,0,0,0,26,0,6,8,4,11.75,0,0,6,12,0,0.0,0,7.6,2.6,0.32,Dropout
STU-01754,1,15,1,7,1,14,1,13,3,6,3,0,0,0,1,1,0,0,20,0,5,16,0,0.0,0,0,5,12,2,10.5,0,12.7,3.7,-1.7,Enrolled
STU-02622,1,1,1,5,1,1,1,1,27,10,10,1,0,0,1,0,1,0,20,0,6,6,6,12.0,0,0,6,6,6,11.833333333333334,0,12.4,0.5,1.79,Graduate
STU-02547,1,1,1,10,1,1,1,13,14,10,6,1,0,0,1,0,0,0,20,0,6,6,6,13.833333333333334,0,0,6,6,6,11.833333333333334,0,10.8,1.4,1.74,Graduate
STU-00449,1,1,2,15,1,1,1,1,14,10,8,1,0,0,1,0,0,0,20,0,6,6,6,13.333333333333334,0,0,6,10,5,12.8,0,11.1,0.6,2.02,Graduate
STU-04420,1,1,6,15,1,1,1,1,1,6,5,0,0,0,1,1,0,0,19,0,6,7,5,13.6,0,0,6,8,5,12.666666666666666,0,15.5,2.8,-4.06,Graduate
STU-00207,1,1,2,12,1,1,1,13,28,10,10,1,0,0,1,0,0,0,18,0,8,8,7,12.914285714285713,0,0,8,8,7,12.914285714285713,0,12.7,3.7,-1.7,Graduate
STU-02595,1,8,1,9,1,1,1,13,14,8,8,1,0,0,1,0,0,0,23,0,5,7,2,10.0,1,0,5,9,1,12.0,0,9.4,-0.8,-3.12,Enrolled
STU-02372,1,1,5,2,1,1,1,13,3,10,3,1,0,0,1,1,1,0,19,0,0,0,0,0.0,0,0,0,0,0,0.0,0,9.4,-0.8,-3.12,Graduate
STU-01241,1,14,1,17,0,1,1,22,27,10,10,0,0,0,0,1,0,0,32,5,9,9,5,11.4,0,4,4,4,4,11.0,0,10.8,1.4,1.74,Dropout
STU-03254,1,15,1,8,1,14,1,1,3,10,3,1,0,1,1,0,1,0,21,1,6,13,3,12.333333333333334,0,1,6,12,1,13.0,0,13.9,-0.3,0.79,Dropout
STU-03084,1,1,1,8,1,1,1,3,14,3,10,1,0,1,0,0,0,0,19,0,6,0,0,0.0,0,0,6,0,0,0.0,0,11.1,0.6,2.02,Dropout
STU-02702,2,13,1,4,1,1,1,3,1,3,3,0,0,0,1,1,0,0,26,0,6,9,1,10.0,0,0,6,6,0,0.0,0,12.4,0.5,1.79,Dropout
STU-01484,1,8,1,11,1,1,1,1,1,10,10,0,0,0,1,0,1,0,19,0,6,8,6,11.166666666666666,0,0,6,7,4,13.4,0,16.2,0.3,-0.92,Graduate
STU-02132,1,1,1,10,1,1,1,1,27,6,8,0,0,0,1,0,1,0,19,0,6,8,6,12.25,0,0,6,8,6,12.0,0,16.2,0.3,-0.92,Graduate
STU-00326,1,1,1,11,1,1,1,13,14,6,9,1,0,0,1,0,0,0,18,0,6,7,6,10.571428571428571,0,0,6,11,3,11.666666666666666,0,16.2,0.3,-0.92,Graduate
STU-01817,4,14,1,17,0,1,1,22,27,7,7,0,0,0,1,0,0,0,31,7,14,19,13,11.357142857142858,0,9,14,14,13,12.0,1,9.4,-0.8,-3.12,Graduate
STU-04272,1,8,4,7,1,1,1,1,3,2,5,1,0,0,1,1,0,0,19,0,5,6,5,14.6,0,0,5,5,5,15.2,0,8.9,1.4,3.51,Dropout
STU-00191,1,1,1,11,1,1,1,13,28,10,9,0,0,0,1,0,1,0,21,0,6,7,6,12.0,0,0,6,6,6,12.5,0,13.9,-0.3,0.79,Graduate
STU-01223,2,12,1,17,0,12,1,13,29,6,4,0,0,1,0,0,0,0,31,0,5,7,0,0.0,0,0,5,7,0,0.0,0,16.2,0.3,-0.92,Dropout
STU-03150,4,12,1,14,1,1,1,22,27,5,11,0,0,1,1,0,1,0,39,0,5,6,5,10.6,0,0,5,7,4,10.75,0,9.4,-0.8,-3.12,Graduate
STU-00466,1,14,1,3,0,1,1,3,3,3,4,0,0,0,1,0,0,0,27,7,10,10,9,11.444444444444445,0,4,11,11,5,10.8,0,10.8,1.4,1.74,Dropout
STU-02137,1,8,5,5,1,1,1,22,27,10,10,1,0,0,0,0,0,0,18,0,6,9,4,11.5,1,0,6,6,6,12.166666666666666,0,7.6,2.6,0.32,Graduate
STU-02027,1,1,1,2,1,1,1,3,2,4,4,1,0,0,1,1,0,0,21,0,0,0,0,0.0,0,0,0,0,0,0.0,0,9.4,-0.8,-3.12,Graduate
STU-03166,1,1,1,6,1,1,1,1,1,3,8,1,0,0,1,0,1,0,18,0,5,12,5,12.857142857142858,2,0,5,8,4,13.25,0,9.4,-0.8,-3.12,Graduate
STU-02140,1,1,1,9,1,1,1,13,14,6,9,0,0,1,0,0,1,0,20,0,5,12,2,13.0,1,0,5,13,2,11.5,0,9.4,-0.8,-3.12,Dropout
STU-01930,1,8,3,12,1,1,1,1,1,10,10,1,0,0,1,0,1,0,18,0,7,7,7,14.868571428571428,0,0,8,9,8,15.11111111111111,0,11.1,0.6,2.02,Graduate
STU-02872,2,12,1,12,1,1,1,22,27,10,7,0,0,0,1,0,0,0,41,0,7,0,0,0.0,0,0,8,0,0,0.0,0,10.8,1.4,1.74,Dropout
STU-04390,1,1,1,10,1,1,1,13,14,10,8,0,0,0,1,0,1,0,18,0,6,6,6,14.333333333333334,0,0,6,7,6,14.142857142857142,0,15.5,2.8,-4.06,Graduate
STU-04233,1,14,1,14,1,1,1,1,28,5,5,0,0,1,0,0,0,0,19,0,6,13,3,10.666666666666666,0,0,6,6,4,12.25,0,15.5,2.8,-4.06,Dropout
STU-02280,2,14,1,3,0,1,1,22,27,6,6,0,0,0,1,1,0,0,47,0,6,9,6,12.142857142857142,0,0,6,6,0,0.0,0,16.2,0.3,-0.92,Dropout
STU-02884,2,12,1,3,0,1,1,22,27,10,10,0,0,0,1,0,1,0,43,0,6,7,6,12.333333333333334,0,0,6,8,6,11.5,0,8.9,1.4,3.51,Graduate
STU-00648,2,12,1,17,0,3,1,13,14,10,8,0,0,0,1,0,0,0,26,0,5,5,5,12.0,0,0,5,6,5,14.833333333333334,0,10.8,1.4,1.74,Graduate
STU-04302,1,14,1,2,1,14,1,23,27,10,8,0,0,0,0,1,0,0,25,0,0,0,0,0.0,0,0,0,0,0,0.0,0,15.5,2.8,-4.06,Dropout
STU-01377,1,8,1,9,1,1,1,1,1,10,4,1,0,0,1,1,0,0,18,0,5,6,5,12.0,0,0,5,7,4,12.5,0,15.5,2.8,-4.06,Enrolled
STU-02978,1,13,1,16,1,9,1,1,3,4,3,0,0,0,1,0,0,0,28,14,18,23,14,12.785714285714286,2,16,17,18,16,13.875,0,16.2,0.3,-0.92,Dropout
STU-03372,1,1,6,12,1,1,1,22,1,6,5,1,0,0,1,0,0,0,19,6,14,22,7,12.192307692307692,5,6,14,22,7,12.192307692307692,5,7.6,2.6,0.32,Graduate
STU-03873,1,14,2,12,1,6,1,1,14,5,11,0,0,0,1,1,0,0,22,0,7,7,6,12.733333333333334,0,0,7,7,6,12.733333333333334,0,7.6,2.6,0.32,Graduate
STU-01956,1,9,1,16,1,1,1,13,28,5,1,1,0,0,1,0,0,0,19,0,7,10,6,12.166666666666666,0,0,7,9,6,13.166666666666666,0,12.4,0.5,1.79,Graduate
STU-00588,1,8,1,15,1,1,1,23,28,10,9,1,0,0,1,0,1,0,18,0,6,6,6,12.833333333333334,0,0,6,7,6,12.285714285714286,0,15.5,2.8,-4.06,Graduate
STU-04315,1,8,1,7,1,1,1,22,27,10,7,1,0,0,1,1,0,0,21,0,5,8,0,0.0,0,0,5,5,0,0.0,0,7.6,2.6,0.32,Dropout
STU-03498,2,14,1,17,0,1,1,22,27,8,9,0,0,0,1,1,0,0,49,0,5,7,4,13.333333333333334,0,0,5,9,4,11.6,1,16.2,0.3,-0.92,Dropout
STU-02887,2,12,1,17,0,1,1,22,27,10,10,0,0,0,1,0,0,0,39,0,5,6,5,11.0,0,0,5,5,5,13.2,0,7.6,2.6,0.32,Graduate
STU-01992,1,14,1,2,1,2,1,22,27,10,10,1,0,0,1,0,0,0,34,0,0,0,0,0.0,0,0,0,0,0,0.0,0,10.8,1.4,1.74,Dropout
STU-01871,1,8,1,14,1,1,1,19,3,8,3,1,0,1,0,1,0,0,23,0,5,5,0,0.0,0,0,5,5,0,0.0,0,7.6,2.6,0.32,Dropout
STU-02908,2,1,4,12,1,1,1,1,27,5,10,0,0,0,1,0,1,0,18,0,7,7,6,14.066666666666668,0,0,7,7,6,14.066666666666668,0,7.6,2.6,0.32,Graduate
STU-04119,1,1,1,6,1,1,1,2,1,5,4,1,0,0,1,0,0,0,21,0,5,6,5,12.2,0,0,5,5,5,13.2,0,10.8,1.4,1.74,Graduate
STU-02413,2,12,2,17,0,1,1,22,27,10,10,0,0,0,1,0,0,0,43,0,5,11,3,10.666666666666666,0,1,5,10,4,12.5,0,9.4,-0.8,-3.12,Enrolled
STU-02234,1,14,1,11,1,6,1,19,24,1,1,1,0,0,1,1,0,0,20,0,6,10,4,11.5,0,0,6,11,3,11.666666666666666,0,7.6,2.6,0.32,Dropout
STU-03052,1,13,1,9,1,1,1,3,28,3,6,1,0,0,1,0,0,0,19,0,5,8,2,11.5,0,0,5,10,3,10.857142857142858,0,10.8,1.4,1.74,Enrolled
STU-01055,1,1,2,12,1,1,1,22,27,10,8,1,0,0,1,0,1,0,19,0,7,8,7,14.7875,0,0,8,8,8,15.8625,0,13.9,-0.3,0.79,Graduate
STU-03324,1,8,3,7,1,1,1,3,1,4,4,1,0,0,0,1,0,0,18,0,5,8,5,12.5,0,0,5,7,5,13.571428571428571,0,12.4,0.5,1.79,Dropout
STU-02403,1,1,1,9,1,1,1,13,14,10,4,1,0,0,0,1,0,0,20,0,5,9,3,12.0,1,0,5,7,3,11.0,0,9.4,-0.8,-3.12,Dropout
STU-00097,1,1,5,15,1,1,1,22,1,6,6,1,0,0,1,0,0,0,18,0,6,6,6,13.666666666666666,0,0,6,6,6,13.333333333333334,0,8.9,1.4,3.51,Graduate
STU-00905,1,1,2,9,1,1,1,13,14,10,10,1,0,0,1,0,0,0,20,0,5,12,1,10.0,2,0,5,5,0,0.0,0,12.7,3.7,-1.7,Dropout
STU-04085,2,12,1,9,1,1,1,1,14,10,10,0,0,0,0,0,0,0,29,0,4,4,0,0.0,0,0,5,0,0,0.0,0,12.7,3.7,-1.7,Dropout
STU-01939,1,12,1,6,1,1,1,13,14,5,11,0,0,0,1,0,0,0,24,1,6,11,5,13.0,0,1,6,12,1,12.0,0,13.9,-0.3,0.79,Dropout
STU-04109,1,8,3,12,1,1,1,22,28,5,6,1,0,0,1,0,0,0,19,0,8,8,7,15.11,0,0,8,8,7,15.11,0,10.8,1.4,1.74,Graduate
STU-03799,1,1,1,14,1,1,1,13,28,10,10,0,0,0,1,1,0,0,19,0,6,8,6,14.25,0,0,6,7,6,13.857142857142858,0,11.1,0.6,2.02,Graduate
STU-00425,1,8,6,13,1,1,1,13,2,6,4,1,0,0,1,0,0,0,20,0,7,7,7,13.785714285714286,0,0,8,8,8,14.1,0,12.4,0.5,1.79,Graduate
STU-00550,1,8,2,9,1,1,1,13,28,10,8,1,0,0,1,1,0,0,19,0,5,8,5,13.25,0,0,5,8,5,11.0,0,13.9,-0.3,0.79,Graduate
STU-02790,1,12,1,2,1,1,1,22,27,10,8,0,0,1,1,1,1,0,33,0,0,0,0,0.0,0,0,0,0,0,0.0,0,15.5,2.8,-4.06,Dropout
STU-03026,1,1,6,12,1,1,1,1,1,5,10,1,0,0,1,0,1,0,18,0,8,8,7,14.0,0,0,8,8,7,14.0,0,12.7,3.7,-1.7,Graduate
STU-02666,2,12,1,15,1,1,1,22,27,10,11,0,0,1,0,1,0,0,43,0,6,16,2,10.0,0,0,6,12,4,12.25,0,10.8,1.4,1.74,Dropout
STU-03605,1,8,2,15,1,1,1,13,1,10,10,1,0,0,1,1,0,0,20,0,6,6,6,11.833333333333334,0,0,6,6,6,12.166666666666666,0,12.7,3.7,-1.7,Graduate
STU-01694,1,1,1,9,1,1,1,3,14,4,11,0,0,0,1,1,0,0,19,0,5,7,5,11.8,0,0,5,8,4,12.4,2,16.2,0.3,-0.92,Enrolled
STU-03407,1,7,3,16,1,1,1,13,27,10,10,1,0,0,1,0,0,0,19,0,6,8,5,12.2,0,0,6,8,5,11.8,0,10.8,1.4,1.74,Enrolled
STU-02345,1,8,1,12,1,1,1,3,3,3,3,0,0,0,1,1,0,0,19,0,7,8,7,12.12142857142857,0,0,9,12,8,11.50625,0,12.4,0.5,1.79,Graduate
STU-02120,1,8,1,2,1,1,1,1,1,7,8,1,0,0,1,0,0,0,18,0,0,0,0,0.0,0,0,0,0,0,0.0,0,12.4,0.5,1.79,Enrolled
STU-00832,1,12,1,10,1,7,1,19,24,1,1,0,0,0,1,0,0,0,47,0,6,12,0,0.0,0,0,5,10,0,0.0,0,7.6,2.6,0.32,Dropout
STU-00413,1,1,3,12,1,1,1,1,1,5,11,1,0,0,1,0,0,0,20,0,7,8,7,11.5875,0,0,8,9,7,14.071428571428571,0,13.9,-0.3,0.79,Graduate
STU-03500,1,12,1,4,1,1,1,1,27,29,44,0,0,0,1,1,0,0,27,0,6,6,0,0.0,0,0,6,6,0,0.0,0,11.1,0.6,2.02,Enrolled
STU-02834,1,1,2,14,1,1,1,22,27,10,10,0,0,0,1,0,0,0,22,0,5,8,3,12.0,0,0,5,9,2,11.0,1,7.6,2.6,0.32,Enrolled
STU-03374,1,8,1,9,1,1,1,22,27,10,8,0,0,0,1,0,1,0,19,0,5,8,5,12.875,0,0,5,6,5,11.833333333333334,0,13.9,-0.3,0.79,Graduate
STU-01148,1,16,1,17,0,1,1,13,28,6,8,0,0,0,1,0,0,0,21,1,5,9,4,11.5,0,1,5,5,5,11.4,0,8.9,1.4,3.51,Graduate
STU-00223,1,1,3,11,1,1,1,1,1,4,4,1,0,0,1,0,0,0,18,0,6,9,4,11.25,0,0,6,13,2,12.5,0,9.4,-0.8,-3.12,Dropout
STU-03821,1,15,1,4,1,14,1,4,4,5,3,1,0,0,1,1,0,0,22,0,6,13,5,13.0,0,0,6,13,2,11.5,0,12.4,0.5,1.79,Enrolled
STU-04022,1,1,1,3,0,1,1,3,1,2,8,0,0,0,1,0,0,0,26,2,8,11,7,12.75,0,2,7,7,7,12.285714285714286,0,16.2,0.3,-0.92,Graduate
STU-02957,1,4,1,12,1,3,1,22,27,10,6,0,0,0,1,0,0,0,36,0,7,7,0,0.0,7,0,7,7,0,0.0,7,16.2,0.3,-0.92,Dropout
STU-03134,1,1,6,12,1,1,1,1,1,5,5,1,0,0,1,0,0,0,21,0,7,8,6,13.25,0,0,8,8,8,13.8375,0,13.9,-0.3,0.79,Enrolled
STU-00623,1,8,5,16,1,1,1,23,28,10,8,1,0,0,1,0,0,0,19,0,6,11,4,13.25,0,0,6,10,4,10.25,0,9.4,-0.8,-3.12,Dropout
STU-02450,1,4,1,17,0,3,1,22,27,10,10,0,0,0,1,1,0,0,31,9,9,9,9,14.22222222222222,0,5,5,5,5,12.8,0,12.7,3.7,-1.7,Dropout
STU-02331,1,14,5,3,0,1,1,19,24,1,1,0,0,0,1,1,0,0,37,0,6,12,0,0.0,0,0,5,10,0,0.0,0,7.6,2.6,0.32,Dropout
STU-00705,1,12,1,10,1,9,1,22,27,10,10,0,0,0,1,1,0,0,47,3,9,9,9,13.11111111111111,0,3,7,7,7,14.857142857142858,0,10.8,1.4,1.74,Graduate
STU-02097,1,4,1,12,1,3,1,3,1,5,5,0,0,0,1,0,0,0,26,0,7,0,0,0.0,0,0,8,0,0,0.0,0,13.9,-0.3,0.79,Dropout
STU-02994,2,12,1,3,0,1,1,22,27,6,7,0,0,0,1,0,1,0,38,0,6,6,5,12.4,0,0,6,7,6,12.666666666666666,0,9.4,-0.8,-3.12,Graduate
STU-00791,1,8,1,15,1,1,1,1,14,10,10,0,0,0,1,0,1,0,19,0,6,6,6,13.166666666666666,0,0,6,6,6,13.833333333333334,0,11.1,0.6,2.02,Graduate
STU-03359,4,12,1,12,1,1,1,1,14,4,4,0,0,0,1,0,0,0,32,0,7,0,0,0.0,0,0,8,0,0,0.0,0,12.4,0.5,1.79,Dropout
STU-00610,1,14,3,12,1,1,1,23,27,7,6,1,0,0,1,0,1,0,18,0,7,8,5,11.98,0,0,7,8,5,11.98,0,7.6,2.6,0.32,Enrolled
STU-02619,1,8,2,16,1,1,1,23,14,6,6,1,0,0,1,0,1,0,19,0,6,8,6,12.333333333333334,0,0,6,7,5,12.4,0,10.8,1.4,1.74,Dropout
STU-04114,4,12,2,13,1,1,1,23,27,8,8,1,0,0,1,0,0,0,24,0,7,0,0,0.0,0,0,7,0,0,0.0,0,10.8,1.4,1.74,Dropout
STU-03386,1,1,1,10,1,1,1,13,28,8,8,0,0,0,1,0,1,0,19,0,6,9,5,10.8,0,0,6,8,6,10.714285714285714,0,15.5,2.8,-4.06,Graduate
STU-03792,1,15,1,8,1,14,1,3,1,4,7,1,0,1,1,1,0,0,20,2,6,9,4,11.0,0,1,6,13,3,10.666666666666666,0,12.4,0.5,1.79,Dropout
STU-02458,1,1,1,9,1,1,1,13,27,5,9,0,0,0,1,1,0,0,27,0,5,12,3,10.0,0,0,5,12,1,13.0,0,7.6,2.6,0.32,Enrolled
STU-01403,1,1,1,6,1,1,1,10,1,2,12,0,0,0,1,0,0,0,21,0,5,7,5,14.4,0,0,5,5,5,13.8,0,7.6,2.6,0.32,Graduate
STU-03729,1,16,1,3,0,2,1,13,28,10,11,0,0,0,1,1,0,0,42,8,12,12,11,14.454545454545457,0,7,11,11,10,14.2,0,11.1,0.6,2.02,Graduate
STU-00330,1,1,1,6,1,1,1,13,28,10,6,1,0,0,1,0,0,0,18,0,5,11,5,14.0,3,0,5,7,5,11.6,0,9.4,-0.8,-3.12,Enrolled
STU-01883,1,8,1,11,1,1,1,13,28,10,10,0,0,0,1,0,0,0,19,0,5,5,0,0.0,0,0,6,0,0,0.0,0,8.9,1.4,3.51,Dropout
STU-03851,1,14,1,17,0,1,1,22,14,10,10,0,0,0,0,1,0,0,47,0,5,5,0,0.0,0,0,5,5,0,0.0,0,12.7,3.7,-1.7,Dropout
STU-00636,1,8,5,10,1,1,1,22,27,8,6,1,0,0,1,0,1,0,19,0,6,8,6,12.125,0,0,6,7,6,12.714285714285714,0,16.2,0.3,-0.92,Graduate
STU-03598,1,7,2,10,1,1,1,13,28,5,6,1,0,0,1,0,0,0,18,0,6,6,6,13.5,0,0,6,6,6,12.166666666666666,0,10.8,1.4,1.74,Graduate
STU-01899,1,1,1,2,1,1,1,10,10,5,2,1,1,0,1,0,0,0,18,0,0,0,0,0.0,0,0,0,0,0,0.0,0,11.1,0.6,2.02,Graduate
STU-03790,1,8,1,10,1,1,1,1,34,5,3,1,0,1,0,1,0,0,20,3,9,9,3,13.333333333333334,0,2,6,6,2,12.5,0,8.9,1.4,3.51,Dropout
STU-00410,4,12,1,6,1,1,1,19,24,1,1,0,0,0,1,0,0,0,25,0,5,5,0,0.0,0,0,5,5,0,0.0,0,7.6,2.6,0.32,Dropout
STU-03345,1,12,1,6,1,1,1,25,1,6,7,0,0,1,0,1,0,0,37,5,7,7,5,12.0,0,3,7,7,3,11.666666666666666,0,8.9,1.4,3.51,Dropout
STU-03534,2,12,1,11,1,12,1,19,24,1,1,0,0,1,0,1,0,0,45,0,6,12,0,0.0,0,0,6,12,0,0.0,0,9.4,-0.8,-3.12,Dropout
STU-00166,1,8,1,15,1,1,1,13,27,8,8,0,0,0,1,0,1,0,19,0,6,6,6,12.5,0,0,6,7,6,13.0,0,15.5,2.8,-4.06,Graduate
STU-01048,1,1,6,12,1,1,1,2,1,5,5,1,0,0,1,0,0,0,19,0,8,8,7,14.1,0,0,8,8,7,14.1,0,10.8,1.4,1.74,Graduate
STU-00418,1,1,1,16,1,1,1,13,14,10,10,1,0,0,1,0,0,0,23,0,6,9,5,11.6,0,0,6,9,3,11.0,0,12.7,3.7,-1.7,Dropout
STU-01541,1,8,1,9,1,1,1,23,27,4,6,1,0,0,1,0,0,0,19,0,5,5,3,11.666666666666666,0,0,5,10,4,10.8,0,9.4,-0.8,-3.12,Dropout
STU-03428,1,1,1,10,1,1,1,13,1,5,4,1,0,0,1,0,0,0,20,0,6,7,6,11.666666666666666,0,0,6,10,6,11.333333333333334,0,7.6,2.6,0.32,Graduate
STU-00996,1,12,1,3,0,1,1,22,27,10,9,0,0,0,1,0,1,0,33,0,6,6,6,14.166666666666666,0,0,6,6,6,14.333333333333334,0,12.7,3.7,-1.7,Graduate
STU-03882,1,1,2,11,1,1,1,1,14,6,8,1,0,0,1,0,1,0,20,0,6,6,6,13.833333333333334,0,0,6,6,6,15.0,0,11.1,0.6,2.02,Graduate
STU-01942,1,1,1,10,1,1,1,23,28,10,7,1,0,0,1,0,0,0,18,0,6,6,6,13.166666666666666,0,0,6,6,6,13.166666666666666,0,8.9,1.4,3.51,Graduate
STU-03674,1,12,1,3,0,12,1,13,14,22,27,0,0,1,1,0,1,0,39,0,6,9,6,11.833333333333334,0,0,6,9,4,13.75,0,11.1,0.6,2.02,Graduate
STU-02642,1,1,1,15,1,1,1,23,28,10,10,1,0,0,1,1,1,0,20,0,6,8,6,12.0,0,0,6,8,6,11.5,0,13.9,-0.3,0.79,Graduate
STU-01004,1,8,2,9,1,1,1,13,14,8,8,1,0,0,1,0,1,0,19,0,5,8,5,11.2,0,0,5,5,3,11.0,0,12.4,0.5,1.79,Graduate
STU-01662,1,1,2,6,1,1,1,3,3,6,3,1,0,0,1,0,0,0,18,0,6,7,6,16.571428571428573,0,0,6,6,6,15.666666666666666,0,13.9,-0.3,0.79,Graduate
STU-03122,1,1,1,13,1,1,1,22,28,8,10,0,0,0,1,0,1,0,20,0,7,14,7,10.642857142857142,0,0,8,8,8,11.55,0,12.7,3.7,-1.7,Graduate
STU-03449,1,1,1,15,1,1,1,13,27,10,7,1,0,0,1,0,1,0,19,0,6,6,6,13.0,0,0,6,7,6,13.0,0,10.8,1.4,1.74,Graduate
STU-00627,1,15,1,3,0,14,1,22,28,7,7,1,0,0,1,0,0,0,23,5,9,10,9,10.88888888888889,0,3,8,10,6,11.333333333333334,0,11.1,0.6,2.02,Graduate
STU-00492,1,1,1,14,1,1,1,22,27,6,6,0,0,0,1,0,0,0,19,0,6,7,6,14.857142857142858,0,0,6,6,6,13.333333333333334,0,12.4,0.5,1.79,Graduate
STU-03671,1,1,1,2,1,1,1,1,3,5,5,1,0,0,1,0,1,0,19,6,12,12,12,13.666666666666666,0,4,11,12,11,14.166666666666666,0,8.9,1.4,3.51,Graduate
STU-01723,1,16,1,6,1,1,1,3,3,3,9,1,0,0,1,0,0,0,22,4,12,19,11,14.153846153846152,0,5,12,20,12,15.428571428571429,0,8.9,1.4,3.51,Graduate
STU-03187,1,12,1,8,1,8,1,10,26,12,12,0,0,0,0,1,1,0,30,0,5,13,0,0.0,3,0,5,5,0,0.0,5,9.4,-0.8,-3.12,Dropout
STU-00285,1,1,1,3,0,1,1,23,28,1,1,0,0,0,1,0,0,0,21,0,6,8,5,12.8,0,0,6,10,6,11.857142857142858,0,7.6,2.6,0.32,Graduate
STU-01414,1,1,2,15,1,1,1,22,27,10,10,1,0,0,1,0,1,0,19,0,6,11,4,11.0,0,0,6,11,3,11.666666666666666,0,9.4,-0.8,-3.12,Enrolled
STU-02257,1,4,1,1,1,15,1,23,27,6,7,1,0,1,0,1,0,0,25,18,21,26,21,12.363636363636363,0,12,16,21,12,12.25,1,11.1,0.6,2.02,Dropout
STU-02604,1,1,5,6,1,1,1,23,27,10,9,1,0,0,0,0,0,0,19,0,5,12,0,0.0,4,0,5,8,0,0.0,1,9.4,-0.8,-3.12,Dropout
STU-02164,1,8,4,12,1,1,1,1,1,4,4,1,0,0,1,0,0,0,23,0,7,7,6,13.796666666666669,0,0,8,11,7,13.775,0,12.4,0.5,1.79,Graduate
STU-01295,2,12,1,4,1,1,1,1,31,10,4,0,0,1,0,1,0,0,34,0,6,7,0,0.0,0,0,6,0,0,0.0,0,12.4,0.5,1.79,Dropout
STU-03932,1,1,1,8,1,1,1,3,1,5,10,1,0,0,1,0,0,0,18,0,6,8,6,14.5,0,0,6,9,6,12.857142857142858,0,13.9,-0.3,0.79,Graduate
STU-02367,1,1,1,2,1,1,1,1,1,8,5,1,0,1,1,1,0,0,23,13,17,19,13,12.153846153846152,0,10,17,28,11,11.909090909090908,1,11.1,0.6,2.02,Enrolled
STU-02155,1,1,1,5,1,1,1,23,14,23,44,1,1,0,1,0,0,0,19,0,6,6,6,14.666666666666666,0,0,6,7,6,15.142857142857142,0,8.9,1.4,3.51,Graduate
STU-04003,2,12,2,11,1,12,1,13,14,10,6,0,0,0,1,1,0,0,39,0,6,6,6,13.5,0,0,6,6,6,13.333333333333334,0,12.4,0.5,1.79,Graduate
STU-01250,1,1,2,16,1,1,1,23,27,6,4,1,0,0,0,0,0,0,18,0,6,11,3,13.0,0,0,6,10,5,11.8,0,9.4,-0.8,-3.12,Dropout
STU-02774,1,13,3,12,1,1,1,1,1,5,5,1,0,0,1,0,1,0,19,0,8,8,8,14.2525,0,0,8,8,8,14.2525,0,9.4,-0.8,-3.12,Graduate
STU-02502,2,12,1,3,0,9,1,22,27,10,2,0,0,0,1,0,0,0,46,0,6,13,3,12.333333333333334,0,0,6,6,6,13.333333333333334,0,11.1,0.6,2.02,Graduate
STU-00373,1,8,1,15,1,1,1,1,14,5,8,0,0,0,1,0,1,0,19,0,6,6,6,13.833333333333334,0,0,6,7,6,14.428571428571429,0,15.5,2.8,-4.06,Graduate
STU-02479,1,1,1,12,1,1,1,1,14,5,8,1,0,0,1,1,0,0,18,0,7,7,7,12.444285714285714,0,0,8,11,7,11.347142857142858,0,12.4,0.5,1.79,Graduate
STU-04244,1,1,1,5,1,1,1,4,29,3,3,1,0,0,1,0,0,0,18,1,6,10,6,11.714285714285714,1,0,6,15,6,10.375,0,13.9,-0.3,0.79,Enrolled
STU-01118,1,1,1,12,1,1,1,23,14,10,6,0,0,0,1,0,0,0,20,0,7,9,6,12.7,0,0,8,8,7,13.571428571428571,0,13.9,-0.3,0.79,Graduate
STU-00754,2,12,1,17,0,12,1,13,27,8,10,0,0,1,0,0,0,0,32,0,5,5,0,0.0,0,0,5,6,0,0.0,0,10.8,1.4,1.74,Dropout
STU-02935,2,12,1,3,0,9,1,19,24,1,1,0,0,0,1,0,0,0,51,0,6,12,0,0.0,0,1,6,11,0,0.0,1,7.6,2.6,0.32,Dropout
STU-03596,1,15,1,4,1,14,1,13,28,10,11,0,0,0,1,1,0,0,19,0,6,15,3,13.25,0,0,6,9,1,12.0,0,13.9,-0.3,0.79,Dropout
STU-00122,1,1,2,9,1,1,1,13,14,10,8,1,0,0,1,0,0,0,19,0,5,8,5,10.8,0,0,5,9,4,11.25,2,16.2,0.3,-0.92,Graduate
STU-03347,1,12,1,12,1,1,1,22,27,10,9,0,0,0,1,1,0,0,36,0,7,18,0,0.0,0,0,7,7,0,0.0,0,13.9,-0.3,0.79,Dropout
STU-00061,1,1,2,12,1,1,1,13,14,10,10,0,0,0,1,0,0,0,18,0,7,8,6,13.133333333333333,0,0,8,12,7,12.221428571428572,0,16.2,0.3,-0.92,Graduate
STU-02150,1,1,1,10,1,1,1,23,27,6,6,0,0,0,1,0,1,0,20,0,6,8,6,12.125,0,0,6,7,6,14.428571428571429,0,16.2,0.3,-0.92,Graduate
STU-02007,2,12,1,3,0,1,1,22,27,10,9,0,0,0,1,0,0,0,44,0,6,6,6,14.833333333333334,0,0,6,6,6,14.166666666666666,0,10.8,1.4,1.74,Graduate
STU-01641,1,1,4,12,1,1,1,1,27,5,4,1,0,0,1,0,1,0,19,0,7,9,7,12.1375,0,0,8,9,8,12.91111111111111,0,12.4,0.5,1.79,Graduate
STU-03652,1,14,1,14,1,14,1,13,3,8,11,0,0,0,1,0,0,0,21,0,6,8,5,11.833333333333334,0,0,6,8,4,13.25,2,16.2,0.3,-0.92,Enrolled
STU-00006,2,12,1,17,0,12,1,22,27,10,8,0,0,1,1,1,0,0,50,0,5,10,5,11.857142857142858,0,0,5,17,5,11.5,5,16.2,0.3,-0.92,Graduate
STU-01019,1,8,4,14,1,1,1,13,27,10,13,1,1,1,0,0,1,0,18,0,6,6,1,11.0,0,0,6,0,0,0.0,0,12.7,3.7,-1.7,Dropout
STU-03494,1,4,1,7,1,3,1,22,27,10,10,0,0,0,0,1,0,0,33,0,5,6,0,0.0,0,0,5,5,0,0.0,0,12.7,3.7,-1.7,Dropout
STU-00294,1,8,4,10,1,1,1,13,14,29,29,1,0,0,1,0,1,0,18,0,6,9,6,11.666666666666666,0,0,6,8,6,11.666666666666666,0,8.9,1.4,3.51,Graduate
STU-02806,1,1,4,12,1,1,1,13,14,10,10,1,0,0,1,0,0,0,19,0,7,8,6,11.658333333333331,0,0,8,11,6,12.416666666666666,0,12.4,0.5,1.79,Graduate
STU-01981,1,1,1,9,1,1,1,13,14,10,10,1,0,0,1,0,1,0,18,0,5,8,4,10.75,0,0,5,5,5,13.0,0,12.4,0.5,1.79,Graduate
STU-02527,1,1,4,5,1,1,1,1,1,10,8,1,0,0,1,0,1,0,18,0,6,6,6,14.5,0,0,6,6,6,12.833333333333334,0,12.4,0.5,1.79,Dropout
STU-01576,1,1,4,2,1,1,1,13,14,5,5,1,1,0,1,0,0,0,22,0,0,0,0,0.0,0,0,0,0,0,0.0,0,16.2,0.3,-0.92,Graduate
STU-04177,1,1,3,11,1,1,1,13,1,8,10,1,0,0,1,0,1,0,18,0,6,6,6,12.666666666666666,0,0,6,6,6,12.5,0,12.4,0.5,1.79,Graduate
STU-03627,1,8,1,3,0,1,1,19,24,1,1,1,0,0,1,0,0,0,26,4,7,15,7,11.571428571428571,0,2,6,14,2,11.0,0,7.6,2.6,0.32,Dropout
STU-01193,1,1,1,2,1,1,1,13,14,8,8,1,0,0,1,0,1,0,18,0,0,0,0,0.0,0,0,0,0,0,0.0,0,13.9,-0.3,0.79,Graduate
STU-00150,1,1,1,12,1,1,1,1,14,10,10,0,0,0,1,0,1,0,20,0,7,8,6,13.863333333333337,0,0,8,9,7,14.178571428571429,0,11.1,0.6,2.02,Graduate
STU-03713,1,12,1,9,1,1,1,1,14,5,8,0,0,0,1,1,0,0,27,0,5,13,3,10.75,0,0,5,9,3,10.333333333333334,0,15.5,2.8,-4.06,Dropout
STU-02453,1,1,1,6,1,1,1,1,1,10,10,1,0,0,1,1,0,0,19,0,5,9,5,12.6,1,0,5,8,4,12.0,0,12.7,3.7,-1.7,Graduate
STU-01194,1,4,1,11,1,15,1,1,1,4,7,0,0,0,1,0,0,0,39,12,13,14,13,13.76923076923077,0,9,12,16,12,14.583333333333334,0,13.9,-0.3,0.79,Graduate
STU-00325,1,3,3,6,1,1,1,1,14,8,6,1,0,0,1,0,0,0,19,0,5,9,3,10.333333333333334,1,0,5,8,3,13.0,0,7.6,2.6,0.32,Enrolled
STU-00471,1,8,3,12,1,1,1,1,27,10,10,1,0,0,1,0,1,0,20,0,8,8,7,13.487142857142857,0,0,8,8,7,13.487142857142857,0,10.8,1.4,1.74,Graduate
STU-00600,1,8,1,4,1,1,1,23,27,10,10,1,0,0,1,0,0,0,21,12,18,22,18,11.88888888888889,1,11,13,13,13,11.461538461538462,0,15.5,2.8,-4.06,Graduate
STU-02687,1,16,1,9,1,1,1,13,28,10,9,0,0,0,1,1,0,0,20,0,5,7,5,11.0,0,0,5,7,3,10.0,0,8.9,1.4,3.51,Enrolled
STU-01726,2,12,1,17,0,1,1,22,27,6,2,1,0,0,1,0,0,0,38,0,5,11,3,11.333333333333334,0,0,5,9,4,12.0,0,9.4,-0.8,-3.12,Dropout
STU-01164,4,12,1,3,0,1,1,22,27,4,5,0,0,0,1,0,1,0,35,0,6,9,6,11.333333333333334,0,0,6,6,6,11.333333333333334,0,15.5,2.8,-4.06,Graduate
STU-01255,1,14,1,6,1,1,1,13,14,6,2,1,0,0,1,0,0,0,19,0,5,5,0,0.0,5,0,5,7,4,14.75,1,12.7,3.7,-1.7,Enrolled
STU-04232,1,12,1,17,0,1,1,23,14,10,6,0,0,1,1,0,0,0,25,0,5,10,4,11.25,0,0,5,9,4,12.0,0,12.7,3.7,-1.7,Enrolled
STU-03341,1,1,3,15,1,1,1,19,1,6,11,1,0,0,0,1,0,0,19,0,4,8,0,0.0,1,0,6,0,0,0.0,0,9.4,-0.8,-3.12,Dropout
STU-03462,4,14,1,12,1,1,1,22,27,10,10,0,0,0,1,0,0,0,38,1,8,12,5,13.126,1,1,8,12,5,13.126,1,10.8,1.4,1.74,Enrolled
STU-04343,1,12,1,14,1,1,1,19,24,1,1,1,0,0,1,0,0,0,24,0,5,10,3,13.0,0,0,5,11,3,11.333333333333334,0,7.6,2.6,0.32,Dropout
STU-01495,1,12,1,12,1,12,1,1,3,3,3,0,0,1,1,1,0,0,24,0,7,21,0,0.0,3,0,7,7,0,0.0,0,16.2,0.3,-0.92,Dropout
STU-01618,1,12,1,3,0,1,1,22,1,8,5,1,0,0,1,0,0,0,24,0,6,8,5,11.4,0,0,6,8,5,11.8,0,15.5,2.8,-4.06,Dropout
STU-00924,1,12,1,12,1,12,1,22,27,10,7,0,0,0,0,0,1,0,39,0,7,14,3,11.5,0,0,7,9,2,10.5,0,16.2,0.3,-0.92,Dropout
STU-00396,1,1,4,12,1,1,1,1,1,5,10,1,0,0,1,0,1,0,19,0,8,11,7,12.86,0,0,8,11,7,12.86,0,10.8,1.4,1.74,Graduate
STU-03965,1,8,1,10,1,1,1,13,14,5,6,1,0,1,0,0,0,0,19,0,6,10,5,11.714285714285714,0,0,6,13,2,10.666666666666666,0,16.2,0.3,-0.92,Dropout
STU-01895,1,9,1,2,1,1,1,1,1,5,4,1,0,0,1,0,0,0,23,15,17,18,17,11.5,0,16,17,17,17,12.176470588235292,0,12.4,0.5,1.79,Graduate
STU-00322,1,13,1,12,1,1,1,22,27,8,10,1,0,0,1,0,1,0,19,0,8,8,7,13.058571428571428,0,0,8,8,7,13.058571428571428,0,10.8,1.4,1.74,Graduate
STU-00461,1,1,1,8,1,1,1,3,3,4,3,1,0,0,1,0,0,0,20,0,5,5,5,16.4,0,0,5,5,5,14.6,0,12.7,3.7,-1.7,Graduate
STU-02691,1,8,1,9,1,1,1,13,14,10,8,0,0,0,1,1,0,0,21,0,5,7,4,10.75,0,0,5,10,2,11.0,3,16.2,0.3,-0.92,Dropout
STU-01287,1,1,2,5,1,1,1,1,1,5,10,1,0,0,1,1,1,0,20,0,6,9,6,11.375,0,0,6,6,5,13.8,0,7.6,2.6,0.32,Enrolled
STU-01750,1,14,1,5,1,1,1,23,28,8,8,1,0,0,1,1,0,0,25,11,17,18,13,11.538461538461538,0,10,15,15,10,12.4,0,12.7,3.7,-1.7,Dropout
STU-04068,2,4,1,3,0,3,1,23,1,10,10,0,0,0,0,0,0,0,35,0,6,0,0,0.0,0,0,6,0,0,0.0,0,10.8,1.4,1.74,Dropout
STU-02002,1,1,1,10,1,1,1,23,27,10,6,0,0,0,1,0,1,0,18,0,6,6,6,13.833333333333334,0,0,6,7,0,0.0,0,15.5,2.8,-4.06,Dropout
STU-02544,1,8,1,5,1,1,1,13,1,5,4,0,0,0,1,0,0,0,19,0,6,0,0,0.0,0,0,6,0,0,0.0,0,8.9,1.4,3.51,Dropout
STU-02870,2,12,1,17,0,12,1,22,27,10,10,0,0,0,1,0,0,0,47,0,5,5,5,14.8,0,0,5,5,5,14.4,0,7.6,2.6,0.32,Graduate
STU-02037,1,8,1,9,1,1,1,1,27,6,10,1,0,0,1,1,0,0,22,0,5,8,2,10.0,0,0,5,7,1,10.0,0,7.6,2.6,0.32,Dropout
STU-02760,1,15,1,4,1,14,1,2,3,10,7,0,0,0,1,1,0,0,20,0,6,12,4,10.8,0,0,6,13,4,12.0,0,12.4,0.5,1.79,Enrolled
STU-04342,1,8,2,12,1,1,1,13,27,6,10,1,0,0,1,0,0,0,18,0,8,8,7,14.24,0,0,8,8,7,14.24,0,10.8,1.4,1.74,Graduate
STU-03265,1,1,1,16,1,1,1,13,14,8,8,1,0,0,1,0,0,0,21,0,6,9,5,12.4,0,0,6,11,1,11.0,0,12.7,3.7,-1.7,Dropout
STU-00475,1,12,1,11,1,7,1,19,24,1,1,1,0,0,0,0,0,0,28,0,5,10,0,0.0,0,0,5,10,0,0.0,0,7.6,2.6,0.32,Dropout
STU-02089,1,1,3,12,1,1,1,13,14,5,9,1,0,0,1,0,1,0,20,0,7,7,6,12.633333333333333,0,0,7,7,6,12.633333333333333,0,7.6,2.6,0.32,Graduate
STU-02258,1,15,1,4,1,14,1,5,3,3,3,0,0,0,1,1,0,0,20,1,7,13,3,10.666666666666666,0,0,6,14,2,11.5,0,15.5,2.8,-4.06,Enrolled
STU-02460,1,1,1,9,1,1,1,13,27,10,10,0,0,0,1,1,0,0,18,0,5,5,5,11.6,0,0,5,5,5,13.2,0,12.4,0.5,1.79,Graduate
STU-00174,1,13,1,3,0,1,1,13,2,5,7,0,0,0,1,0,0,0,26,0,6,10,3,11.666666666666666,0,0,6,8,5,12.0,0,9.4,-0.8,-3.12,Graduate
STU-02721,1,1,2,6,1,1,1,1,28,10,9,1,0,0,1,0,1,0,18,0,6,7,6,13.833333333333334,0,0,6,10,6,13.714285714285714,0,8.9,1.4,3.51,Graduate
STU-01122,1,1,3,14,1,1,1,1,1,6,6,0,0,0,1,0,0,0,20,0,5,6,5,13.333333333333334,0,0,5,6,5,13.2,0,7.6,2.6,0.32,Graduate
STU-00559,1,15,1,11,1,14,1,24,29,32,44,1,0,1,1,1,0,0,23,0,6,12,3,11.5,0,0,6,12,3,10.666666666666666,0,8.9,1.4,3.51,Enrolled
STU-02600,1,8,3,16,1,1,1,23,28,8,8,1,0,0,1,0,0,0,18,0,6,8,5,13.4,0,0,6,7,5,12.0,0,7.6,2.6,0.32,Enrolled
STU-00895,1,13,1,6,1,14,1,1,1,5,8,1,0,0,1,0,0,0,26,11,18,45,18,11.833333333333334,10,9,13,27,13,12.461538461538462,5,15.5,2.8,-4.06,Graduate
STU-03048,1,1,4,15,1,1,1,22,27,1,12,1,0,0,1,0,0,0,18,0,6,6,6,13.166666666666666,0,0,6,8,5,14.2,0,10.8,1.4,1.74,Dropout
STU-01673,1,15,1,8,1,14,1,3,1,5,2,1,0,0,0,0,0,0,21,1,6,12,5,13.285714285714286,0,0,6,10,4,12.0,0,16.2,0.3,-0.92,Dropout
STU-01444,1,8,1,4,1,1,1,1,4,10,6,1,0,1,0,1,0,0,26,0,6,8,0,0.0,0,0,6,10,0,0.0,0,16.2,0.3,-0.92,Dropout
STU-00805,1,1,3,16,1,1,1,1,3,6,4,0,0,0,1,0,0,0,19,0,7,7,7,13.857142857142858,0,0,7,7,7,14.285714285714286,0,11.1,0.6,2.02,Graduate
STU-03732,1,16,1,5,1,1,1,23,28,10,10,1,0,0,1,1,0,0,21,4,12,13,5,13.2,0,4,12,12,4,13.5,0,8.9,1.4,3.51,Dropout
STU-00789,1,3,3,6,1,1,1,22,27,1,12,0,0,1,1,0,1,0,18,0,5,5,5,14.4,0,0,5,5,5,14.0,0,7.6,2.6,0.32,Dropout
STU-03769,1,1,3,16,1,1,1,3,3,3,3,1,0,0,1,0,0,0,23,0,6,8,5,13.6,0,0,6,8,5,11.6,0,7.6,2.6,0.32,Enrolled
STU-03328,1,12,1,8,1,14,1,1,3,5,2,0,0,0,1,1,0,0,28,0,6,9,0,0.0,0,0,6,8,1,10.0,1,16.2,0.3,-0.92,Dropout
STU-03561,2,12,1,12,1,12,1,13,14,5,5,0,0,0,1,1,0,0,33,0,7,7,5,13.06,0,0,7,9,0,0.0,0,16.2,0.3,-0.92,Enrolled
STU-02277,2,12,1,3,0,12,1,22,27,7,7,0,0,0,1,1,0,0,49,0,6,8,6,12.166666666666666,0,0,6,8,6,14.428571428571429,0,12.4,0.5,1.79,Graduate
STU-03583,1,12,1,17,0,1,1,23,27,10,10,0,0,0,1,1,0,0,27,0,5,0,0,0.0,0,0,5,0,0,0.0,0,10.8,1.4,1.74,Dropout
STU-03522,1,8,1,2,1,1,1,22,27,8,10,1,0,0,1,1,0,0,24,12,17,19,13,11.642857142857142,0,12,17,25,12,11.25,0,11.1,0.6,2.02,Dropout
STU-00188,1,8,3,12,1,1,1,23,1,10,5,1,0,0,1,0,1,0,18,0,7,7,6,13.05,0,0,7,7,6,13.05,0,7.6,2.6,0.32,Graduate
STU-03005,1,8,1,9,1,1,1,22,28,10,10,1,0,1,1,0,1,0,18,0,5,5,5,12.8,0,0,5,5,5,13.0,0,11.1,0.6,2.02,Graduate
STU-00845,1,1,1,10,1,1,1,23,24,10,10,1,0,0,1,0,0,0,18,0,6,9,5,11.4,0,0,6,8,5,10.8,0,9.4,-0.8,-3.12,Graduate
STU-04098,1,14,1,17,0,3,1,22,27,10,10,0,0,0,1,0,0,0,37,7,14,21,12,11.833333333333334,0,11,12,15,11,11.363636363636363,0,12.7,3.7,-1.7,Graduate
STU-02697,1,12,1,11,1,12,1,13,14,4,2,0,0,1,0,1,0,0,34,0,6,6,0,0.0,0,0,6,6,0,0.0,0,15.5,2.8,-4.06,Dropout
STU-00256,2,12,1,13,1,12,1,23,27,8,8,1,0,1,0,0,1,0,37,0,7,13,1,16.0,0,0,7,12,0,0.0,0,8.9,1.4,3.51,Dropout
STU-02461,2,12,1,15,1,1,1,22,27,8,5,0,0,0,1,1,0,0,43,0,6,10,4,11.75,0,0,6,7,0,0.0,0,15.5,2.8,-4.06,Dropout
STU-00780,1,8,3,15,1,1,1,1,14,6,6,1,0,0,1,0,1,0,18,0,6,6,6,12.5,0,0,6,6,6,13.833333333333334,0,16.2,0.3,-0.92,Graduate
STU-00458,1,14,1,16,1,1,1,22,14,10,9,0,0,0,1,0,0,0,22,0,6,9,5,13.6,0,0,6,8,5,12.0,0,12.7,3.7,-1.7,Dropout
STU-02708,1,1,1,9,1,1,1,1,3,10,6,0,0,0,1,1,0,0,20,0,5,5,0,0.0,0,0,5,5,0,0.0,0,12.7,3.7,-1.7,Dropout
STU-00584,1,1,1,9,1,1,1,22,28,10,9,1,0,0,1,0,0,0,18,0,5,10,4,12.0,0,0,5,9,4,12.8,0,13.9,-0.3,0.79,Graduate
STU-02682,2,12,1,12,1,12,1,23,28,8,9,0,0,0,1,1,0,0,36,0,7,9,6,12.783333333333331,0,0,8,11,0,0.0,0,16.2,0.3,-0.92,Dropout
STU-01319,1,14,1,11,1,1,1,1,14,6,8,0,0,0,1,0,1,0,19,0,6,11,4,12.0,0,0,6,14,3,11.0,0,10.8,1.4,1.74,Dropout
STU-01354,1,8,2,16,1,1,1,23,14,5,10,1,0,0,1,0,0,0,19,0,6,0,0,0.0,0,0,6,0,0,0.0,0,10.8,1.4,1.74,Dropout
STU-01057,1,1,2,12,1,1,1,1,27,5,5,1,0,0,1,0,1,0,19,0,7,7,7,12.495714285714286,0,0,8,9,7,12.242857142857144,0,11.1,0.6,2.02,Dropout
STU-00304,1,16,1,14,1,1,1,13,14,6,6,0,0,1,0,0,0,0,18,0,5,6,2,12.5,0,0,5,6,4,10.25,0,9.4,-0.8,-3.12,Dropout
STU-01570,1,14,1,8,1,1,3,22,27,10,7,0,0,0,1,0,0,1,37,0,6,0,0,0.0,0,0,6,0,0,0.0,0,13.9,-0.3,0.79,Dropout
STU-00765,2,15,1,3,0,14,1,1,1,6,6,0,0,0,1,1,0,0,37,12,16,17,16,14.125,0,6,11,14,10,13.0,0,12.4,0.5,1.79,Graduate
STU-01435,1,1,2,12,1,1,1,1,28,10,10,1,0,0,1,0,1,0,18,0,7,9,6,12.816666666666668,0,0,8,11,6,12.875,0,11.1,0.6,2.02,Enrolled
STU-02437,1,12,1,4,1,1,1,1,3,3,7,0,0,0,1,1,0,0,32,8,18,27,13,13.714285714285714,1,7,12,18,12,12.083333333333334,0,15.5,2.8,-4.06,Graduate
STU-02456,1,15,1,4,1,14,1,13,14,6,6,1,0,0,1,1,0,0,20,0,6,8,6,14.5,0,0,6,10,6,15.3,0,16.2,0.3,-0.92,Graduate
STU-02558,1,1,2,2,1,1,1,3,3,3,3,1,0,0,1,0,0,0,18,0,0,0,0,0.0,0,0,0,0,0,0.0,0,12.4,0.5,1.79,Enrolled
STU-02975,1,1,1,2,1,1,1,1,14,15,16,1,1,0,1,0,0,0,19,0,0,0,0,0.0,0,0,0,0,0,0.0,0,13.9,-0.3,0.79,Dropout
STU-00626,1,1,1,16,1,1,1,13,14,10,9,1,0,0,1,0,0,0,21,0,6,8,5,12.0,0,0,6,9,5,10.8,0,12.7,3.7,-1.7,Dropout
STU-00043,1,1,6,12,1,1,1,1,3,3,3,1,1,0,1,0,0,0,22,0,7,9,5,13.928,0,0,8,9,7,14.342857142857142,0,11.1,0.6,2.02,Graduate
STU-02919,1,14,1,17,0,2,1,22,27,10,10,0,0,0,1,0,0,0,38,14,15,16,14,10.928571428571429,0,12,14,16,12,11.833333333333334,0,9.4,-0.8,-3.12,Dropout
STU-00911,1,1,1,16,1,1,1,22,27,10,6,0,0,0,1,0,0,0,18,0,6,6,6,13.166666666666666,0,0,6,6,6,13.333333333333334,0,7.6,2.6,0.32,Graduate
STU-02515,1,1,1,14,1,1,1,1,3,5,4,1,0,0,1,0,0,0,19,0,6,6,6,13.333333333333334,0,0,6,8,5,12.8,0,8.9,1.4,3.51,Dropout
STU-02832,1,8,3,9,1,1,1,1,1,5,8,1,0,0,1,0,0,0,18,0,5,5,5,12.6,0,0,5,5,4,11.0,0,11.1,0.6,2.02,Enrolled
STU-00879,1,1,2,14,1,1,1,13,14,8,11,0,0,0,1,1,0,0,19,0,5,7,3,12.333333333333334,0,0,5,5,5,11.6,0,9.4,-0.8,-3.12,Graduate
STU-04024,1,4,1,12,1,3,1,13,3,5,3,1,0,0,1,0,0,0,29,0,8,8,6,12.25,1,0,8,8,6,12.25,1,12.7,3.7,-1.7,Dropout
STU-04008,1,12,1,4,1,1,1,1,27,5,8,0,0,0,1,1,0,0,31,0,6,15,3,14.4,0,0,6,20,0,0.0,0,16.2,0.3,-0.92,Dropout
STU-01324,1,8,6,13,1,1,1,23,28,6,6,1,0,0,1,0,1,0,19,0,7,11,6,12.4,0,0,7,8,6,12.8,0,11.1,0.6,2.02,Graduate
STU-02380,1,1,1,8,1,1,1,2,27,10,8,1,0,0,1,1,1,0,18,0,6,7,6,13.5,0,0,6,8,6,12.5,0,12.4,0.5,1.79,Graduate
STU-02410,2,12,1,17,0,1,1,22,27,10,10,1,0,0,1,1,0,0,41,0,5,8,4,11.25,0,0,5,8,3,11.0,1,7.6,2.6,0.32,Dropout
STU-02744,1,1,1,10,1,1,1,1,1,4,4,1,0,0,1,0,1,0,20,0,6,7,6,13.666666666666666,0,0,6,7,6,14.571428571428571,0,11.1,0.6,2.02,Graduate
STU-02123,1,1,1,9,1,1,1,22,27,10,8,1,0,0,1,0,1,0,19,0,5,5,5,12.8,0,0,5,8,5,11.6,0,9.4,-0.8,-3.12,Graduate
STU-02294,1,1,1,15,1,1,1,13,27,10,10,0,0,0,1,1,0,0,19,0,6,8,6,12.833333333333334,0,0,6,8,6,13.333333333333334,0,15.5,2.8,-4.06,Graduate
STU-01710,1,1,3,12,1,1,1,22,28,10,6,1,0,0,1,0,0,0,19,0,7,7,6,12.45,0,0,7,7,6,12.45,0,7.6,2.6,0.32,Graduate
STU-04306,1,1,5,9,1,1,1,13,3,10,10,1,0,0,1,1,0,0,18,0,5,14,4,11.0,0,0,5,9,5,10.5,0,13.9,-0.3,0.79,Dropout
STU-01907,1,1,6,12,1,1,1,4,10,6,10,1,0,0,1,0,0,0,18,0,7,7,7,13.877142857142855,0,0,8,8,8,15.6625,0,12.4,0.5,1.79,Graduate
STU-01905,1,1,1,15,1,1,1,13,1,8,10,1,0,0,1,0,0,0,19,0,6,7,6,12.833333333333334,0,0,6,7,6,11.666666666666666,0,11.1,0.6,2.02,Graduate
STU-00182,1,15,1,17,0,14,1,22,14,10,9,0,0,0,1,0,1,0,26,2,6,7,6,12.666666666666666,0,2,6,7,6,13.166666666666666,1,9.4,-0.8,-3.12,Enrolled
STU-01628,1,15,1,17,0,14,1,22,27,6,6,1,0,0,1,1,0,0,32,2,6,9,4,12.5,0,3,7,7,4,11.0,0,9.4,-0.8,-3.12,Dropout
STU-01914,2,8,3,3,0,1,1,13,27,4,4,0,0,1,0,0,0,0,18,0,6,9,3,10.666666666666666,0,0,6,12,0,0.0,0,7.6,2.6,0.32,Dropout
STU-01896,1,1,1,5,1,1,1,13,14,8,10,1,0,0,1,0,0,0,19,0,6,10,2,10.5,0,0,6,6,3,11.0,0,7.6,2.6,0.32,Enrolled
STU-03346,1,1,1,11,1,1,1,22,28,10,9,1,0,0,1,1,0,0,19,0,6,13,2,12.0,0,0,6,12,1,13.0,0,7.6,2.6,0.32,Dropout
STU-03208,1,1,1,15,1,1,1,2,3,4,4,1,0,1,1,1,0,0,25,0,6,8,6,11.571428571428571,0,0,6,9,6,11.571428571428571,0,15.5,2.8,-4.06,Dropout
STU-01748,1,12,1,4,1,1,1,13,1,10,7,1,0,0,0,1,0,0,27,0,6,6,0,0.0,0,0,6,8,0,0.0,0,15.5,2.8,-4.06,Dropout
STU-03378,1,1,1,16,1,1,1,23,28,4,8,0,0,0,1,0,1,0,20,0,7,7,7,12.142857142857142,0,0,7,7,7,12.857142857142858,0,11.1,0.6,2.02,Graduate
STU-03283,2,17,1,9,1,16,1,13,14,28,31,0,0,0,1,0,0,0,30,6,11,20,9,12.22222222222222,0,3,9,16,9,11.6,0,8.9,1.4,3.51,Enrolled
STU-04201,1,1,1,9,1,1,1,22,27,29,33,0,0,0,1,0,0,0,20,0,5,10,4,11.75,0,0,5,8,5,11.8,0,11.1,0.6,2.02,Graduate
STU-01131,1,1,3,12,1,1,1,13,27,8,8,1,0,0,1,0,1,0,18,0,8,8,8,13.05875,0,0,8,8,8,13.05875,0,9.4,-0.8,-3.12,Graduate
STU-04338,1,1,1,6,1,1,1,1,14,5,10,1,0,0,1,0,0,0,24,0,5,6,5,13.0,1,0,5,9,4,13.25,0,12.7,3.7,-1.7,Graduate
STU-00953,1,15,1,4,1,14,1,1,14,5,9,0,0,0,1,1,0,0,20,0,6,7,6,13.571428571428571,0,0,6,6,6,12.666666666666666,0,12.4,0.5,1.79,Graduate
STU-00547,1,12,1,7,1,15,1,1,1,6,11,0,0,0,1,1,0,0,25,2,5,6,5,14.2,0,1,5,5,2,13.5,0,16.2,0.3,-0.92,Enrolled
STU-03491,1,1,1,2,1,1,1,22,27,10,10,1,0,0,1,1,0,0,21,0,0,0,0,0.0,0,0,0,0,0,0.0,0,12.7,3.7,-1.7,Dropout
STU-00689,3,12,1,17,0,1,1,22,1,10,3,0,0,0,1,1,0,0,43,0,5,5,5,11.8,0,0,5,6,5,14.0,0,9.4,-0.8,-3.12,Graduate
STU-02503,1,16,1,1,1,1,1,13,27,6,8,0,0,0,1,0,0,0,26,14,21,23,20,13.181818181818182,0,10,14,18,14,11.642857142857142,0,8.9,1.4,3.51,Graduate
STU-03855,1,12,1,10,1,1,1,22,20,1,5,0,0,0,0,1,0,0,32,0,6,10,2,11.0,0,0,6,12,0,0.0,0,7.6,2.6,0.32,Dropout
STU-00181,1,14,1,16,1,1,1,3,1,4,4,1,0,0,1,0,0,0,35,19,21,21,21,12.61904761904762,0,13,19,19,19,12.789473684210526,0,12.4,0.5,1.79,Graduate
STU-01768,1,15,1,11,1,14,1,13,2,10,4,0,0,0,0,1,0,0,26,2,8,14,8,15.125,0,1,6,12,6,13.666666666666666,0,11.1,0.6,2.02,Enrolled
STU-01302,1,1,5,11,1,1,1,3,14,4,10,1,0,0,0,1,0,0,19,0,6,0,0,0.0,0,0,6,0,0,0.0,0,8.9,1.4,3.51,Dropout
STU-02476,2,12,1,3,0,12,1,13,27,10,10,0,0,1,0,1,0,0,45,0,6,7,0,0.0,0,0,5,5,0,0.0,0,16.2,0.3,-0.92,Dropout
STU-03577,1,8,3,9,1,1,1,1,1,4,4,1,0,0,1,1,0,0,19,0,5,7,5,10.2,0,0,5,6,4,10.5,0,12.4,0.5,1.79,Graduate
STU-03616,1,8,1,14,1,1,1,13,1,6,5,0,0,1,1,1,0,0,18,0,6,6,3,12.666666666666666,0,0,6,11,4,11.142857142857142,0,10.8,1.4,1.74,Dropout
STU-04211,1,1,1,11,1,1,1,13,1,4,8,0,0,0,1,0,1,0,22,0,6,9,6,12.833333333333334,0,0,6,6,4,13.25,0,16.2,0.3,-0.92,Graduate
STU-02652,1,4,1,4,1,3,1,3,14,3,11,0,0,0,0,1,0,0,35,0,6,10,5,15.2,0,1,6,9,1,11.0,0,15.5,2.8,-4.06,Dropout
STU-00564,1,1,1,8,1,1,1,13,28,10,10,1,0,0,1,1,0,0,18,0,6,6,6,13.5,0,0,6,9,5,13.2,0,8.9,1.4,3.51,Graduate
STU-02606,2,15,1,6,1,14,1,22,27,30,43,0,0,0,1,0,0,0,27,0,5,12,3,14.0,2,0,5,8,5,12.0,1,9.4,-0.8,-3.12,Graduate
STU-01466,1,14,4,3,0,1,1,19,24,1,1,0,0,0,1,1,0,0,21,9,11,11,11,12.454545454545457,0,3,11,17,8,12.75,0,9.4,-0.8,-3.12,Graduate
STU-03630,1,1,1,14,1,1,1,13,14,10,9,0,0,0,0,0,1,0,19,0,6,6,6,13.833333333333334,0,0,6,7,6,14.285714285714286,0,8.9,1.4,3.51,Graduate
STU-01479,2,12,1,4,1,1,1,1,14,5,5,0,0,1,0,1,0,0,25,0,6,17,2,14.5,2,0,6,13,0,0.0,1,15.5,2.8,-4.06,Dropout
STU-00882,1,1,1,2,1,1,1,3,2,3,6,1,0,0,1,1,0,0,19,0,0,0,0,0.0,0,0,0,0,0,0.0,0,9.4,-0.8,-3.12,Graduate
STU-03916,1,1,1,9,1,1,1,22,27,10,7,1,0,0,1,0,0,0,18,0,5,6,5,13.0,0,0,5,5,5,14.0,0,7.6,2.6,0.32,Graduate
STU-01104,1,14,1,9,1,1,1,3,14,10,10,0,0,0,1,0,0,0,21,3,10,18,6,11.166666666666666,2,4,10,16,7,10.571428571428571,0,7.6,2.6,0.32,Enrolled
STU-04204,1,1,2,5,1,1,1,13,28,10,10,1,0,0,1,0,1,0,20,1,6,9,5,13.4,1,0,6,9,6,12.375,0,13.9,-0.3,0.79,Graduate
STU-04053,1,1,1,11,1,1,1,22,27,10,10,1,0,0,0,0,1,0,20,0,6,12,4,11.25,0,0,6,12,3,11.333333333333334,0,7.6,2.6,0.32,Dropout
STU-01427,1,15,1,6,1,1,1,4,4,3,7,0,0,0,1,0,0,0,22,2,6,9,6,13.333333333333334,0,1,6,9,4,11.5,0,13.9,-0.3,0.79,Graduate
STU-04149,1,1,1,9,1,1,1,22,27,10,10,1,0,0,1,0,0,0,20,0,5,9,2,10.0,0,0,5,10,2,11.0,0,7.6,2.6,0.32,Enrolled
STU-02878,1,12,1,3,0,1,1,22,27,10,8,0,0,0,1,0,0,0,49,0,6,9,5,12.333333333333334,0,0,6,12,4,11.5,0,13.9,-0.3,0.79,Enrolled
STU-03318,1,1,1,2,1,1,1,1,1,5,10,0,0,0,1,1,1,0,18,0,0,0,0,0.0,0,0,0,0,0,0.0,0,16.2,0.3,-0.92,Graduate
STU-03813,1,14,1,10,1,1,1,22,27,10,7,1,0,0,1,0,0,0,28,8,11,11,9,11.666666666666666,0,8,11,13,9,12.555555555555555,0,10.8,1.4,1.74,Graduate
STU-00459,2,12,1,4,1,1,1,1,14,5,10,1,0,0,1,0,0,0,36,4,12,14,12,13.846153846153848,0,5,12,18,11,14.090909090909092,0,8.9,1.4,3.51,Graduate
STU-00204,1,15,1,10,1,14,1,23,28,6,11,0,0,1,1,0,0,0,21,3,6,6,6,12.166666666666666,0,2,6,7,6,11.714285714285714,0,13.9,-0.3,0.79,Graduate
STU-02090,1,12,1,14,1,12,1,1,1,5,8,0,0,1,0,0,0,0,25,0,5,5,5,11.2,0,0,5,5,5,12.6,0,9.4,-0.8,-3.12,Dropout
STU-04033,1,1,6,12,1,1,1,2,14,4,10,1,0,0,1,1,0,0,18,0,8,8,8,13.74625,0,0,8,8,8,13.74625,0,9.4,-0.8,-3.12,Graduate
STU-03604,1,8,3,7,1,1,1,1,14,20,44,1,0,0,1,1,0,0,18,0,5,7,5,11.8,0,0,5,9,3,12.0,0,8.9,1.4,3.51,Enrolled
STU-02543,1,8,2,13,1,1,1,1,1,10,10,0,0,0,1,0,1,0,18,0,7,7,7,13.428571428571429,0,0,8,8,8,14.75,0,15.5,2.8,-4.06,Graduate
STU-03941,2,12,1,9,1,1,1,22,27,6,6,0,0,0,1,0,0,0,36,0,5,8,3,11.0,0,0,5,12,4,13.375,0,10.8,1.4,1.74,Enrolled
STU-04124,1,1,3,12,1,1,3,22,27,10,10,1,0,0,1,0,0,1,18,0,7,7,6,14.716666666666669,0,0,7,7,6,14.716666666666669,0,7.6,2.6,0.32,Graduate
STU-00736,1,8,2,14,1,1,1,3,3,5,11,1,0,0,1,1,0,0,21,0,6,10,6,11.875,0,0,6,8,5,12.0,0,11.1,0.6,2.02,Graduate
STU-04309,1,15,1,2,1,14,1,1,1,2,8,0,0,0,1,1,0,0,19,0,0,0,0,0.0,0,0,0,0,0,0.0,0,12.4,0.5,1.79,Dropout
STU-00288,1,12,1,3,0,11,1,19,1,12,3,0,0,0,1,0,0,0,32,0,6,9,4,12.0,0,0,6,12,4,11.5,0,7.6,2.6,0.32,Graduate
STU-01392,1,1,2,11,1,1,1,3,14,4,11,1,0,0,1,0,0,0,18,0,6,8,6,11.333333333333334,0,0,6,8,5,12.6,0,9.4,-0.8,-3.12,Graduate
STU-00342,1,1,1,2,1,1,1,3,3,3,3,1,0,0,1,0,0,0,18,0,0,0,0,0.0,0,0,0,0,0,0.0,0,15.5,2.8,-4.06,Dropout
STU-02338,1,12,1,8,1,1,1,1,28,10,10,0,0,0,1,1,0,0,25,0,6,6,0,0.0,0,0,6,6,0,0.0,0,12.4,0.5,1.79,Dropout
STU-01507,1,12,1,17,0,1,14,22,14,10,10,0,0,0,1,0,1,1,31,0,5,13,4,10.5,0,0,5,10,4,10.5,0,15.5,2.8,-4.06,Enrolled
STU-04104,1,1,2,9,1,1,1,1,14,5,10,1,0,0,1,0,0,0,19,0,5,5,5,11.2,0,0,5,11,4,11.75,0,10.8,1.4,1.74,Enrolled
STU-02246,1,8,4,10,1,1,1,22,27,10,9,1,0,0,1,1,0,0,21,0,6,6,6,12.333333333333334,0,0,6,7,6,13.666666666666666,0,8.9,1.4,3.51,Graduate
STU-01338,1,8,1,9,1,1,1,22,27,10,7,1,0,1,0,0,1,0,19,0,5,5,5,12.8,0,0,5,5,4,12.0,0,11.1,0.6,2.02,Enrolled
STU-00065,1,14,1,5,1,1,1,1,1,4,4,0,0,0,1,1,0,0,24,0,6,6,0,0.0,0,0,6,6,0,0.0,0,12.7,3.7,-1.7,Enrolled
STU-03011,1,8,1,6,1,1,1,3,2,3,4,1,0,0,1,0,0,0,20,0,6,14,6,15.75,0,0,6,8,6,13.0,0,15.5,2.8,-4.06,Graduate
STU-03465,1,8,3,5,1,1,1,3,1,5,5,1,0,0,1,0,0,0,19,0,6,6,6,13.5,0,0,6,7,6,13.428571428571429,0,8.9,1.4,3.51,Graduate
STU-03165,1,1,1,6,1,1,1,13,27,10,10,1,0,0,1,0,0,0,19,0,5,9,5,13.6,1,0,5,5,5,12.4,0,12.7,3.7,-1.7,Graduate
STU-03039,1,1,1,15,1,1,1,23,14,10,10,1,0,0,1,0,0,0,18,0,6,6,6,12.833333333333334,0,0,6,6,6,13.833333333333334,0,8.9,1.4,3.51,Graduate
STU-02564,1,1,1,10,1,1,1,23,1,3,5,0,0,0,1,0,0,0,20,0,6,11,1,12.0,0,0,5,10,0,0.0,0,9.4,-0.8,-3.12,Enrolled
STU-03041,1,1,3,15,1,1,1,1,14,10,10,1,0,0,1,0,1,0,20,0,6,6,6,13.0,0,0,6,7,6,13.142857142857142,0,12.4,0.5,1.79,Dropout
STU-00276,1,8,3,12,1,1,1,10,1,5,11,1,0,0,1,0,0,0,18,0,7,7,7,13.685714285714283,0,0,8,8,8,15.3875,0,13.9,-0.3,0.79,Graduate
STU-01963,1,1,1,14,1,1,1,1,1,6,5,1,0,0,1,0,1,0,20,0,6,9,5,13.0,0,0,6,6,5,13.8,0,12.4,0.5,1.79,Graduate
STU-02672,2,12,1,17,0,1,1,23,28,2,5,0,0,0,1,1,0,0,43,0,5,5,5,13.8,0,0,5,6,5,13.666666666666666,0,10.8,1.4,1.74,Graduate
STU-02591,1,12,1,4,1,1,1,13,14,10,10,0,0,0,1,0,0,0,30,0,6,6,0,0.0,0,0,6,6,0,0.0,0,11.1,0.6,2.02,Dropout
STU-02914,1,1,2,10,1,1,1,14,21,1,9,1,0,0,1,0,0,0,19,0,6,8,6,14.375,0,0,6,8,6,14.75,0,7.6,2.6,0.32,Graduate
STU-02879,2,13,1,16,1,1,1,22,27,5,8,0,0,0,1,0,0,0,34,6,12,18,11,13.0,0,4,13,22,8,11.875,0,12.7,3.7,-1.7,Dropout
STU-03847,1,14,1,15,1,1,1,22,28,10,6,1,0,0,0,1,0,0,26,0,6,12,3,12.0,0,0,6,15,0,0.0,0,9.4,-0.8,-3.12,Dropout
STU-01842,1,8,1,8,1,1,1,13,14,4,11,1,0,0,1,1,0,0,19,0,5,11,2,10.5,2,0,5,9,0,0.0,3,10.8,1.4,1.74,Dropout
STU-03760,1,8,1,17,0,1,1,23,27,7,8,0,0,0,1,0,0,0,20,0,5,0,0,0.0,0,0,5,0,0,0.0,0,11.1,0.6,2.02,Dropout
STU-01915,1,1,1,16,1,1,1,10,10,10,5,1,0,0,1,0,0,0,18,0,6,8,5,15.4,0,0,6,7,5,12.2,0,7.6,2.6,0.32,Graduate
STU-00954,1,9,5,12,1,1,1,13,1,2,11,0,0,0,1,0,0,0,19,0,7,0,0,0.0,0,0,8,0,0,0.0,0,9.4,-0.8,-3.12,Dropout
STU-02577,1,15,1,6,1,14,1,22,27,10,10,1,0,1,1,0,0,0,32,0,6,14,4,11.5,0,0,6,14,3,11.0,0,16.2,0.3,-0.92,Dropout
STU-03602,1,8,3,15,1,1,1,2,1,4,4,1,0,0,1,1,0,0,18,0,6,7,6,13.166666666666666,0,0,6,7,6,12.666666666666666,0,16.2,0.3,-0.92,Graduate
STU-00224,1,16,1,12,1,1,1,13,1,6,10,0,0,0,1,0,1,0,19,0,7,9,5,13.85,0,0,8,9,7,12.19285714285714,0,11.1,0.6,2.02,Graduate
STU-01301,1,8,1,9,1,1,1,1,14,4,5,0,0,0,1,1,0,0,19,0,5,7,3,12.333333333333334,0,0,5,5,0,0.0,0,8.9,1.4,3.51,Dropout
STU-03015,1,1,6,12,1,1,1,1,27,8,8,1,0,0,1,0,0,0,19,0,7,0,0,0.0,0,0,8,0,0,0.0,0,12.7,3.7,-1.7,Dropout
STU-03750,1,1,4,5,1,1,1,3,14,2,6,1,0,0,1,0,0,0,19,0,6,6,6,14.666666666666666,0,0,6,6,6,13.166666666666666,0,9.4,-0.8,-3.12,Graduate
STU-03575,1,1,1,11,1,1,1,1,28,10,10,1,0,0,1,1,1,0,20,0,6,7,6,13.571428571428571,0,0,6,8,6,13.166666666666666,0,8.9,1.4,3.51,Graduate
STU-01594,1,1,3,2,1,1,1,23,27,10,4,1,0,1,0,1,1,0,19,0,0,0,0,0.0,0,0,0,0,0,0.0,0,9.4,-0.8,-3.12,Dropout
STU-02329,1,1,1,2,1,1,1,23,14,10,3,1,0,0,1,1,1,0,18,0,0,0,0,0.0,0,0,0,0,0,0.0,0,12.7,3.7,-1.7,Graduate
STU-01483,1,1,2,14,1,1,1,3,1,3,7,1,0,0,1,1,1,0,21,0,6,8,6,15.166666666666666,0,0,6,7,6,14.428571428571429,0,8.9,1.4,3.51,Graduate
STU-00152,1,1,1,6,1,1,1,1,28,5,8,0,0,0,1,0,0,0,19,0,5,6,5,12.4,0,0,5,6,5,13.4,0,7.6,2.6,0.32,Graduate
STU-01113,1,1,2,12,1,1,1,23,14,10,8,1,0,0,1,0,1,0,20,0,7,10,5,12.62,0,0,7,8,6,12.5,0,11.1,0.6,2.02,Enrolled
STU-02308,4,14,2,17,0,13,1,3,1,3,10,0,0,0,1,1,0,0,39,0,2,5,0,0.0,0,0,4,4,0,0.0,0,10.8,1.4,1.74,Dropout
STU-03323,1,8,4,9,1,1,1,13,1,1,5,1,0,0,1,1,0,0,22,0,5,8,2,10.5,0,0,5,10,0,0.0,0,7.6,2.6,0.32,Dropout
STU-03662,1,1,1,15,1,1,1,3,3,15,20,0,0,0,1,0,0,0,18,0,6,7,6,14.285714285714286,0,0,6,8,6,13.25,0,8.9,1.4,3.51,Graduate
STU-00902,1,14,2,10,1,1,1,23,28,6,6,0,0,0,1,0,1,0,19,0,6,8,6,11.428571428571429,0,0,6,11,5,11.2,0,10.8,1.4,1.74,Graduate
STU-03123,1,8,5,14,1,1,1,13,21,8,8,1,0,0,1,0,1,0,19,0,5,8,3,10.5,0,0,5,6,4,11.75,1,7.6,2.6,0.32,Enrolled
STU-03707,1,1,1,9,1,1,1,23,1,6,6,1,0,0,1,1,1,0,22,0,5,8,5,11.2,0,0,5,13,4,11.25,0,12.7,3.7,-1.7,Graduate
STU-04072,1,1,2,11,1,1,1,1,28,5,10,1,0,0,1,0,0,0,18,0,6,10,4,11.75,0,0,6,13,4,10.0,0,7.6,2.6,0.32,Dropout
STU-03862,1,9,1,15,1,1,1,23,28,7,8,1,0,0,1,1,1,0,18,0,6,6,1,11.0,0,0,6,0,0,0.0,0,8.9,1.4,3.51,Dropout
STU-03669,1,1,1,10,1,1,14,13,14,10,10,1,0,1,1,0,1,1,19,0,6,8,6,12.666666666666666,0,0,6,7,6,12.666666666666666,0,8.9,1.4,3.51,Graduate
STU-03109,1,1,5,15,1,1,1,23,1,5,6,1,0,0,1,0,0,0,18,0,6,6,6,13.166666666666666,0,0,6,6,6,12.5,0,15.5,2.8,-4.06,Enrolled
STU-04030,4,4,1,12,1,3,1,3,14,3,4,0,0,0,1,0,0,0,43,0,7,7,3,13.833333333333334,1,0,7,7,0,0.0,0,16.2,0.3,-0.92,Dropout
STU-02069,1,9,4,16,1,1,1,13,28,5,11,1,0,0,1,0,0,0,19,0,6,8,5,12.666666666666666,0,0,6,8,5,11.0,0,15.5,2.8,-4.06,Enrolled
STU-03888,1,1,1,10,1,1,1,13,28,10,10,0,1,0,1,0,1,0,19,0,6,12,4,10.4,0,0,6,11,4,10.75,0,12.4,0.5,1.79,Enrolled
STU-03545,1,12,1,17,0,9,1,22,27,10,10,0,0,0,1,1,0,0,38,0,5,11,2,10.5,0,0,5,9,3,11.333333333333334,1,7.6,2.6,0.32,Enrolled
STU-01482,4,12,1,15,1,12,1,22,27,10,2,0,0,0,1,0,0,0,39,0,6,10,4,11.25,0,0,6,6,6,11.333333333333334,0,10.8,1.4,1.74,Graduate
STU-01864,1,8,1,5,1,1,1,22,28,10,6,1,0,0,1,1,0,0,18,0,6,6,6,11.833333333333334,0,0,6,6,6,13.166666666666666,0,7.6,2.6,0.32,Graduate
STU-03881,1,8,5,15,1,1,1,13,10,8,4,1,0,0,1,0,0,0,22,0,6,7,6,13.571428571428571,0,0,6,7,6,15.285714285714286,0,13.9,-0.3,0.79,Graduate
STU-01758,1,15,1,8,1,14,1,1,27,5,9,1,0,0,0,0,0,0,22,1,6,10,3,12.666666666666666,0,0,6,7,0,0.0,0,15.5,2.8,-4.06,Dropout
STU-02841,1,12,1,6,1,1,1,22,27,7,7,0,0,0,1,0,1,0,25,0,6,13,3,11.666666666666666,0,0,6,14,2,11.333333333333334,0,11.1,0.6,2.02,Enrolled
STU-01068,1,1,1,9,1,1,1,22,28,4,4,0,0,0,1,0,0,0,18,0,5,8,5,12.333333333333334,2,0,5,7,5,11.4,0,15.5,2.8,-4.06,Graduate
STU-03950,1,14,1,9,1,1,1,1,14,10,11,0,0,0,1,0,1,0,18,0,5,9,5,13.2,0,0,5,13,5,14.4,5,16.2,0.3,-0.92,Graduate
STU-02034,2,12,2,17,0,1,1,22,27,10,10,1,0,0,1,1,0,0,51,0,4,4,0,0.0,0,0,5,0,0,0.0,0,12.7,3.7,-1.7,Dropout
STU-02933,1,12,1,17,0,1,1,22,27,7,7,0,0,1,1,0,0,0,36,0,5,5,0,0.0,0,0,5,5,0,0.0,0,12.7,3.7,-1.7,Dropout
STU-01976,1,16,1,5,1,1,1,1,1,5,5,1,0,0,1,0,0,0,21,3,10,10,10,13.0,0,5,11,11,10,11.4,0,11.1,0.6,2.02,Dropout
STU-03635,1,1,2,6,1,1,1,3,28,5,7,0,0,0,1,0,0,0,18,0,5,7,4,12.75,0,0,5,6,4,12.75,0,7.6,2.6,0.32,Graduate
STU-03340,1,8,1,14,1,1,1,1,1,5,4,0,0,0,1,1,0,0,24,0,6,6,4,11.25,0,0,6,9,4,10.428571428571429,0,10.8,1.4,1.74,Enrolled
STU-02125,1,1,1,2,1,1,1,5,3,4,4,0,0,0,1,0,0,0,18,0,0,0,0,0.0,0,0,0,0,0,0.0,0,13.9,-0.3,0.79,Graduate
STU-01513,1,8,1,2,1,1,1,13,27,6,10,1,0,0,1,1,1,0,19,0,0,0,0,0.0,0,0,0,0,0,0.0,0,11.1,0.6,2.02,Graduate
STU-02944,1,12,1,4,1,1,1,13,14,10,2,0,0,0,1,0,0,0,26,6,12,13,6,13.0,0,4,12,14,11,13.833333333333334,0,15.5,2.8,-4.06,Graduate
STU-00590,1,1,4,13,1,1,1,22,1,6,5,0,0,0,1,0,0,0,19,0,7,9,7,12.1625,0,0,8,8,8,13.825,0,13.9,-0.3,0.79,Graduate
STU-01811,1,12,1,11,1,1,1,22,27,10,10,0,0,0,1,1,0,0,26,0,6,7,6,12.428571428571429,0,0,6,6,6,12.833333333333334,0,7.6,2.6,0.32,Graduate
STU-03632,1,1,3,15,1,1,1,23,14,8,8,1,0,1,0,0,0,0,19,0,6,7,6,12.166666666666666,0,0,6,10,2,10.333333333333334,0,16.2,0.3,-0.92,Dropout
STU-03192,1,1,1,14,1,1,1,13,27,10,10,0,0,0,1,1,0,0,18,0,6,7,4,12.6,0,0,6,6,4,13.0,0,12.4,0.5,1.79,Dropout
STU-00117,1,8,1,10,1,1,1,13,27,10,8,1,0,0,1,0,1,0,20,0,6,13,2,10.0,0,0,6,12,4,10.75,0,7.6,2.6,0.32,Enrolled
STU-00395,1,8,2,6,1,1,1,1,14,5,4,0,0,0,1,0,0,0,18,0,6,7,6,14.857142857142858,0,0,6,7,6,14.0,0,11.1,0.6,2.02,Graduate
STU-01445,1,14,1,17,0,1,1,1,1,7,7,0,0,0,1,1,0,0,34,0,5,5,5,13.8,0,0,5,6,5,13.833333333333334,0,9.4,-0.8,-3.12,Graduate
STU-00834,2,12,1,8,1,1,1,22,27,10,7,0,0,0,1,1,0,0,31,1,6,11,2,12.0,1,1,6,12,1,10.0,1,16.2,0.3,-0.92,Dropout
STU-02093,1,1,1,12,1,1,1,5,4,3,2,0,0,0,1,0,0,0,18,0,8,8,7,15.7,0,0,8,8,7,15.7,0,12.7,3.7,-1.7,Graduate
STU-03356,2,12,2,4,1,12,1,23,14,5,2,0,0,0,0,1,0,0,32,2,8,12,2,11.5,2,0,7,9,0,0.0,0,15.5,2.8,-4.06,Dropout
STU-04367,1,1,1,14,1,1,1,3,14,4,10,1,0,0,1,1,0,0,18,0,6,9,6,13.571428571428571,0,0,6,11,4,14.0,0,12.4,0.5,1.79,Graduate
STU-02068,1,8,5,5,1,1,1,4,1,5,5,1,1,0,1,0,1,0,17,0,6,6,6,13.0,0,0,6,6,6,12.5,0,15.5,2.8,-4.06,Graduate
STU-03719,1,14,1,9,1,1,1,1,28,2,8,0,0,0,1,1,0,0,21,0,5,11,2,10.5,0,0,5,13,0,0.0,0,12.7,3.7,-1.7,Dropout
STU-02493,1,16,1,3,0,1,1,1,1,5,5,0,0,1,0,1,0,0,26,2,8,13,4,10.5,0,5,10,16,7,10.428571428571429,0,12.4,0.5,1.79,Dropout
STU-02703,1,8,1,7,1,1,1,23,14,8,4,1,0,1,1,1,0,0,20,0,5,5,0,0.0,0,0,5,5,0,0.0,5,9.4,-0.8,-3.12,Dropout
STU-00360,1,12,1,6,1,17,1,3,29,3,4,0,0,0,1,0,0,0,26,0,6,0,0,0.0,0,0,6,0,0,0.0,0,8.9,1.4,3.51,Dropout
STU-03902,1,8,3,11,1,1,1,22,27,10,7,1,0,0,1,0,1,0,20,0,6,11,4,11.5,0,0,6,12,3,11.0,0,7.6,2.6,0.32,Enrolled
STU-00923,1,8,6,10,1,1,1,1,3,5,3,1,0,0,1,0,0,0,18,0,6,8,4,11.75,0,0,6,8,4,12.25,0,9.4,-0.8,-3.12,Dropout
STU-00741,1,1,1,5,1,1,1,13,14,10,8,1,0,0,1,1,0,0,18,0,6,0,0,0.0,0,0,6,0,0,0.0,0,12.4,0.5,1.79,Dropout
STU-02225,1,1,2,12,1,1,1,13,14,10,8,1,0,0,1,1,1,0,19,0,8,8,7,14.935714285714283,0,0,8,8,7,14.935714285714283,0,10.8,1.4,1.74,Graduate
STU-03518,1,1,1,7,1,1,1,23,28,10,10,1,0,0,1,1,0,0,18,0,5,10,0,0.0,0,0,5,11,1,12.0,3,7.6,2.6,0.32,Dropout
STU-01400,1,8,1,16,1,1,1,13,14,10,9,0,0,0,1,0,1,0,19,0,7,7,7,14.428571428571429,0,0,7,7,7,14.142857142857142,0,16.2,0.3,-0.92,Graduate
STU-01714,1,15,1,6,1,14,1,1,3,10,5,0,0,1,0,0,0,0,24,2,6,11,4,12.5,0,1,6,18,2,11.5,0,12.4,0.5,1.79,Enrolled
STU-03058,1,1,1,3,0,1,1,19,24,1,1,0,0,0,1,0,0,0,32,0,6,0,0,0.0,0,0,6,0,0,0.0,0,7.6,2.6,0.32,Dropout
STU-03975,1,14,1,6,1,1,1,13,28,8,8,1,0,0,1,0,0,0,20,0,5,9,4,12.0,0,0,5,10,5,13.428571428571429,1,10.8,1.4,1.74,Graduate
STU-00993,1,1,1,15,1,1,1,1,3,4,4,1,0,0,1,0,0,0,18,0,6,8,6,11.428571428571429,0,0,6,7,6,11.0,0,11.1,0.6,2.02,Dropout
STU-00985,1,1,1,9,1,1,1,1,1,3,11,0,0,0,1,1,0,0,19,0,5,8,2,10.0,0,0,5,8,1,16.0,0,7.6,2.6,0.32,Dropout
STU-00862,1,12,2,9,1,9,1,13,28,10,10,1,0,1,0,1,0,0,28,0,5,5,0,0.0,0,0,5,5,0,0.0,0,9.4,-0.8,-3.12,Dropout
STU-00643,1,1,1,9,1,1,1,22,28,5,10,1,0,0,1,0,0,0,18,0,5,8,2,10.5,0,0,5,7,3,12.333333333333334,0,7.6,2.6,0.32,Enrolled
STU-01314,1,1,4,12,1,1,1,3,29,3,4,1,0,0,1,0,0,0,18,0,7,8,7,12.65,0,0,8,9,8,13.411111111111111,0,16.2,0.3,-0.92,Dropout
STU-00531,1,8,1,9,1,1,1,22,27,5,8,0,0,0,1,1,1,0,19,0,5,12,3,11.666666666666666,0,0,5,10,3,11.666666666666666,0,12.7,3.7,-1.7,Enrolled
STU-04168,1,8,2,5,1,1,1,13,28,5,8,1,0,0,1,0,0,0,19,0,6,6,6,14.333333333333334,0,0,6,6,6,13.5,0,9.4,-0.8,-3.12,Graduate
STU-00010,1,1,1,10,1,1,1,1,14,5,8,1,0,1,0,0,0,0,18,0,6,9,5,11.4,0,0,6,14,2,13.5,0,8.9,1.4,3.51,Dropout
STU-00135,1,14,1,10,1,1,1,23,27,10,8,0,0,0,1,0,0,0,20,5,9,15,9,11.666666666666666,0,2,7,8,7,11.714285714285714,0,7.6,2.6,0.32,Graduate
STU-02745,1,12,1,11,1,1,1,13,14,5,8,0,0,1,0,0,1,0,28,0,6,6,6,10.833333333333334,0,0,6,7,5,11.0,0,13.9,-0.3,0.79,Dropout
STU-03091,1,1,1,10,1,1,1,22,27,10,10,1,0,0,1,0,0,0,19,0,6,10,4,10.25,0,0,6,8,6,10.714285714285714,0,11.1,0.6,2.02,Graduate
STU-04250,2,14,1,17,0,3,1,22,27,10,10,0,0,0,1,0,0,0,41,5,10,11,10,14.3,0,5,10,10,10,14.2,0,12.7,3.7,-1.7,Graduate
STU-01708,1,1,4,9,1,1,1,1,28,9,10,1,0,0,1,1,0,0,19,0,5,5,4,10.75,0,0,5,6,4,12.25,0,12.4,0.5,1.79,Enrolled
STU-00613,1,1,1,5,1,1,1,1,1,2,2,1,0,0,1,0,0,0,20,0,6,6,6,12.833333333333334,0,0,6,10,6,11.166666666666666,0,12.4,0.5,1.79,Graduate
STU-00711,2,12,1,17,0,12,1,23,28,12,12,1,0,0,1,1,0,0,45,0,5,5,0,0.0,0,0,5,5,0,0.0,0,7.6,2.6,0.32,Dropout
STU-02630,1,12,9,17,0,1,1,23,28,10,6,0,0,0,1,1,0,0,28,0,5,7,4,12.75,0,0,5,7,5,14.333333333333334,0,10.8,1.4,1.74,Enrolled
STU-03358,1,14,1,4,1,1,1,3,3,2,3,0,0,0,1,1,0,0,22,0,6,12,0,0.0,0,0,6,10,0,0.0,0,16.2,0.3,-0.92,Dropout
STU-01246,2,12,1,16,1,1,1,22,27,6,6,0,0,0,1,0,0,0,34,0,7,11,1,10.0,0,0,7,7,1,13.0,0,16.2,0.3,-0.92,Dropout
STU-02629,1,1,1,9,1,1,1,1,14,8,8,0,0,0,1,1,1,0,18,0,5,10,4,10.8,0,0,5,10,4,11.75,0,15.5,2.8,-4.06,Enrolled
STU-03367,1,1,1,17,0,1,1,22,27,10,4,0,0,0,1,1,0,0,26,0,5,11,2,11.5,0,0,5,10,3,12.0,0,7.6,2.6,0.32,Enrolled
STU-00106,1,16,1,5,1,1,1,3,1,3,9,0,0,1,1,0,0,0,20,4,10,12,10,13.0,0,5,11,11,11,12.272727272727272,0,11.1,0.6,2.02,Graduate
STU-00759,1,1,1,11,1,1,1,1,1,4,4,1,0,0,1,1,0,0,20,0,6,10,6,12.333333333333334,0,0,6,9,4,13.0,0,12.4,0.5,1.79,Graduate
STU-02516,1,8,4,7,1,1,15,1,1,29,36,1,0,0,1,1,0,1,20,0,5,10,4,14.25,0,0,5,14,1,10.0,0,8.9,1.4,3.51,Enrolled
STU-01244,1,13,1,6,1,14,1,13,3,10,2,1,0,0,1,0,0,0,21,2,6,14,5,13.666666666666666,0,2,6,10,5,13.0,0,16.2,0.3,-0.92,Graduate
STU-04424,1,5,1,15,1,1,9,23,27,6,10,1,0,0,1,0,0,1,22,0,6,8,6,11.666666666666666,0,0,6,6,6,13.0,0,12.7,3.7,-1.7,Graduate
STU-00286,2,12,1,15,1,9,1,1,1,5,5,0,0,0,1,0,0,0,24,0,6,6,6,12.166666666666666,0,0,6,6,6,13.833333333333334,0,7.6,2.6,0.32,Graduate
STU-02385,1,8,1,7,1,1,1,13,1,5,6,0,0,0,1,1,0,0,20,0,5,10,4,11.5,0,0,5,11,0,0.0,0,13.9,-0.3,0.79,Enrolled
STU-03656,1,15,1,10,1,14,1,1,1,4,6,0,0,0,1,0,1,0,20,3,6,6,6,12.833333333333334,0,2,6,6,6,12.833333333333334,0,13.9,-0.3,0.79,Graduate
STU-01215,1,1,4,12,1,1,1,13,14,8,10,1,0,0,1,0,1,0,18,0,7,9,6,13.533333333333331,0,0,7,7,7,12.228571428571428,0,12.4,0.5,1.79,Enrolled
STU-01631,2,12,1,8,1,12,1,22,28,10,10,0,0,0,1,1,0,0,53,0,5,9,4,12.25,2,0,5,8,4,11.75,0,9.4,-0.8,-3.12,Graduate
STU-03490,1,1,1,10,1,1,1,1,1,4,4,0,0,0,1,1,0,0,20,0,6,9,5,11.0,0,0,6,9,5,12.166666666666666,0,11.1,0.6,2.02,Graduate
STU-01543,4,8,5,3,0,1,1,13,14,12,12,0,0,0,1,0,0,0,38,0,5,12,1,10.0,0,0,5,10,0,0.0,0,10.8,1.4,1.74,Dropout
STU-01044,1,1,6,12,1,1,1,23,28,10,10,1,0,0,1,0,1,0,18,0,7,11,6,11.994444444444444,0,0,8,11,7,12.43142857142857,0,15.5,2.8,-4.06,Graduate
STU-03976,1,8,4,12,1,1,1,22,27,6,6,1,0,0,1,0,0,0,21,0,7,7,7,14.428571428571429,0,0,8,9,8,14.511111111111113,0,16.2,0.3,-0.92,Graduate
STU-02472,2,12,1,6,1,12,1,22,27,12,12,0,0,0,0,1,0,0,29,0,5,5,0,0.0,0,0,5,5,0,0.0,0,12.7,3.7,-1.7,Dropout
STU-03142,1,8,2,9,1,1,1,1,14,5,6,1,0,0,1,0,0,0,21,0,5,10,4,11.75,0,0,5,6,5,11.6,0,12.4,0.5,1.79,Graduate
STU-01026,1,8,3,6,1,1,1,1,14,5,12,0,0,0,0,0,0,0,21,0,5,8,2,11.5,0,0,5,7,2,10.5,0,7.6,2.6,0.32,Dropout
STU-03174,1,12,1,13,1,1,1,23,14,10,7,1,0,0,1,0,1,0,25,0,7,11,5,12.58,0,0,7,9,6,12.157142857142857,0,8.9,1.4,3.51,Graduate
STU-03537,1,12,1,17,0,1,1,22,27,10,10,0,0,0,1,1,0,0,40,0,5,0,0,0.0,0,0,5,0,0,0.0,0,12.7,3.7,-1.7,Dropout
STU-02972,1,12,1,17,0,3,1,13,1,10,6,0,0,0,1,0,0,0,25,0,5,14,1,11.0,0,0,5,11,2,12.666666666666666,4,16.2,0.3,-0.92,Dropout
STU-02236,1,1,1,2,1,1,1,13,14,5,9,1,0,0,1,1,1,0,21,0,0,0,0,0.0,0,0,0,0,0,0.0,0,12.4,0.5,1.79,Graduate
STU-03047,1,1,1,6,1,1,1,1,1,10,8,0,0,0,1,0,0,0,19,0,5,7,3,12.333333333333334,0,0,5,7,4,10.25,0,7.6,2.6,0.32,Enrolled
STU-02492,1,1,2,9,1,1,1,1,1,10,7,0,0,0,1,1,0,0,19,0,5,9,5,10.8,0,0,5,13,2,13.5,0,8.9,1.4,3.51,Enrolled
STU-03433,1,1,1,15,1,1,1,23,28,10,8,1,0,0,1,0,1,0,19,0,6,6,6,14.833333333333334,0,0,6,6,6,14.666666666666666,0,12.7,3.7,-1.7,Graduate
STU-03284,1,1,4,11,1,1,1,23,26,10,10,1,0,0,1,0,1,0,18,0,6,7,6,11.333333333333334,0,0,6,9,6,10.833333333333334,0,9.4,-0.8,-3.12,Graduate
STU-04146,1,1,1,10,1,1,1,13,1,2,4,0,0,0,1,0,0,0,21,0,6,0,0,0.0,0,0,6,0,0,0.0,0,15.5,2.8,-4.06,Dropout
STU-04237,1,14,1,15,1,1,1,23,14,10,10,1,0,0,1,1,1,0,20,0,6,6,6,12.333333333333334,0,0,6,7,6,14.0,0,12.4,0.5,1.79,Graduate
STU-00185,1,8,2,11,1,1,1,1,14,5,7,0,0,0,1,0,0,0,20,0,6,0,0,0.0,0,0,6,0,0,0.0,0,11.1,0.6,2.02,Dropout
STU-01850,1,14,3,11,1,1,1,3,3,3,3,0,0,0,1,1,0,0,19,0,6,14,3,12.5,0,0,6,9,4,11.0,0,12.7,3.7,-1.7,Enrolled
STU-02156,1,1,1,12,1,1,1,13,14,10,10,0,0,0,1,0,1,0,19,0,7,10,7,15.114999999999998,0,0,8,10,8,15.092,0,15.5,2.8,-4.06,Graduate
STU-02876,1,16,1,9,1,1,1,1,27,10,11,0,0,0,1,0,0,0,53,14,15,15,15,11.8,0,12,13,13,12,11.666666666666666,1,8.9,1.4,3.51,Enrolled
STU-03034,1,3,2,10,1,1,1,25,28,3,10,1,0,0,1,0,0,0,19,0,6,6,6,14.0,0,0,6,6,6,13.333333333333334,0,8.9,1.4,3.51,Graduate
STU-00101,1,17,1,6,1,16,1,23,28,10,10,0,0,0,1,0,0,0,21,7,10,12,8,12.875,0,4,9,14,5,13.4,0,8.9,1.4,3.51,Dropout
STU-04366,1,1,2,2,1,1,1,23,28,5,10,1,0,0,1,1,0,0,19,0,0,0,0,0.0,0,0,0,0,0,0.0,0,7.6,2.6,0.32,Graduate
STU-03966,1,1,3,12,1,1,1,13,14,6,6,1,0,0,1,0,1,0,18,0,8,8,8,13.01125,0,0,8,8,8,13.01125,0,9.4,-0.8,-3.12,Graduate
STU-03194,1,13,1,5,1,1,1,3,2,4,2,0,0,0,1,1,0,0,20,6,7,13,7,12.375,0,4,7,8,4,11.25,0,13.9,-0.3,0.79,Dropout
STU-02989,1,8,1,2,1,1,1,3,3,4,4,1,0,0,0,0,0,0,19,6,12,12,12,13.0,0,4,11,14,11,13.25,0,8.9,1.4,3.51,Graduate
STU-03736,1,1,2,12,1,1,1,23,27,10,10,1,0,0,1,1,0,0,19,0,7,7,6,13.2,0,0,7,7,6,13.2,0,7.6,2.6,0.32,Graduate
STU-00557,1,8,1,9,1,1,1,13,1,8,5,1,0,0,1,1,0,0,20,0,5,8,3,11.0,0,0,5,11,3,12.0,0,10.8,1.4,1.74,Enrolled
STU-03473,4,12,1,3,0,12,1,22,27,10,10,0,0,1,0,0,0,0,50,0,6,11,0,0.0,0,0,5,6,0,0.0,0,8.9,1.4,3.51,Dropout
STU-02270,2,12,1,17,0,1,1,22,27,2,2,0,0,0,1,1,0,0,59,0,5,7,0,0.0,0,0,5,7,0,0.0,0,16.2,0.3,-0.92,Dropout
STU-01258,1,1,3,13,1,1,1,23,27,8,8,1,0,0,1,0,0,0,19,0,7,9,7,11.677777777777775,0,0,8,8,8,13.8,0,12.7,3.7,-1.7,Graduate
STU-03610,1,1,1,2,1,1,1,1,27,10,10,0,0,1,1,1,0,0,19,0,0,0,0,0.0,0,0,0,0,0,0.0,0,15.5,2.8,-4.06,Enrolled
STU-00213,1,14,1,8,1,1,1,1,3,10,3,1,0,0,1,0,1,0,20,0,6,8,6,15.625,0,0,6,8,6,15.857142857142858,0,13.9,-0.3,0.79,Graduate
STU-01365,1,1,1,12,1,1,1,13,27,5,10,0,0,0,1,1,0,0,19,0,7,7,6,13.7,0,0,7,7,6,13.7,0,7.6,2.6,0.32,Graduate
STU-04020,1,1,2,12,1,1,1,1,1,6,10,1,0,0,1,0,1,0,19,0,8,8,8,13.9475,0,0,8,8,8,13.9475,0,9.4,-0.8,-3.12,Graduate
STU-00690,4,12,2,9,1,12,1,22,27,10,8,0,0,1,0,1,0,0,70,0,5,5,0,0.0,0,0,5,9,0,0.0,0,10.8,1.4,1.74,Dropout
STU-03441,1,8,1,13,1,1,1,1,28,5,10,0,0,0,1,0,0,0,19,0,7,10,6,11.15,0,0,7,7,7,12.814285714285717,0,12.7,3.7,-1.7,Enrolled
STU-02609,1,8,4,11,1,1,1,23,28,6,6,1,0,0,1,0,0,0,20,0,6,6,6,11.0,0,0,6,8,4,12.75,0,9.4,-0.8,-3.12,Graduate
STU-02645,1,12,1,4,1,1,1,22,14,7,5,0,0,0,1,1,0,0,35,1,6,7,5,12.8,0,1,6,11,5,13.833333333333334,0,15.5,2.8,-4.06,Graduate
STU-04095,2,4,1,10,1,3,1,22,14,5,6,0,0,0,1,0,0,0,38,0,6,17,4,13.75,0,0,6,15,6,14.5,0,16.2,0.3,-0.92,Graduate
STU-03474,2,1,1,9,1,1,1,19,24,1,1,0,0,0,1,0,0,0,24,14,15,17,14,11.357142857142858,0,13,14,15,13,12.846153846153848,0,7.6,2.6,0.32,Dropout
STU-01862,1,12,1,7,1,1,1,1,1,5,5,0,0,0,1,1,0,0,34,0,5,7,0,0.0,0,0,5,8,1,11.0,0,10.8,1.4,1.74,Enrolled
STU-02889,1,8,1,10,1,1,1,22,27,10,8,0,0,0,1,0,1,0,19,0,6,8,6,13.75,0,0,6,7,6,11.857142857142858,0,16.2,0.3,-0.92,Graduate
STU-02391,2,12,1,4,1,1,1,1,27,10,2,0,0,1,0,1,0,0,25,3,10,23,6,11.428571428571429,0,2,7,15,4,12.0,1,15.5,2.8,-4.06,Dropout
STU-00615,1,1,1,12,1,1,1,13,27,10,10,1,0,0,1,0,1,0,19,0,8,8,7,12.357142857142858,0,0,8,8,7,12.357142857142858,0,12.7,3.7,-1.7,Graduate
STU-00262,1,12,1,3,0,1,1,22,27,13,13,0,0,0,1,0,0,0,34,0,6,0,0,0.0,0,0,6,0,0,0.0,0,12.7,3.7,-1.7,Dropout
STU-03776,1,1,1,6,1,1,1,22,27,5,10,1,0,1,1,0,0,0,29,4,5,11,4,12.5,2,1,5,11,2,12.5,0,12.7,3.7,-1.7,Dropout
STU-01682,1,1,1,15,1,1,1,1,14,5,5,0,0,0,1,1,0,0,19,0,6,11,4,12.25,0,0,6,10,3,12.666666666666666,0,7.6,2.6,0.32,Enrolled
STU-02312,1,1,1,12,1,1,1,1,14,10,10,0,0,0,1,1,0,0,18,0,7,7,6,13.391666666666666,0,0,8,8,8,12.4875,0,12.4,0.5,1.79,Graduate
STU-04101,1,14,1,13,1,1,1,1,1,5,9,1,1,0,1,0,0,0,20,1,7,9,7,12.333333333333334,0,0,8,8,8,12.625,0,12.7,3.7,-1.7,Enrolled
STU-02545,1,15,1,4,1,14,1,23,28,7,4,0,0,0,1,0,0,0,19,0,6,18,3,11.666666666666666,0,0,6,14,4,11.5,0,15.5,2.8,-4.06,Enrolled
STU-03482,1,8,1,2,1,1,1,22,27,10,10,0,0,0,1,1,0,0,22,0,0,0,0,0.0,0,0,0,0,0,0.0,0,12.7,3.7,-1.7,Graduate
STU-03376,1,15,1,4,1,14,1,23,28,7,7,1,0,0,1,0,0,0,21,0,6,11,6,13.428571428571429,0,0,6,12,6,12.857142857142858,0,15.5,2.8,-4.06,Graduate
STU-01612,1,7,5,6,1,1,1,13,27,9,9,1,0,0,1,1,0,0,18,0,5,11,5,13.0,2,0,5,7,5,12.4,0,9.4,-0.8,-3.12,Enrolled
STU-00847,2,12,1,17,0,1,1,1,1,32,23,0,0,0,1,0,0,0,34,0,5,12,5,10.4,0,0,5,11,5,12.0,0,12.4,0.5,1.79,Graduate
STU-02446,1,12,1,12,1,1,1,22,27,10,10,0,0,0,1,1,0,0,34,0,7,15,6,11.333333333333334,0,0,7,16,4,12.6,0,16.2,0.3,-0.92,Enrolled
STU-01289,1,1,1,15,1,1,1,21,27,1,1,1,0,0,1,1,0,0,20,0,6,9,5,12.6,0,0,6,11,4,11.5,0,7.6,2.6,0.32,Graduate
STU-00603,1,4,1,12,1,15,1,1,1,10,5,0,0,0,1,0,0,0,24,4,7,7,7,16.885714285714283,0,3,8,9,8,15.744444444444444,0,16.2,0.3,-0.92,Graduate
STU-03530,1,1,1,12,1,1,1,10,1,5,11,0,0,0,1,1,0,0,20,0,7,9,5,12.7,0,0,8,9,7,13.475,0,13.9,-0.3,0.79,Enrolled
STU-01196,1,8,1,16,1,1,1,13,14,5,8,1,0,0,1,0,0,0,18,0,7,9,6,11.5,0,0,7,8,7,12.714285714285714,0,13.9,-0.3,0.79,Enrolled
STU-04293,2,12,1,12,1,3,1,1,1,5,7,0,0,0,1,1,0,0,32,0,7,7,7,13.62857142857143,0,0,8,8,8,13.9125,0,13.9,-0.3,0.79,Graduate
STU-00062,1,15,1,10,1,14,1,13,1,10,10,0,0,0,1,0,1,0,21,3,6,7,6,12.0,0,2,6,7,6,12.0,0,13.9,-0.3,0.79,Graduate
STU-01281,1,1,3,15,1,1,4,13,14,5,10,1,0,0,1,1,1,1,18,0,6,7,6,13.5,0,0,6,7,6,13.0,0,16.2,0.3,-0.92,Graduate
STU-00479,1,1,1,12,1,1,1,3,1,4,4,0,1,0,1,0,0,0,18,0,7,10,6,11.98,0,0,8,11,7,13.225,0,16.2,0.3,-0.92,Graduate
STU-02733,1,1,1,12,1,1,1,13,14,5,5,1,0,0,1,0,0,0,20,0,8,8,7,14.014285714285714,0,0,8,8,7,14.014285714285714,0,12.7,3.7,-1.7,Enrolled
STU-02758,1,15,1,6,1,14,1,3,5,3,3,0,0,0,1,1,0,0,23,0,6,19,0,0.0,0,0,6,6,0,0.0,0,13.9,-0.3,0.79,Dropout
STU-03153,1,8,1,15,1,1,1,2,1,15,26,0,0,1,1,0,1,0,18,0,6,6,6,15.666666666666666,0,0,6,6,6,13.833333333333334,0,8.9,1.4,3.51,Graduate
STU-00316,1,1,1,9,1,1,1,1,28,5,4,0,0,0,1,0,0,0,18,0,5,5,5,16.2,0,0,5,5,5,16.4,0,11.1,0.6,2.02,Graduate
STU-03993,1,8,1,10,1,1,1,23,14,24,36,1,0,0,1,0,1,0,18,0,6,8,6,12.833333333333334,0,0,6,6,6,12.166666666666666,0,8.9,1.4,3.51,Graduate
STU-02256,1,12,1,11,1,1,1,22,27,10,7,0,0,0,1,1,0,0,54,0,6,9,6,13.714285714285714,0,0,6,13,5,14.333333333333334,0,16.2,0.3,-0.92,Dropout
STU-04398,1,3,4,16,1,1,1,3,28,4,9,1,0,0,1,0,0,0,21,0,6,9,5,12.6,0,0,6,9,3,11.666666666666666,0,9.4,-0.8,-3.12,Enrolled
STU-02488,1,9,1,9,1,1,1,13,1,10,8,1,0,0,1,1,0,0,20,0,5,0,0,0.0,0,0,5,0,0,0.0,0,12.4,0.5,1.79,Dropout
STU-02004,1,8,5,16,1,1,1,13,28,5,9,1,0,0,1,0,1,0,18,0,6,8,6,11.666666666666666,0,0,6,9,4,12.0,0,10.8,1.4,1.74,Dropout
STU-03595,1,1,1,8,1,1,1,2,3,10,2,0,0,0,1,1,0,0,19,0,5,14,2,11.5,2,0,5,8,5,11.4,3,9.4,-0.8,-3.12,Enrolled
STU-00574,1,1,6,9,1,1,1,3,14,5,6,0,0,0,1,1,0,0,20,0,5,14,3,12.4,0,0,5,8,5,10.833333333333334,0,13.9,-0.3,0.79,Enrolled
STU-03009,1,1,1,8,1,1,1,25,14,3,10,1,0,0,1,0,0,0,18,0,6,8,5,14.4,0,0,6,11,4,14.6,0,8.9,1.4,3.51,Dropout
STU-02798,1,1,2,14,1,1,1,1,28,8,8,1,0,0,1,1,0,0,19,0,6,6,6,13.333333333333334,0,0,6,8,5,14.0,0,8.9,1.4,3.51,Graduate
STU-02628,1,1,1,12,1,1,1,1,14,5,5,0,0,0,1,1,0,0,19,0,7,7,7,12.2,0,0,7,7,7,12.2,0,7.6,2.6,0.32,Enrolled
STU-03042,1,8,5,12,1,1,1,13,1,10,5,1,0,0,1,0,0,0,18,0,7,8,6,13.39,0,0,8,10,7,12.757142857142856,0,11.1,0.6,2.02,Enrolled
STU-04125,1,1,1,6,1,1,1,22,14,10,6,1,0,0,1,0,1,0,19,0,5,10,2,13.5,0,0,5,11,5,11.4,1,10.8,1.4,1.74,Enrolled
STU-00339,1,8,1,10,1,1,1,3,1,10,11,0,0,0,1,0,0,0,19,0,6,9,5,12.166666666666666,0,0,6,8,6,12.428571428571429,0,13.9,-0.3,0.79,Graduate
STU-01577,2,12,2,14,1,12,1,22,27,10,10,0,0,0,1,0,0,0,46,0,6,10,5,11.4,0,0,6,9,4,13.75,0,12.4,0.5,1.79,Dropout
STU-03056,5,4,1,8,1,3,1,13,28,10,7,0,0,0,0,0,0,0,27,1,5,8,3,14.666666666666666,2,0,5,7,2,13.0,2,10.8,1.4,1.74,Dropout
STU-00020,1,1,1,16,1,1,1,13,14,8,8,1,0,0,1,0,0,0,18,0,7,7,6,11.666666666666666,0,0,7,8,6,13.5,0,16.2,0.3,-0.92,Enrolled
STU-04164,1,8,2,10,1,1,1,13,28,10,10,1,0,0,1,0,0,0,19,0,6,9,6,12.166666666666666,0,0,6,9,6,11.0,0,8.9,1.4,3.51,Graduate
STU-02382,1,1,3,5,1,1,1,13,28,6,8,1,0,0,1,1,1,0,19,0,6,6,6,15.166666666666666,0,0,6,6,6,12.333333333333334,0,12.4,0.5,1.79,Graduate
STU-01836,1,1,1,10,1,1,1,23,28,29,43,0,0,1,1,0,1,0,20,0,6,7,5,11.4,0,0,6,9,6,11.5,0,8.9,1.4,3.51,Graduate
STU-00197,1,9,6,12,1,1,1,22,27,6,6,1,0,0,1,0,0,0,18,0,8,8,8,12.93375,0,0,8,8,8,12.93375,0,9.4,-0.8,-3.12,Graduate
STU-01898,1,1,1,15,1,1,1,3,3,3,3,1,0,1,0,0,0,0,18,0,6,7,5,12.2,0,0,6,11,4,11.5,0,11.1,0.6,2.02,Dropout
STU-00965,1,1,1,15,1,1,1,1,3,4,8,1,0,0,1,1,1,0,18,0,6,7,6,11.666666666666666,0,0,6,12,5,10.2,0,12.4,0.5,1.79,Graduate
STU-00327,1,14,1,12,1,6,1,1,27,10,10,1,0,0,1,0,0,0,19,0,7,7,6,13.333333333333334,0,0,7,7,6,13.333333333333334,0,7.6,2.6,0.32,Graduate
STU-04184,1,1,1,6,1,1,1,23,28,10,11,1,0,0,1,0,0,0,20,0,5,6,5,14.8,1,0,5,6,5,14.0,0,12.7,3.7,-1.7,Graduate
STU-00392,1,12,1,12,1,1,1,1,14,6,4,0,1,0,1,0,0,0,26,0,7,11,5,11.2,0,0,8,13,5,12.14,0,16.2,0.3,-0.92,Enrolled
STU-04345,1,8,5,10,1,1,1,23,27,10,10,0,0,1,0,0,0,0,21,0,6,10,5,11.833333333333334,0,0,6,10,5,13.2,0,13.9,-0.3,0.79,Dropout
STU-01685,1,8,3,5,1,1,1,22,27,6,6,1,0,0,1,1,0,0,18,0,6,6,6,14.166666666666666,0,0,6,8,5,13.0,0,10.8,1.4,1.74,Graduate
STU-01918,1,1,4,12,1,1,1,13,28,10,11,1,0,0,1,0,0,0,20,0,7,7,7,12.485714285714286,0,0,8,12,8,12.9375,0,16.2,0.3,-0.92,Graduate
STU-02766,1,7,4,12,1,1,1,1,1,5,5,1,0,0,1,0,0,0,18,0,8,8,8,13.11,0,0,8,8,8,13.11,0,9.4,-0.8,-3.12,Graduate
STU-00524,1,9,3,6,1,1,18,1,1,10,10,1,0,0,1,0,1,1,18,0,5,9,4,12.0,0,0,5,8,5,13.0,0,10.8,1.4,1.74,Graduate
STU-03538,1,12,2,9,1,12,1,23,14,5,11,0,0,0,0,1,0,0,32,0,5,5,0,0.0,0,0,5,9,0,0.0,0,10.8,1.4,1.74,Dropout
STU-02412,2,12,1,3,0,1,1,19,24,12,12,0,0,0,0,0,0,0,51,0,6,13,4,11.25,0,0,6,12,0,0.0,1,10.8,1.4,1.74,Dropout
STU-04081,1,1,1,2,1,1,1,22,27,8,10,1,0,0,0,0,1,0,18,0,0,0,0,0.0,0,0,0,0,0,0.0,0,12.7,3.7,-1.7,Dropout
STU-03696,1,12,1,17,0,12,1,13,27,10,10,0,0,0,0,1,0,0,29,0,5,11,2,11.333333333333334,0,0,5,9,1,12.0,0,11.1,0.6,2.02,Dropout
STU-04084,1,4,1,17,0,3,1,3,14,3,4,0,0,0,1,0,0,0,28,0,5,7,5,13.714285714285714,0,0,5,7,5,13.142857142857142,0,16.2,0.3,-0.92,Graduate
STU-01582,1,7,2,5,1,1,1,1,3,5,3,1,0,0,1,0,0,0,18,0,6,11,1,11.0,1,0,6,11,4,11.0,4,7.6,2.6,0.32,Enrolled
STU-02985,1,13,4,12,1,6,1,1,14,3,10,1,0,0,1,0,1,0,18,0,7,7,6,14.35,0,0,7,7,6,14.35,0,7.6,2.6,0.32,Graduate
STU-02496,1,12,1,15,1,12,1,22,27,1,1,1,0,0,1,1,0,0,28,0,6,7,6,13.166666666666666,0,0,6,6,6,13.666666666666666,0,7.6,2.6,0.32,Graduate
STU-00525,1,1,1,13,1,1,18,5,3,2,2,1,0,0,1,0,0,1,18,0,7,8,4,12.0,0,0,8,8,0,0.0,0,16.2,0.3,-0.92,Dropout
STU-02076,1,8,2,10,1,1,1,22,27,10,5,0,0,0,1,0,1,0,19,0,6,7,6,14.142857142857142,0,0,6,6,6,15.0,0,13.9,-0.3,0.79,Graduate
STU-02462,1,9,3,11,1,1,1,13,14,10,7,1,0,0,1,1,0,0,18,0,6,0,0,0.0,0,0,6,0,0,0.0,0,13.9,-0.3,0.79,Dropout
STU-00089,1,1,6,9,1,1,1,23,27,10,10,1,0,0,1,1,0,0,23,0,5,6,4,14.0,0,0,5,5,5,13.8,0,11.1,0.6,2.02,Enrolled
STU-00088,1,8,1,5,1,1,1,13,28,5,1,1,0,0,1,1,0,0,20,0,6,9,6,10.666666666666666,1,0,6,6,5,11.2,0,7.6,2.6,0.32,Graduate
STU-04186,1,1,1,17,0,1,1,13,27,10,10,1,0,0,1,0,0,0,20,0,5,10,0,0.0,0,0,5,10,0,0.0,3,7.6,2.6,0.32,Enrolled
STU-00990,1,8,2,6,1,1,1,13,28,10,2,1,0,1,0,1,0,0,19,0,6,10,5,12.5,0,0,6,19,2,13.5,0,12.4,0.5,1.79,Dropout
STU-03059,1,1,4,12,1,1,1,23,14,9,8,1,0,0,1,0,0,0,18,0,8,8,7,12.628571428571428,0,0,8,8,7,12.628571428571428,0,12.7,3.7,-1.7,Graduate
STU-02506,1,1,6,12,1,1,1,13,14,10,10,1,0,0,1,0,1,0,18,0,8,8,7,13.585714285714284,0,0,8,8,7,13.585714285714284,0,12.7,3.7,-1.7,Graduate
STU-00328,1,1,1,10,1,1,1,1,1,10,7,0,0,1,1,0,0,0,18,0,6,10,6,11.857142857142858,0,0,6,9,5,11.0,0,13.9,-0.3,0.79,Graduate
STU-03391,1,8,1,16,1,1,1,23,28,10,10,0,0,1,1,0,1,0,18,0,7,7,7,12.714285714285714,0,0,7,7,7,12.285714285714286,0,16.2,0.3,-0.92,Graduate
STU-01219,1,1,2,12,1,1,1,1,1,5,11,1,0,0,1,0,0,0,19,0,8,8,7,12.764285714285714,0,0,8,8,7,12.764285714285714,0,10.8,1.4,1.74,Graduate
STU-03045,1,3,5,11,1,1,1,1,27,10,8,1,0,0,1,0,1,0,19,0,6,6,6,12.333333333333334,0,0,6,6,6,12.833333333333334,0,12.4,0.5,1.79,Graduate
STU-02452,1,12,1,4,1,1,1,1,3,10,11,0,0,1,0,1,0,0,44,2,7,14,4,12.0,2,0,6,16,0,0.0,1,15.5,2.8,-4.06,Dropout
STU-01181,6,12,1,12,1,1,1,22,27,10,10,0,0,0,1,0,0,0,36,0,7,12,4,11.5,0,0,7,14,3,12.333333333333334,0,16.2,0.3,-0.92,Dropout
STU-00569,1,8,1,6,1,1,1,23,14,9,9,0,0,0,1,1,0,0,20,0,5,7,5,14.6,1,0,5,5,5,14.2,0,12.7,3.7,-1.7,Graduate
STU-03027,1,1,4,15,1,1,1,3,14,3,4,1,1,0,1,0,0,0,18,0,6,10,6,12.571428571428571,0,0,6,11,6,12.571428571428571,0,10.8,1.4,1.74,Enrolled
STU-03809,4,11,1,5,1,2,1,19,24,1,1,0,0,0,1,0,0,0,53,15,18,18,17,13.176470588235292,0,13,18,18,16,13.0,0,7.6,2.6,0.32,Dropout
STU-01261,1,1,3,10,1,1,1,1,1,4,4,1,0,0,1,0,0,0,20,0,6,9,5,11.8,0,0,6,7,6,11.5,0,7.6,2.6,0.32,Graduate
STU-00016,1,1,1,15,1,1,1,13,27,10,4,1,0,0,1,0,0,0,20,0,6,6,5,13.2,0,0,6,7,0,0.0,0,15.5,2.8,-4.06,Dropout
STU-00819,1,8,2,12,1,1,1,13,27,4,6,1,0,0,0,0,1,0,20,0,7,7,7,13.462857142857144,0,0,8,10,7,13.164285714285716,0,11.1,0.6,2.02,Enrolled
STU-01274,2,16,1,16,1,1,1,22,27,8,9,0,0,0,1,0,0,0,35,0,7,7,0,0.0,0,0,6,0,0,0.0,0,8.9,1.4,3.51,Dropout
STU-00787,1,1,1,5,1,1,1,3,3,2,3,1,0,0,1,0,0,0,18,0,6,6,6,13.666666666666666,0,0,6,6,5,14.0,0,12.7,3.7,-1.7,Graduate
STU-02307,1,4,1,8,1,3,1,2,28,3,4,1,0,0,0,1,0,0,18,2,5,7,2,13.0,0,0,5,5,0,0.0,0,12.7,3.7,-1.7,Dropout
STU-00443,1,8,6,12,1,1,1,13,28,10,4,1,0,0,1,0,0,0,19,0,8,9,7,12.3,0,0,8,9,7,12.3,0,12.7,3.7,-1.7,Graduate
STU-00195,1,1,4,12,1,1,1,23,28,10,9,1,0,0,1,0,0,0,18,0,8,8,7,12.242857142857144,0,0,8,8,7,12.242857142857144,0,12.7,3.7,-1.7,Graduate
STU-03116,1,1,1,10,1,1,1,13,28,6,9,0,0,0,1,0,1,0,19,0,6,6,6,15.0,0,0,6,6,6,13.333333333333334,0,8.9,1.4,3.51,Graduate
STU-03665,1,1,6,12,1,1,1,10,27,6,10,1,0,0,1,0,0,0,19,0,7,8,6,13.731666666666667,0,0,8,10,7,13.771428571428572,0,12.4,0.5,1.79,Dropout
STU-00295,1,1,1,5,1,1,1,23,27,4,7,1,0,0,1,0,1,0,19,0,6,9,5,12.0,0,0,6,10,2,11.333333333333334,0,8.9,1.4,3.51,Dropout
STU-04364,1,8,3,16,1,1,1,19,24,1,1,0,0,0,1,0,0,0,18,0,6,10,2,10.5,0,0,6,13,0,0.0,0,7.6,2.6,0.32,Dropout
STU-00802,1,1,2,10,1,1,1,13,1,10,9,1,0,1,0,0,0,0,18,0,6,0,0,0.0,0,0,6,0,0,0.0,0,11.1,0.6,2.02,Dropout
STU-03087,1,14,1,17,0,1,1,22,27,10,10,1,0,0,1,0,0,0,22,9,15,17,15,11.2,0,9,14,15,14,12.428571428571429,0,7.6,2.6,0.32,Graduate
STU-00549,1,1,1,12,1,1,1,22,27,10,10,0,0,0,1,1,0,0,18,0,8,11,6,13.496666666666668,1,0,8,11,6,13.496666666666668,1,9.4,-0.8,-3.12,Enrolled
STU-01309,1,9,1,12,1,1,1,22,28,6,8,1,0,0,1,0,0,0,18,0,8,8,7,13.314285714285717,0,0,8,8,7,13.314285714285717,0,12.7,3.7,-1.7,Graduate
STU-00140,1,9,1,12,1,1,1,13,1,5,9,0,0,0,1,0,0,0,18,0,7,8,7,17.125,0,0,8,8,8,17.5875,0,13.9,-0.3,0.79,Graduate
STU-04009,1,9,3,16,1,1,1,23,27,6,10,1,0,0,0,1,0,0,19,0,6,10,4,12.0,0,0,6,12,0,0.0,0,10.8,1.4,1.74,Dropout
STU-00280,1,1,1,12,1,1,1,13,14,6,6,1,0,0,1,0,1,0,20,0,7,8,7,14.00375,0,0,8,11,7,13.812857142857142,0,15.5,2.8,-4.06,Graduate
STU-01385,1,12,1,5,1,1,1,1,1,6,4,1,0,0,1,1,1,0,24,0,6,6,6,15.0,0,0,6,6,2,16.0,0,15.5,2.8,-4.06,Graduate
STU-01840,1,12,1,5,1,1,1,1,14,5,5,1,0,0,1,0,0,0,24,0,6,6,6,15.166666666666666,0,0,6,6,2,15.5,0,15.5,2.8,-4.06,Graduate
STU-02522,1,1,2,11,1,1,1,4,3,8,5,1,0,0,1,0,0,0,18,0,6,8,6,12.142857142857142,0,0,6,6,6,11.166666666666666,0,8.9,1.4,3.51,Graduate
STU-02009,1,1,1,2,1,1,1,22,27,10,8,1,0,0,1,0,0,0,18,0,0,0,0,0.0,0,0,0,0,0,0.0,0,7.6,2.6,0.32,Graduate
STU-01362,1,1,4,12,1,1,1,22,28,10,10,1,0,0,1,1,1,0,18,0,8,8,7,13.331428571428573,0,0,8,8,7,13.331428571428573,0,10.8,1.4,1.74,Graduate
STU-00685,4,12,1,4,1,12,1,22,27,10,10,0,0,0,1,1,0,0,49,6,12,17,7,12.0,0,3,12,19,9,11.22222222222222,0,15.5,2.8,-4.06,Graduate
STU-03198,1,1,6,9,1,1,1,1,14,2,7,1,0,0,1,1,0,0,19,0,5,6,5,12.6,0,0,5,8,3,12.666666666666666,0,8.9,1.4,3.51,Graduate
STU-03485,1,12,1,12,1,1,1,22,27,8,8,0,0,0,0,1,0,0,38,0,7,11,5,12.18,0,0,7,11,4,11.8125,0,11.1,0.6,2.02,Dropout
STU-02694,1,1,1,4,1,1,1,23,1,10,5,0,0,0,1,1,0,0,18,0,6,7,6,16.0,0,0,6,6,6,15.166666666666666,0,12.4,0.5,1.79,Graduate
STU-02886,1,12,1,3,0,2,1,22,27,6,8,0,0,0,1,0,0,0,39,7,11,13,11,14.454545454545457,0,6,8,8,8,13.5,0,12.7,3.7,-1.7,Graduate
STU-00358,1,12,1,17,0,1,1,22,27,12,9,0,0,0,1,0,0,0,33,0,5,0,0,0.0,0,0,5,0,0,0.0,0,12.7,3.7,-1.7,Dropout
STU-02198,1,14,1,5,1,1,1,1,1,5,8,1,0,0,1,1,0,0,19,3,6,7,3,11.666666666666666,0,1,6,13,4,10.333333333333334,0,13.9,-0.3,0.79,Enrolled
STU-00250,1,1,1,14,1,1,1,13,1,10,9,1,0,0,1,0,1,0,18,0,6,10,6,13.25,0,0,6,13,5,14.142857142857142,0,11.1,0.6,2.02,Graduate
STU-01532,1,8,3,12,1,1,1,23,1,10,6,1,0,0,1,0,0,0,18,0,7,7,6,13.033333333333331,0,0,7,7,6,13.033333333333331,0,7.6,2.6,0.32,Graduate
STU-04301,1,15,1,4,1,14,1,1,27,7,7,1,0,0,1,1,0,0,20,0,6,14,5,11.714285714285714,0,0,6,15,5,12.0,0,16.2,0.3,-0.92,Graduate
STU-02337,1,14,1,17,0,1,1,22,14,10,5,0,0,0,1,1,0,0,40,1,5,6,4,10.25,0,3,8,18,5,11.2,5,15.5,2.8,-4.06,Dropout
STU-04412,1,15,1,8,1,14,1,22,27,10,4,1,0,0,1,1,0,0,21,1,6,8,6,12.5,0,0,6,11,3,13.333333333333334,0,13.9,-0.3,0.79,Dropout
STU-04411,1,1,1,5,1,1,1,22,14,10,5,0,0,0,1,1,1,0,20,1,6,7,6,13.5,0,1,6,9,5,12.5,0,10.8,1.4,1.74,Graduate
STU-01589,1,8,1,11,1,1,1,22,27,6,5,1,0,0,1,1,0,0,19,0,6,13,2,10.5,0,0,6,11,1,12.0,0,10.8,1.4,1.74,Dropout
STU-03693,1,12,1,14,1,1,1,23,27,8,8,0,0,0,1,1,0,0,29,0,6,7,1,14.0,0,0,6,6,0,0.0,0,16.2,0.3,-0.92,Dropout
STU-01515,1,8,1,12,1,1,1,13,27,10,10,1,0,0,1,0,0,0,19,0,7,0,0,0.0,0,0,8,0,0,0.0,0,15.5,2.8,-4.06,Dropout
STU-02947,1,15,1,16,1,14,1,3,27,3,8,0,0,0,1,0,0,0,19,0,6,0,0,0.0,0,0,6,0,0,0.0,0,12.4,0.5,1.79,Dropout
STU-02154,1,13,1,10,1,1,1,1,14,5,10,0,0,0,1,0,0,0,21,10,13,21,11,13.272727272727272,0,6,11,13,9,13.0,0,7.6,2.6,0.32,Graduate
STU-00730,1,14,1,14,1,1,1,3,2,3,3,1,0,0,1,1,0,0,18,0,6,13,4,13.75,0,0,6,8,5,11.2,0,13.9,-0.3,0.79,Enrolled
STU-01886,1,1,1,12,1,1,1,13,2,10,4,1,0,0,1,0,0,0,19,0,7,7,6,12.183333333333332,0,0,7,7,6,12.183333333333332,0,7.6,2.6,0.32,Graduate
STU-00991,1,8,1,12,1,1,1,1,3,10,3,1,0,0,1,0,0,0,18,0,7,7,7,14.728571428571428,0,0,8,11,8,16.327272727272728,0,16.2,0.3,-0.92,Graduate
STU-02830,1,8,1,2,1,1,1,3,1,10,10,1,0,0,1,0,0,0,20,0,0,0,0,0.0,0,0,0,0,0,0.0,0,12.7,3.7,-1.7,Dropout
STU-02215,1,15,1,4,1,14,1,13,14,10,8,1,0,1,1,1,0,0,21,0,6,7,6,15.285714285714286,0,0,6,6,6,15.166666666666666,0,12.4,0.5,1.79,Graduate
STU-00035,1,1,1,17,0,1,1,2,27,4,10,0,0,0,1,1,0,0,34,0,5,6,5,12.4,0,0,5,9,5,13.428571428571429,0,13.9,-0.3,0.79,Graduate
STU-03761,1,2,1,9,1,1,1,22,27,10,10,1,0,0,1,0,0,0,29,13,15,19,13,11.76923076923077,0,12,14,17,14,11.928571428571429,0,9.4,-0.8,-3.12,Graduate
STU-03796,1,1,3,7,1,1,1,4,28,3,8,1,0,0,1,1,0,0,18,0,5,8,5,14.0,0,0,5,6,5,13.2,0,8.9,1.4,3.51,Graduate
STU-02781,1,1,3,12,1,1,1,23,28,6,8,1,0,0,1,0,1,0,18,0,7,8,7,13.778571428571428,0,0,8,10,8,13.122222222222222,0,16.2,0.3,-0.92,Graduate
STU-03584,1,8,6,9,1,1,1,22,28,10,10,1,0,1,0,1,0,0,19,0,5,8,4,12.5,0,0,5,9,5,10.5,0,8.9,1.4,3.51,Enrolled
STU-02463,1,1,1,2,1,1,1,3,3,3,3,1,0,0,1,1,0,0,18,0,0,0,0,0.0,0,0,0,0,0,0.0,0,9.4,-0.8,-3.12,Dropout
STU-01356,1,1,1,6,1,1,1,1,10,5,6,0,0,0,1,0,0,0,20,0,6,10,6,13.428571428571429,0,0,6,11,5,12.666666666666666,0,13.9,-0.3,0.79,Enrolled
STU-03155,1,1,5,12,1,1,1,1,1,4,9,1,0,0,1,0,0,0,18,0,7,9,6,12.183333333333332,0,0,7,9,6,11.783333333333331,0,16.2,0.3,-0.92,Enrolled
STU-02275,2,12,1,2,1,12,1,22,27,10,10,0,0,0,1,1,0,0,36,0,0,0,0,0.0,0,0,0,0,0,0.0,0,10.8,1.4,1.74,Dropout
STU-00198,1,4,1,7,1,3,1,3,2,3,3,0,0,0,1,0,0,0,35,0,5,0,0,0.0,0,0,5,0,0,0.0,0,13.9,-0.3,0.79,Dropout
STU-03497,2,12,1,17,0,1,1,22,27,6,9,0,0,0,0,1,0,0,43,0,5,13,2,11.5,0,0,5,12,3,10.8,0,13.9,-0.3,0.79,Dropout
STU-01872,1,1,6,12,1,1,1,1,1,5,5,1,0,0,1,1,1,0,20,0,7,14,1,13.0,0,0,7,15,0,0.0,0,11.1,0.6,2.02,Dropout
STU-00457,1,4,1,4,1,3,1,23,27,6,7,0,0,0,1,0,0,0,32,0,6,7,0,0.0,0,0,6,6,0,0.0,0,12.4,0.5,1.79,Dropout
STU-00604,1,12,1,3,0,1,1,1,1,5,5,0,0,0,1,0,0,0,27,0,6,6,6,12.5,0,1,6,6,6,12.333333333333334,0,15.5,2.8,-4.06,Graduate
STU-00499,1,8,1,5,1,1,1,13,28,10,8,0,0,0,1,0,0,0,18,0,6,7,5,11.8,0,0,6,6,6,12.666666666666666,0,16.2,0.3,-0.92,Graduate
STU-01381,1,9,1,13,1,1,1,3,14,3,9,1,0,0,1,1,0,0,21,0,7,8,7,12.375,0,0,7,11,5,12.583333333333334,0,8.9,1.4,3.51,Graduate
STU-03072,1,12,1,3,0,13,1,1,1,5,5,0,0,1,0,1,0,0,29,0,6,6,0,0.0,0,0,5,5,0,0.0,0,8.9,1.4,3.51,Dropout
STU-01986,1,8,2,11,1,1,1,22,27,10,8,1,0,0,1,0,1,0,20,0,6,10,4,11.6,0,0,6,10,4,11.75,0,12.7,3.7,-1.7,Graduate
STU-01067,1,1,6,12,1,1,1,23,27,6,7,1,0,0,1,0,1,0,19,0,7,7,6,13.416666666666666,0,0,7,7,6,13.416666666666666,0,7.6,2.6,0.32,Graduate
STU-03267,1,8,2,14,1,1,1,3,1,4,2,0,0,0,1,0,0,0,19,0,5,5,5,13.4,0,0,5,5,5,14.0,0,9.4,-0.8,-3.12,Graduate
STU-02276,1,1,2,17,0,1,1,1,3,5,3,0,0,0,0,1,0,0,22,0,5,7,3,11.666666666666666,0,0,5,8,2,10.5,2,7.6,2.6,0.32,Dropout
STU-03987,1,1,2,15,1,1,1,22,27,10,10,1,0,0,1,0,0,0,18,0,6,14,4,11.25,0,0,6,9,5,13.0,0,9.4,-0.8,-3.12,Graduate
STU-04303,1,8,6,9,1,1,1,22,27,10,10,1,0,0,1,1,0,0,25,13,15,15,13,10.76923076923077,0,11,14,15,12,11.833333333333334,0,7.6,2.6,0.32,Dropout
STU-02445,1,1,1,16,1,1,1,19,24,1,1,0,0,0,1,1,0,0,20,0,6,12,0,0.0,0,0,6,12,0,0.0,0,7.6,2.6,0.32,Dropout
STU-00037,1,12,1,7,1,8,1,19,27,1,1,1,0,0,1,1,0,0,43,0,5,0,0,0.0,0,0,5,0,0,0.0,0,7.6,2.6,0.32,Dropout
STU-03248,1,8,5,6,1,1,1,1,28,5,8,1,0,0,1,0,1,0,20,0,6,7,6,15.428571428571429,0,0,6,7,6,13.5,0,13.9,-0.3,0.79,Graduate
STU-03759,1,15,1,6,1,1,1,1,1,5,4,1,0,0,1,0,0,0,20,0,6,13,5,11.8,0,0,6,19,4,12.0,0,12.4,0.5,1.79,Enrolled
STU-02340,1,8,1,7,1,1,1,13,14,10,10,0,0,0,1,1,0,0,20,0,5,6,5,15.8,0,0,5,8,5,13.714285714285714,0,11.1,0.6,2.02,Enrolled
STU-00307,1,8,4,14,1,1,1,1,14,6,6,1,0,0,1,0,0,0,18,0,6,8,6,11.875,0,0,6,11,4,14.6,0,11.1,0.6,2.02,Graduate
STU-00935,1,12,1,12,1,1,1,3,1,3,6,1,0,0,1,0,0,0,34,0,8,11,7,11.705714285714285,0,0,8,11,7,11.705714285714285,0,10.8,1.4,1.74,Enrolled
STU-01704,1,1,1,10,1,1,1,23,28,8,8,1,0,0,1,1,0,0,18,0,6,8,6,12.5,0,0,6,7,6,11.5,0,10.8,1.4,1.74,Graduate
STU-01242,2,12,1,8,1,1,1,13,14,5,5,0,0,0,0,1,0,0,31,0,4,12,2,11.0,2,0,5,9,3,11.666666666666666,0,9.4,-0.8,-3.12,Dropout
STU-02837,2,12,1,17,0,1,1,19,24,1,1,1,0,0,1,0,0,0,46,0,5,5,0,0.0,0,0,5,5,0,0.0,0,7.6,2.6,0.32,Dropout
STU-04419,1,15,1,5,1,14,1,3,28,4,10,0,0,0,1,1,0,0,20,2,7,7,6,12.5,0,5,9,10,7,13.142857142857142,1,16.2,0.3,-0.92,Graduate
STU-03505,1,1,1,14,1,1,1,1,1,6,10,0,0,0,1,1,1,0,18,0,6,8,6,12.166666666666666,0,0,6,7,5,13.0,0,13.9,-0.3,0.79,Graduate
STU-01545,1,12,1,3,0,1,1,19,24,1,1,1,0,0,1,0,0,0,27,0,6,11,4,12.25,0,0,6,16,3,12.0,0,7.6,2.6,0.32,Dropout
STU-01665,1,1,1,6,1,1,1,22,27,10,2,0,0,0,1,0,0,0,20,0,5,8,5,14.166666666666666,2,0,5,6,4,11.75,2,9.4,-0.8,-3.12,Graduate
STU-02899,1,9,6,12,1,1,1,3,14,4,9,1,0,0,1,0,0,0,21,0,8,8,7,12.414285714285716,0,0,8,8,7,12.414285714285716,0,12.7,3.7,-1.7,Graduate
STU-01548,2,12,1,17,0,7,1,19,24,1,1,0,0,0,0,0,0,0,39,0,5,5,0,0.0,0,0,5,5,0,0.0,0,7.6,2.6,0.32,Dropout
STU-04421,1,1,2,15,1,1,19,1,1,10,10,1,0,1,0,0,0,1,18,0,6,6,6,12.0,0,0,6,6,2,11.0,0,11.1,0.6,2.02,Dropout
STU-01227,1,1,1,9,1,1,1,7,14,5,4,0,0,0,1,0,0,0,23,0,5,8,3,10.666666666666666,0,0,5,8,5,11.6,0,7.6,2.6,0.32,Graduate
STU-03911,1,8,1,15,1,1,1,13,14,5,5,1,0,0,1,0,0,0,20,0,6,9,6,11.666666666666666,0,0,6,8,5,11.6,0,7.6,2.6,0.32,Enrolled
STU-02895,1,8,4,16,1,1,1,23,27,10,10,1,0,0,1,0,0,0,20,0,6,7,6,12.666666666666666,0,0,6,7,5,13.0,0,7.6,2.6,0.32,Graduate
STU-04153,1,1,3,6,1,1,1,8,14,12,12,1,0,0,1,0,0,0,18,0,5,6,5,13.333333333333334,0,0,5,7,4,14.8,0,7.6,2.6,0.32,Graduate
STU-03361,1,8,4,14,1,1,1,1,1,5,8,0,0,0,0,0,0,0,19,0,6,7,3,12.666666666666666,0,0,6,10,5,13.125,0,10.8,1.4,1.74,Dropout
STU-02993,1,1,2,15,1,1,1,3,3,4,3,1,0,0,1,0,0,0,20,0,6,0,0,0.0,0,0,6,0,0,0.0,0,16.2,0.3,-0.92,Dropout
STU-04142,1,4,1,5,1,3,1,3,5,3,3,1,0,0,1,0,0,0,32,0,3,3,2,16.0,0,0,3,3,1,16.0,0,7.6,2.6,0.32,Dropout
STU-04406,1,1,4,12,1,1,1,22,27,8,8,1,0,0,1,1,1,0,18,0,8,8,7,14.314285714285717,0,0,8,8,7,14.314285714285717,0,12.7,3.7,-1.7,Graduate
STU-01692,1,9,3,5,1,1,1,1,27,5,8,1,0,0,0,1,0,0,19,0,6,0,0,0.0,0,0,6,0,0,0.0,0,12.7,3.7,-1.7,Dropout
STU-03430,2,4,1,9,1,3,1,22,27,10,10,0,0,0,1,0,0,0,23,0,5,0,0,0.0,0,0,5,0,0,0.0,0,7.6,2.6,0.32,Dropout
STU-01824,1,12,1,14,1,1,1,1,1,5,5,0,0,0,1,0,0,0,24,0,6,12,2,11.666666666666666,0,0,6,20,2,10.5,6,16.2,0.3,-0.92,Dropout
STU-01702,1,1,1,15,1,1,1,1,1,6,6,1,0,0,1,1,0,0,18,0,6,6,6,13.666666666666666,0,0,6,6,6,14.5,0,12.7,3.7,-1.7,Graduate
STU-02875,2,12,1,17,0,9,1,22,24,12,12,1,0,0,1,0,0,0,50,0,5,0,0,0.0,0,0,5,0,0,0.0,0,7.6,2.6,0.32,Dropout
STU-00814,1,1,1,12,1,1,1,3,4,4,4,0,0,0,1,0,0,0,18,0,7,7,7,14.45,0,0,8,9,8,14.144444444444444,0,11.1,0.6,2.02,Graduate
STU-02964,2,1,1,17,0,3,1,1,3,5,10,0,0,0,1,0,0,0,23,0,5,5,5,10.8,0,0,5,9,4,11.5,0,9.4,-0.8,-3.12,Graduate
STU-03917,1,8,1,3,0,1,1,23,27,7,7,0,0,0,1,0,1,0,24,0,6,11,4,12.0,0,0,6,7,6,13.0,0,10.8,1.4,1.74,Graduate
STU-01340,1,9,1,12,1,1,1,22,28,8,9,1,0,0,1,0,1,0,19,0,8,8,7,11.4,0,0,8,8,7,11.4,0,10.8,1.4,1.74,Graduate
STU-00428,1,8,1,9,1,1,1,23,2,10,3,1,0,0,1,0,0,0,20,0,5,8,3,11.333333333333334,0,0,5,12,2,10.666666666666666,0,10.8,1.4,1.74,Enrolled
STU-01958,1,4,1,12,1,3,1,22,27,5,5,0,0,0,1,0,0,0,25,0,8,8,7,14.805714285714286,0,0,8,8,7,14.805714285714286,0,10.8,1.4,1.74,Graduate
STU-01831,1,1,1,16,1,1,1,22,14,10,9,0,0,1,1,0,0,0,18,0,6,10,5,13.0,0,0,6,10,4,11.5,0,12.7,3.7,-1.7,Dropout
STU-00694,1,12,1,1,1,1,14,23,27,10,9,0,0,1,0,1,0,1,35,0,7,18,3,11.25,0,0,7,7,0,0.0,0,16.2,0.3,-0.92,Dropout
STU-01719,1,12,1,7,1,1,1,23,27,8,8,0,0,0,1,1,0,0,24,0,5,9,0,0.0,0,0,5,8,2,14.5,2,7.6,2.6,0.32,Dropout
STU-02022,1,12,1,16,1,1,1,13,1,10,5,0,0,0,0,0,0,0,30,0,6,0,0,0.0,0,0,6,0,0,0.0,0,12.7,3.7,-1.7,Dropout
STU-01827,1,1,1,10,1,1,1,23,1,6,8,0,0,0,1,0,1,0,18,0,6,7,6,13.285714285714286,0,0,6,6,6,14.333333333333334,0,12.4,0.5,1.79,Graduate
STU-03658,1,1,5,12,1,1,1,22,3,10,3,1,0,0,1,0,0,0,20,0,7,8,6,13.271428571428572,0,0,8,8,7,14.471428571428572,0,13.9,-0.3,0.79,Graduate
STU-00136,1,1,1,14,1,1,1,1,28,4,10,0,0,1,0,0,1,0,19,0,6,7,5,12.0,0,0,6,9,4,12.5,0,12.4,0.5,1.79,Dropout
STU-01737,1,1,6,12,1,1,1,3,1,3,2,1,0,0,1,1,0,0,18,0,8,10,8,13.05375,2,0,8,10,8,13.05375,2,9.4,-0.8,-3.12,Graduate
STU-03201,2,12,1,10,1,16,1,13,28,9,9,0,0,0,1,1,0,0,33,0,6,6,0,0.0,0,0,5,5,0,0.0,0,8.9,1.4,3.51,Dropout
STU-02477,1,14,2,12,1,1,1,23,27,5,5,1,0,0,1,1,1,0,28,18,23,23,20,13.5,3,18,23,23,20,13.5,3,7.6,2.6,0.32,Graduate
STU-04266,1,8,5,15,1,1,1,1,14,10,6,1,0,0,1,1,0,0,19,0,6,6,6,13.166666666666666,0,0,6,8,6,12.428571428571429,0,16.2,0.3,-0.92,Graduate
STU-00149,1,1,1,9,1,1,1,3,14,3,11,0,0,0,1,0,0,0,18,0,5,10,5,13.375,0,0,5,9,5,14.166666666666666,0,13.9,-0.3,0.79,Graduate
STU-02845,2,12,1,17,0,1,1,22,27,10,10,0,0,0,1,0,0,0,50,0,5,9,2,10.5,0,0,5,7,3,11.0,0,12.7,3.7,-1.7,Enrolled
STU-00477,1,1,2,13,1,1,1,13,14,10,10,1,0,0,1,0,0,0,21,0,2,2,2,12.5,0,0,7,0,0,0.0,0,12.4,0.5,1.79,Dropout
STU-00366,1,1,1,6,1,1,1,22,28,8,6,1,0,0,1,0,1,0,21,0,6,13,6,16.153846153846153,0,0,6,10,6,15.75,0,15.5,2.8,-4.06,Graduate
STU-02986,1,8,1,5,1,1,1,22,14,10,10,1,0,0,1,0,0,0,19,0,6,6,6,14.333333333333334,0,0,6,6,6,13.5,0,12.7,3.7,-1.7,Graduate
STU-04054,1,14,1,5,1,1,1,2,3,4,3,0,0,0,1,0,0,0,19,1,6,6,5,12.4,0,0,6,8,6,12.75,0,10.8,1.4,1.74,Enrolled
STU-00645,1,1,2,15,1,1,1,23,28,8,8,1,0,1,0,0,0,0,20,0,6,0,0,0.0,0,0,6,0,0,0.0,0,8.9,1.4,3.51,Dropout
STU-02713,1,1,2,9,1,1,1,22,28,8,10,0,0,1,1,0,1,0,19,0,5,11,2,11.5,0,0,5,10,0,0.0,0,12.7,3.7,-1.7,Dropout
STU-04339,1,1,1,14,1,1,1,22,27,10,7,0,0,0,1,0,1,0,18,0,5,7,3,12.666666666666666,0,0,5,5,4,12.5,0,9.4,-0.8,-3.12,Enrolled
STU-03126,1,14,1,10,1,1,1,19,24,1,1,0,0,0,1,0,0,0,30,9,16,19,15,12.266666666666667,0,11,13,14,13,12.071428571428571,0,9.4,-0.8,-3.12,Graduate
STU-02746,1,1,2,16,1,1,1,22,14,10,9,1,0,0,1,0,0,0,21,0,6,7,6,13.428571428571429,0,0,6,8,6,13.142857142857142,0,7.6,2.6,0.32,Graduate
STU-00776,1,15,1,6,1,14,1,1,1,5,8,1,0,1,1,0,0,0,22,2,6,9,6,12.0,0,1,6,12,3,12.0,0,13.9,-0.3,0.79,Dropout
STU-00009,1,1,3,10,1,1,15,1,1,10,10,0,0,0,1,0,1,1,21,0,6,8,6,13.875,0,0,6,7,6,14.142857142857142,0,16.2,0.3,-0.92,Graduate
STU-04067,1,1,1,13,1,1,1,13,28,10,10,1,0,0,1,0,1,0,20,0,7,10,7,11.88888888888889,0,0,8,10,8,11.95625,0,12.7,3.7,-1.7,Graduate
STU-01660,1,1,1,2,1,1,1,3,3,2,3,1,0,0,1,0,0,0,20,0,0,0,0,0.0,0,0,0,0,0,0.0,0,13.9,-0.3,0.79,Enrolled
STU-00786,1,1,1,10,1,1,1,1,1,2,2,1,0,0,1,0,0,0,19,0,6,10,6,10.833333333333334,0,0,6,7,6,12.142857142857142,0,11.1,0.6,2.02,Graduate
STU-02888,1,1,1,16,1,1,1,13,27,10,10,0,0,0,1,0,1,0,18,0,6,8,6,13.142857142857142,0,0,6,6,6,12.833333333333334,0,15.5,2.8,-4.06,Graduate
STU-01370,1,17,1,14,1,16,1,1,14,10,10,0,0,0,1,1,1,0,23,0,6,7,5,13.0,0,0,6,7,6,12.857142857142858,0,8.9,1.4,3.51,Graduate
STU-00607,1,8,1,8,1,1,1,13,3,4,3,1,0,1,1,0,1,0,19,0,5,7,0,0.0,0,0,5,5,0,0.0,0,7.6,2.6,0.32,Dropout
STU-03576,1,1,1,8,1,1,1,4,3,4,4,0,0,0,1,1,0,0,18,0,6,7,6,14.285714285714286,0,0,6,9,6,14.857142857142858,0,11.1,0.6,2.02,Graduate
STU-01845,1,1,6,12,1,1,1,1,1,10,10,1,1,1,1,1,0,0,19,2,7,8,7,13.075,0,1,8,11,8,12.36111111111111,0,12.4,0.5,1.79,Graduate
STU-02032,4,12,1,11,1,1,1,23,27,10,10,0,0,1,1,0,0,0,45,4,10,12,5,12.166666666666666,4,2,8,8,0,0.0,2,12.7,3.7,-1.7,Dropout
STU-00664,1,1,3,14,1,1,1,22,27,1,1,1,0,0,1,0,0,0,18,0,5,7,3,12.0,0,0,5,7,4,13.25,1,7.6,2.6,0.32,Graduate
STU-02314,1,15,1,8,1,14,1,22,27,7,7,1,0,0,1,1,0,0,22,0,5,7,4,14.5,0,0,5,5,5,14.6,0,10.8,1.4,1.74,Graduate
STU-01661,1,17,1,6,1,16,1,1,14,5,7,1,0,0,1,0,0,0,27,7,12,17,11,14.727272727272728,0,4,9,10,7,14.142857142857142,0,8.9,1.4,3.51,Graduate
STU-01310,1,1,3,12,1,1,1,23,28,10,10,1,0,0,1,0,0,0,19,0,8,8,7,11.98857142857143,0,0,8,8,7,11.98857142857143,0,10.8,1.4,1.74,Graduate
STU-03956,1,12,1,12,1,12,1,1,14,5,11,1,0,0,1,0,0,0,27,0,7,0,0,0.0,0,0,8,0,0,0.0,0,11.1,0.6,2.02,Dropout
STU-02706,1,12,2,9,1,1,1,13,5,5,2,1,0,0,1,1,0,0,24,0,5,8,3,10.666666666666666,1,0,5,5,1,14.0,0,9.4,-0.8,-3.12,Dropout
STU-00444,1,1,5,12,1,1,1,13,14,8,9,1,0,0,1,0,1,0,18,0,8,8,7,12.694285714285714,0,0,8,8,7,12.694285714285714,0,10.8,1.4,1.74,Graduate
STU-03551,1,1,1,12,1,1,1,23,14,32,44,1,0,0,1,1,0,0,21,0,7,9,6,12.565,0,0,8,12,5,12.16,0,11.1,0.6,2.02,Enrolled
STU-03857,1,12,1,11,1,1,1,22,27,10,10,0,0,0,1,1,0,0,36,0,6,8,6,13.571428571428571,0,0,6,9,5,13.2,0,12.7,3.7,-1.7,Graduate
STU-02678,1,14,1,17,0,1,1,22,27,10,10,0,0,0,1,1,0,0,31,1,5,6,5,13.833333333333334,0,0,5,7,5,15.4,0,9.4,-0.8,-3.12,Graduate
STU-03564,1,15,1,7,1,14,1,3,28,3,4,0,0,1,0,1,0,0,24,2,6,6,2,16.0,0,2,7,7,2,16.0,0,8.9,1.4,3.51,Dropout
STU-01759,1,1,4,14,1,1,1,4,14,3,6,1,0,0,1,0,0,0,19,0,6,7,6,14.428571428571429,0,0,6,8,6,15.0,2,16.2,0.3,-0.92,Graduate
STU-00538,1,8,1,11,1,1,1,3,14,5,5,0,0,0,1,1,0,0,21,0,6,7,5,11.0,0,0,6,7,5,12.4,0,15.5,2.8,-4.06,Graduate
STU-01995,1,1,1,11,1,1,1,13,7,1,1,1,0,0,1,0,1,0,20,0,6,12,0,0.0,0,0,6,12,0,0.0,0,7.6,2.6,0.32,Dropout
STU-02955,4,12,1,10,1,1,1,22,27,10,10,1,0,0,1,0,1,0,39,0,6,7,6,14.0,0,0,6,7,5,14.8,0,12.7,3.7,-1.7,Graduate
STU-02635,1,1,1,14,1,1,1,1,14,8,6,1,0,0,1,1,0,0,20,0,6,10,6,12.714285714285714,0,0,6,8,4,13.0,0,12.4,0.5,1.79,Enrolled
STU-01034,1,8,1,6,1,1,1,1,27,10,10,1,0,0,1,0,1,0,18,0,5,7,4,13.25,0,0,5,8,5,15.571428571428571,0,10.8,1.4,1.74,Graduate
STU-01720,1,12,1,17,0,12,1,2,1,3,5,0,0,0,1,1,0,0,24,0,5,7,0,0.0,0,0,5,7,0,0.0,0,16.2,0.3,-0.92,Dropout
STU-00404,1,1,1,11,1,1,1,13,28,10,10,0,0,0,1,0,0,0,19,0,6,6,6,12.0,0,0,6,7,4,12.75,0,12.4,0.5,1.79,Enrolled
STU-02346,1,17,1,6,1,16,1,1,14,4,9,1,0,0,1,1,1,0,21,7,11,15,9,14.22222222222222,0,4,9,15,7,13.75,0,8.9,1.4,3.51,Graduate
STU-03515,1,12,1,14,1,1,1,9,9,12,5,1,0,0,1,1,0,0,29,0,5,10,3,11.666666666666666,0,0,5,8,4,11.25,0,7.6,2.6,0.32,Dropout
STU-01311,1,17,1,9,1,16,1,1,14,21,37,1,0,0,1,0,0,0,21,6,11,17,11,11.545454545454543,0,3,9,13,8,12.88888888888889,0,8.9,1.4,3.51,Graduate
STU-01585,1,1,1,15,1,1,1,22,14,10,10,1,0,0,1,0,1,0,18,0,6,8,5,13.0,0,0,6,7,6,13.0,0,15.5,2.8,-4.06,Graduate
STU-01656,1,1,2,6,1,1,1,23,1,10,4,1,0,0,1,0,0,0,20,0,5,11,5,12.333333333333334,2,0,5,7,5,12.6,0,9.4,-0.8,-3.12,Graduate
STU-03913,1,1,4,11,1,1,1,1,14,10,7,1,0,0,1,0,0,0,20,0,6,8,5,11.0,0,0,6,9,5,11.4,0,13.9,-0.3,0.79,Graduate
STU-02353,1,1,1,8,1,1,1,3,3,2,3,0,0,0,1,1,0,0,18,0,5,7,4,14.0,0,0,5,5,5,14.2,0,7.6,2.6,0.32,Graduate
STU-01178,1,1,2,5,1,1,17,2,1,10,2,1,0,0,1,1,0,1,21,0,6,7,5,14.6,0,0,6,6,5,14.2,0,16.2,0.3,-0.92,Graduate
STU-00762,1,3,1,2,1,1,1,3,14,2,11,1,0,0,1,1,0,0,20,0,0,0,0,0.0,0,0,0,0,0,0.0,0,16.2,0.3,-0.92,Enrolled
STU-02759,1,15,1,4,1,14,1,23,14,4,6,0,0,0,1,1,0,0,23,0,6,6,0,0.0,0,0,6,8,0,0.0,0,15.5,2.8,-4.06,Enrolled
STU-02484,1,17,1,4,1,16,1,1,28,10,7,0,0,0,1,1,0,0,21,7,12,20,10,12.7,0,5,12,14,11,12.181818181818182,0,8.9,1.4,3.51,Graduate
STU-00081,1,1,6,16,1,1,1,13,14,10,10,1,0,0,1,1,0,0,20,0,6,8,5,12.2,0,0,6,7,5,12.2,0,10.8,1.4,1.74,Dropout
STU-01454,1,9,2,10,1,1,1,13,27,6,8,1,0,0,1,1,1,0,20,1,7,9,6,12.0,0,2,6,6,6,11.166666666666666,0,10.8,1.4,1.74,Graduate
STU-01800,1,8,3,11,1,1,12,23,3,10,4,1,0,1,0,0,0,1,20,0,6,14,3,12.333333333333334,0,0,6,16,0,0.0,0,10.8,1.4,1.74,Dropout
STU-04152,1,12,1,4,1,1,1,22,27,6,6,0,0,1,1,0,0,0,34,0,6,10,5,13.833333333333334,0,0,6,13,5,12.5,0,16.2,0.3,-0.92,Graduate
STU-01216,1,1,1,12,1,1,1,3,28,4,8,0,0,0,1,0,1,0,18,0,7,7,7,16.9,0,0,8,9,8,16.37777777777778,0,16.2,0.3,-0.92,Graduate
STU-00530,1,1,1,8,1,1,1,3,3,3,3,1,0,1,1,1,0,0,18,0,6,11,5,13.625,0,0,6,9,4,11.75,0,16.2,0.3,-0.92,Dropout
STU-00824,1,1,2,10,1,1,1,13,14,10,10,1,0,0,1,0,1,0,20,0,6,7,6,12.571428571428571,0,0,6,7,6,13.285714285714286,0,12.4,0.5,1.79,Graduate
STU-03427,1,9,1,9,1,1,1,23,28,6,6,1,0,0,1,0,0,0,24,0,5,5,5,10.8,0,0,5,11,2,11.0,0,10.8,1.4,1.74,Enrolled
STU-03620,1,8,1,10,1,1,1,13,27,10,10,1,0,0,1,0,1,0,21,0,6,7,6,13.333333333333334,0,0,6,7,6,13.5,0,12.4,0.5,1.79,Graduate
STU-01964,1,1,2,12,1,1,1,1,1,5,5,1,0,0,1,0,1,0,20,0,7,8,7,12.725,0,0,8,8,8,13.7125,0,13.9,-0.3,0.79,Graduate
STU-00929,1,12,1,6,1,1,1,22,14,29,35,1,0,1,1,0,0,0,28,0,6,17,0,0.0,0,0,6,6,0,0.0,0,8.9,1.4,3.51,Enrolled
STU-01180,1,9,1,13,1,1,1,23,27,10,10,0,0,0,1,0,1,0,19,0,7,11,7,12.625,0,0,8,11,8,12.5125,0,12.7,3.7,-1.7,Graduate
STU-00506,1,12,1,12,1,12,1,22,28,23,34,0,0,0,1,0,0,0,27,0,7,12,4,14.0,0,0,7,14,3,12.525,0,12.4,0.5,1.79,Enrolled
STU-03655,1,1,1,15,1,1,1,1,14,5,11,1,0,0,1,0,0,0,18,0,6,6,6,12.833333333333334,0,0,6,7,6,12.166666666666666,0,11.1,0.6,2.02,Graduate
STU-03681,1,1,1,2,1,1,1,22,28,10,10,1,0,1,1,1,0,0,18,0,0,0,0,0.0,0,0,0,0,0,0.0,0,7.6,2.6,0.32,Dropout
STU-02044,1,1,3,11,1,1,1,1,14,10,10,1,0,0,1,0,0,0,19,0,6,6,6,12.5,0,0,6,6,6,12.166666666666666,0,12.4,0.5,1.79,Graduate
STU-02162,1,8,2,14,1,1,1,19,27,1,1,1,0,1,0,0,0,0,18,0,5,8,3,12.0,0,0,5,6,4,10.75,0,7.6,2.6,0.32,Dropout
STU-02963,1,9,3,5,1,1,1,1,1,4,5,0,0,0,1,0,0,0,18,0,6,6,2,12.0,0,0,6,6,1,11.0,0,9.4,-0.8,-3.12,Dropout
STU-03044,1,1,1,5,1,1,1,3,3,4,4,0,0,0,1,0,1,0,21,1,6,8,6,12.571428571428571,1,0,6,8,6,11.625,0,13.9,-0.3,0.79,Graduate
STU-02448,2,12,1,11,1,12,1,22,14,10,11,0,0,0,1,1,0,0,53,7,11,12,2,15.0,7,4,9,10,3,10.0,4,16.2,0.3,-0.92,Graduate
STU-03872,1,1,1,9,1,1,1,23,28,10,10,0,0,0,1,1,1,0,20,0,5,8,5,12.375,0,0,5,7,5,11.666666666666666,0,13.9,-0.3,0.79,Graduate
STU-03804,1,14,1,3,0,8,1,19,24,1,1,1,0,0,1,0,0,0,30,3,9,11,9,12.666666666666666,0,2,7,7,7,12.142857142857142,0,7.6,2.6,0.32,Graduate
STU-01852,1,1,1,7,1,1,1,13,28,10,8,0,0,0,1,1,0,0,18,0,5,12,5,13.285714285714286,0,0,5,16,5,14.8,0,12.4,0.5,1.79,Dropout
STU-00946,1,8,2,11,1,1,1,22,27,8,8,1,0,0,1,0,0,0,18,0,6,6,6,13.166666666666666,0,0,6,6,6,12.666666666666666,0,11.1,0.6,2.02,Graduate
STU-03197,1,13,1,4,1,1,1,1,3,5,3,1,0,0,1,1,0,0,23,0,6,14,5,12.0,0,0,6,12,5,12.142857142857142,0,15.5,2.8,-4.06,Enrolled
STU-03820,1,12,1,11,1,1,1,3,14,4,6,0,0,0,0,1,0,0,24,0,6,0,0,0.0,0,0,6,0,0,0.0,0,11.1,0.6,2.02,Dropout
STU-01487,1,17,1,6,1,16,1,1,3,5,3,1,0,0,0,0,1,0,20,7,12,15,11,13.384615384615383,0,4,9,13,7,14.285714285714286,0,8.9,1.4,3.51,Graduate
STU-01666,1,1,1,15,1,1,1,1,1,5,5,1,0,0,1,0,0,0,19,0,6,7,6,14.0,0,0,6,7,5,15.0,0,11.1,0.6,2.02,Enrolled
STU-01074,1,1,1,6,1,1,1,3,3,2,12,0,0,0,1,0,0,0,18,0,5,6,4,13.75,0,0,5,8,5,14.857142857142858,0,7.6,2.6,0.32,Graduate
STU-01228,1,8,1,10,1,1,1,23,28,6,8,1,0,0,1,0,0,0,20,0,6,11,5,11.2,0,0,6,6,6,12.0,0,9.4,-0.8,-3.12,Graduate
STU-00329,1,1,1,16,1,1,1,2,14,5,5,1,0,0,1,0,0,0,18,0,6,9,5,12.6,0,0,6,8,5,11.4,0,9.4,-0.8,-3.12,Enrolled
STU-02680,1,12,1,17,0,1,1,22,28,28,16,0,0,0,1,1,0,0,34,0,5,5,5,15.8,0,0,5,5,5,16.8,0,8.9,1.4,3.51,Graduate
STU-00758,1,14,1,17,0,1,1,22,2,10,5,1,0,0,0,1,0,0,23,10,15,24,12,11.0,0,10,14,21,11,11.363636363636363,1,7.6,2.6,0.32,Dropout
STU-00289,1,9,2,3,0,1,1,3,1,4,5,1,0,0,1,0,1,0,19,0,6,8,6,10.833333333333334,0,0,6,9,6,11.5,0,10.8,1.4,1.74,Graduate
STU-02495,1,1,1,15,1,1,1,1,14,10,10,0,0,1,1,1,1,0,19,0,6,6,6,12.666666666666666,0,0,6,6,6,14.0,0,16.2,0.3,-0.92,Graduate
STU-02352,1,15,1,8,1,14,1,2,1,4,7,1,0,0,1,1,0,0,22,11,18,32,12,12.857142857142858,1,8,12,15,10,14.3,0,16.2,0.3,-0.92,Graduate
STU-01350,1,12,1,6,1,12,1,13,14,5,10,1,0,0,1,0,1,0,24,1,6,7,6,12.5,0,0,6,11,6,12.833333333333334,0,8.9,1.4,3.51,Graduate
STU-02467,1,1,1,7,1,1,1,22,27,10,10,1,0,0,1,1,0,0,18,0,5,7,4,10.0,0,0,5,8,1,16.0,0,10.8,1.4,1.74,Enrolled
STU-03392,1,13,1,12,1,1,1,13,14,5,10,0,0,0,1,0,0,0,23,0,8,8,8,12.88625,0,0,8,8,8,12.88625,0,9.4,-0.8,-3.12,Graduate
STU-02428,2,12,2,14,1,1,1,22,27,10,10,0,0,0,1,1,1,0,36,0,5,5,5,11.4,0,0,5,7,5,11.6,0,9.4,-0.8,-3.12,Graduate
STU-03296,1,8,2,3,0,1,1,13,1,6,11,1,0,0,1,0,0,0,19,0,6,8,4,10.5,0,0,6,8,4,11.25,0,10.8,1.4,1.74,Graduate
STU-02232,1,1,1,2,1,1,1,3,3,3,3,1,0,0,1,1,0,0,18,0,0,0,0,0.0,0,0,0,0,0,0.0,0,16.2,0.3,-0.92,Dropout
STU-00715,2,12,1,6,1,1,1,22,27,7,7,0,0,0,1,1,0,0,43,0,5,8,5,13.5,2,0,5,5,5,14.4,0,9.4,-0.8,-3.12,Graduate
STU-03964,1,1,1,2,1,1,1,13,28,6,6,1,0,1,1,0,0,0,20,6,12,12,12,13.25,0,4,11,16,10,13.090909090909092,0,8.9,1.4,3.51,Graduate
STU-01547,1,9,1,15,1,1,1,13,27,10,6,0,0,0,0,0,0,0,18,0,6,7,5,12.6,0,0,6,6,5,11.8,0,11.1,0.6,2.02,Enrolled
STU-01283,1,8,5,11,1,1,1,1,14,5,8,1,0,0,0,1,0,0,18,0,6,12,0,0.0,0,0,6,0,0,0.0,0,9.4,-0.8,-3.12,Dropout
STU-01325,1,8,3,9,1,1,1,3,28,3,11,1,0,0,1,0,0,0,18,0,5,16,4,10.666666666666666,0,0,5,11,2,12.0,0,13.9,-0.3,0.79,Enrolled
STU-03111,1,13,1,2,1,1,1,1,1,2,5,1,0,0,1,0,0,0,19,0,0,0,0,0.0,0,0,0,0,0,0.0,0,12.7,3.7,-1.7,Dropout
STU-00302,1,1,2,6,1,1,1,23,27,10,10,1,0,0,1,0,1,0,21,0,5,7,4,12.0,0,0,5,5,5,12.2,0,10.8,1.4,1.74,Graduate
STU-03489,1,12,1,8,1,1,1,1,1,5,11,0,0,1,1,1,0,0,24,0,5,13,2,12.5,2,0,5,8,3,12.333333333333334,0,9.4,-0.8,-3.12,Dropout
STU-02265,1,1,1,16,1,1,1,22,27,10,5,1,0,0,1,1,0,0,42,0,6,9,5,12.4,0,0,6,10,5,11.8,0,7.6,2.6,0.32,Enrolled
STU-01743,1,1,1,8,1,1,1,3,14,3,10,1,0,0,1,1,0,0,18,0,6,8,6,13.714285714285714,0,0,6,7,5,13.333333333333334,0,15.5,2.8,-4.06,Dropout
STU-03397,1,14,1,9,1,1,1,3,14,3,10,0,0,0,1,0,0,0,18,0,5,5,0,0.0,0,0,5,9,4,13.25,2,16.2,0.3,-0.92,Enrolled
STU-04389,2,14,1,9,1,2,1,22,27,10,10,0,0,1,0,0,0,0,42,13,13,13,13,11.923076923076923,0,12,12,12,12,12.5,0,15.5,2.8,-4.06,Dropout
STU-01627,1,1,1,6,1,1,1,22,2,10,5,1,0,0,1,0,1,0,18,0,6,7,6,15.714285714285714,0,0,6,17,5,12.77777777777778,0,12.4,0.5,1.79,Graduate
STU-03023,1,8,1,16,1,1,1,23,14,5,11,1,0,0,1,0,0,0,19,0,6,9,4,13.0,0,0,6,9,4,12.25,0,12.7,3.7,-1.7,Dropout
STU-03748,1,14,1,8,1,1,1,24,3,4,3,1,0,0,1,0,0,0,21,0,5,6,0,0.0,5,0,5,6,4,13.75,1,10.8,1.4,1.74,Graduate
STU-03706,1,16,1,9,1,1,1,1,14,10,7,1,0,0,1,1,0,0,30,0,5,7,5,13.4,0,0,5,7,4,13.25,0,8.9,1.4,3.51,Dropout
STU-03436,1,1,2,5,1,1,1,1,1,5,8,1,0,0,1,0,0,0,19,0,6,6,6,11.833333333333334,0,0,6,7,6,13.0,0,9.4,-0.8,-3.12,Graduate
STU-01523,1,8,1,6,1,1,1,13,1,10,5,1,0,0,1,1,0,0,20,0,6,12,4,12.8,0,0,6,17,0,0.0,0,12.4,0.5,1.79,Dropout
STU-04382,1,1,2,10,1,1,1,1,14,5,9,0,0,0,1,0,0,0,20,0,6,13,0,0.0,0,0,5,11,0,0.0,0,9.4,-0.8,-3.12,Enrolled
STU-03509,1,1,1,9,1,1,1,13,14,10,8,1,0,0,1,1,1,0,18,0,5,7,4,11.25,0,0,5,6,4,12.25,0,12.4,0.5,1.79,Enrolled
STU-00046,1,8,1,17,0,1,1,23,28,5,6,0,0,0,1,0,0,0,24,0,5,9,2,11.5,0,0,5,11,3,14.333333333333334,1,7.6,2.6,0.32,Enrolled
STU-00381,4,12,1,12,1,12,1,23,14,6,8,0,0,0,1,0,1,0,26,0,7,13,5,12.74,0,0,8,12,6,10.978571428571428,0,16.2,0.3,-0.92,Dropout
STU-02918,1,1,1,12,1,1,1,23,28,8,8,1,0,0,1,0,0,0,19,0,7,9,6,12.97166666666667,0,0,8,9,7,12.321428571428571,0,11.1,0.6,2.02,Graduate
STU-02074,1,1,3,6,1,1,1,1,14,10,10,1,0,0,1,0,1,0,19,0,5,6,5,14.6,0,0,5,5,5,13.8,0,10.8,1.4,1.74,Graduate
STU-00431,1,1,3,12,1,1,1,22,28,10,10,1,0,0,1,0,1,0,18,0,8,8,7,12.082857142857142,0,0,8,8,7,12.082857142857142,0,10.8,1.4,1.74,Graduate
STU-00025,1,1,1,12,1,1,1,13,14,4,8,0,0,0,1,0,0,0,19,0,7,8,6,13.296666666666669,0,0,8,9,7,14.114285714285714,0,11.1,0.6,2.02,Graduate
STU-01650,1,1,1,12,1,1,1,1,28,5,10,1,0,0,1,0,1,0,19,0,8,8,7,14.36,0,0,8,8,7,14.36,0,10.8,1.4,1.74,Graduate
STU-03940,1,1,5,12,1,1,1,3,1,6,11,1,0,0,1,0,0,0,20,0,7,7,7,14.30714285714286,0,0,8,8,8,15.0125,0,12.4,0.5,1.79,Graduate
STU-01201,1,1,1,8,1,1,1,1,14,5,5,0,0,0,1,0,0,0,18,0,6,7,6,15.571428571428571,0,0,6,7,6,14.714285714285714,0,11.1,0.6,2.02,Graduate
STU-04370,1,1,1,12,1,1,1,2,2,4,4,1,0,0,1,1,0,0,18,0,7,8,6,11.833333333333334,0,0,7,8,6,11.833333333333334,0,7.6,2.6,0.32,Enrolled
STU-02674,2,12,1,17,0,1,1,19,24,13,13,0,0,0,1,1,0,0,40,0,5,9,3,11.0,0,0,5,8,4,12.5,1,7.6,2.6,0.32,Enrolled
STU-00162,1,1,1,12,1,1,1,13,27,10,8,1,0,0,1,0,1,0,18,0,7,9,7,12.855555555555554,0,0,8,12,7,12.761111111111113,0,15.5,2.8,-4.06,Graduate
STU-03891,1,9,1,16,1,1,1,1,14,20,41,1,0,1,1,0,0,0,21,0,7,7,7,13.0,0,0,7,8,6,12.5,0,8.9,1.4,3.51,Enrolled
STU-01072,1,15,1,10,1,14,1,13,14,9,9,1,0,0,1,0,1,0,19,3,6,7,6,13.142857142857142,0,2,6,6,6,14.333333333333334,0,12.4,0.5,1.79,Graduate
STU-02395,1,8,3,9,1,1,1,22,27,7,6,1,0,0,1,1,1,0,18,0,5,8,5,12.75,0,0,5,7,5,11.5,0,13.9,-0.3,0.79,Graduate
STU-03601,1,9,4,2,1,1,1,1,4,10,6,1,0,1,0,1,0,0,20,0,0,0,0,0.0,0,0,0,0,0,0.0,0,9.4,-0.8,-3.12,Dropout
STU-03516,1,14,1,15,1,1,1,1,1,5,6,1,0,0,1,1,0,0,23,0,6,15,1,13.0,0,0,6,8,4,11.25,0,9.4,-0.8,-3.12,Enrolled
STU-03329,5,12,1,7,1,1,1,22,27,10,10,0,0,1,1,1,1,0,34,0,5,14,1,17.0,0,0,5,10,2,11.0,0,9.4,-0.8,-3.12,Enrolled
STU-00056,1,1,1,12,1,1,1,1,14,6,6,1,0,0,1,0,0,0,18,0,7,9,7,13.044444444444444,0,0,8,10,8,13.595,0,15.5,2.8,-4.06,Graduate
STU-01021,1,1,2,12,1,1,1,1,28,5,8,1,0,0,1,0,1,0,20,0,8,8,8,12.98125,0,0,8,8,8,12.98125,0,9.4,-0.8,-3.12,Graduate
STU-04259,1,1,2,12,1,1,1,13,14,8,8,1,0,0,1,0,0,0,19,0,8,11,7,12.545714285714286,0,0,8,11,7,12.545714285714286,0,10.8,1.4,1.74,Graduate
STU-00298,1,1,1,10,1,1,1,1,1,4,4,1,0,0,1,0,0,0,18,0,6,10,6,11.571428571428571,0,0,6,8,6,12.333333333333334,0,12.4,0.5,1.79,Graduate
STU-01753,1,8,2,5,1,1,1,24,29,4,4,1,0,0,1,1,0,0,20,0,6,7,5,11.8,0,0,6,9,4,12.0,0,15.5,2.8,-4.06,Enrolled
STU-01671,1,12,1,17,0,1,1,1,1,5,3,0,0,0,1,0,0,0,25,0,5,12,4,12.5,0,0,5,10,4,11.0,0,13.9,-0.3,0.79,Enrolled
STU-01397,1,1,1,8,1,1,1,1,1,4,10,1,0,0,1,0,0,0,20,0,6,11,6,13.333333333333334,0,0,6,10,6,13.0,0,16.2,0.3,-0.92,Enrolled
STU-04028,1,1,6,12,1,1,1,13,28,5,10,1,0,0,1,0,0,0,19,0,8,10,6,13.066666666666668,0,0,8,10,6,13.066666666666668,0,12.7,3.7,-1.7,Dropout
STU-01602,1,8,6,14,1,1,1,1,14,5,11,0,0,0,1,1,0,0,21,0,6,10,6,12.285714285714286,0,0,6,11,4,14.25,0,15.5,2.8,-4.06,Enrolled
STU-00880,1,15,1,5,1,14,1,13,1,10,4,1,0,0,1,1,0,0,23,2,7,8,5,12.2,0,5,9,10,7,12.142857142857142,1,16.2,0.3,-0.92,Dropout
STU-01422,1,1,3,9,1,1,1,1,28,6,8,1,0,0,1,0,1,0,19,0,5,5,5,11.6,0,0,5,11,3,12.666666666666666,0,9.4,-0.8,-3.12,Enrolled
STU-04322,4,12,1,17,0,1,1,13,14,8,9,0,0,0,1,0,0,0,28,0,5,8,4,11.5,0,0,5,7,4,12.0,0,10.8,1.4,1.74,Enrolled
STU-01394,1,8,1,10,1,1,1,1,14,5,10,1,0,0,1,0,0,0,19,0,6,7,6,12.857142857142858,0,0,6,7,6,13.666666666666666,0,13.9,-0.3,0.79,Graduate
STU-01764,1,6,1,9,1,1,12,22,2,7,5,0,0,1,1,1,0,1,19,0,5,12,3,10.5,0,0,5,8,4,11.25,0,12.4,0.5,1.79,Graduate
STU-03794,1,8,1,15,1,1,1,13,28,6,8,1,0,0,1,1,0,0,19,0,6,6,0,0.0,0,0,6,0,0,0.0,0,8.9,1.4,3.51,Dropout
STU-03066,1,8,2,11,1,1,1,13,14,10,8,1,0,1,1,0,0,0,21,0,6,0,0,0.0,0,0,6,0,0,0.0,0,11.1,0.6,2.02,Dropout
STU-00830,1,14,1,14,1,1,1,3,14,4,6,0,0,0,1,0,0,0,19,0,6,0,0,0.0,0,0,6,0,0,0.0,0,15.5,2.8,-4.06,Dropout
STU-04092,1,14,1,17,0,1,1,22,28,10,9,0,0,1,0,0,0,0,29,0,5,15,2,13.25,0,0,5,12,3,12.6,3,16.2,0.3,-0.92,Dropout
STU-03063,1,8,3,14,1,1,1,13,1,5,5,1,0,0,1,0,1,0,18,0,6,11,4,12.25,0,0,6,10,4,11.0,0,12.7,3.7,-1.7,Dropout
STU-03803,4,14,1,3,0,1,1,23,27,10,10,0,0,0,1,0,1,0,39,3,9,9,9,13.11111111111111,0,2,7,10,7,11.714285714285714,0,12.7,3.7,-1.7,Graduate
STU-03230,1,1,6,12,1,1,1,23,28,6,6,1,0,0,1,0,0,0,20,0,7,9,6,13.683333333333332,0,0,8,11,6,13.116666666666667,0,11.1,0.6,2.02,Graduate
STU-01933,1,8,2,10,1,1,1,13,14,4,4,1,0,0,1,0,0,0,18,0,6,9,5,11.0,0,0,6,9,4,11.25,0,8.9,1.4,3.51,Graduate
STU-03423,1,8,1,10,1,1,1,1,28,6,9,0,0,0,0,0,1,0,18,0,6,10,6,12.666666666666666,0,0,6,6,2,11.5,0,12.7,3.7,-1.7,Dropout
STU-00441,1,14,1,13,1,1,1,3,4,4,3,0,0,0,1,0,0,0,18,0,2,2,0,0.0,0,0,4,4,1,16.0,0,10.8,1.4,1.74,Enrolled
STU-00094,2,12,1,16,1,8,1,22,24,1,1,0,0,0,1,0,0,0,39,0,6,12,3,12.666666666666666,0,0,6,14,0,0.0,1,7.6,2.6,0.32,Dropout
STU-01459,1,1,1,14,1,1,1,2,28,21,35,1,0,0,1,1,0,0,19,0,6,10,4,12.5,0,0,6,12,1,10.0,3,16.2,0.3,-0.92,Enrolled
STU-02315,1,1,1,10,1,1,1,1,1,4,5,0,0,0,1,1,0,0,19,0,6,7,6,12.166666666666666,0,0,6,6,6,12.166666666666666,0,12.4,0.5,1.79,Graduate
STU-03600,1,14,1,9,1,1,1,4,14,3,2,0,0,0,1,0,0,0,23,7,11,18,11,15.090909090909092,1,2,6,7,6,14.5,0,9.4,-0.8,-3.12,Dropout
STU-00945,1,7,1,13,1,1,1,22,27,10,8,1,0,0,1,0,1,0,18,0,7,7,7,15.285714285714286,0,0,8,8,8,16.075,0,12.4,0.5,1.79,Graduate
STU-01226,1,8,1,10,1,1,1,23,28,8,8,1,0,0,1,0,1,0,18,0,6,7,6,15.142857142857142,0,0,6,6,6,15.833333333333334,0,12.7,3.7,-1.7,Graduate
STU-03216,1,1,6,11,1,1,1,3,1,3,3,1,0,0,1,1,1,0,21,0,6,6,6,13.5,0,0,6,6,6,12.333333333333334,0,12.4,0.5,1.79,Graduate
STU-04155,1,1,1,16,1,1,1,22,14,7,8,1,0,0,1,0,0,0,18,0,6,11,3,11.666666666666666,0,0,6,11,3,10.666666666666666,0,9.4,-0.8,-3.12,Dropout
STU-02101,1,8,1,15,1,1,1,23,28,10,6,0,0,0,1,0,0,0,21,0,6,8,5,11.8,0,0,6,8,5,11.833333333333334,0,15.5,2.8,-4.06,Enrolled
STU-00146,1,8,5,16,1,1,1,22,28,6,7,1,0,0,1,0,1,0,19,0,6,10,5,12.0,0,0,6,9,5,10.8,0,9.4,-0.8,-3.12,Graduate
STU-01636,1,8,1,14,1,1,1,23,27,8,6,0,0,0,1,1,1,0,18,0,6,7,6,12.285714285714286,0,0,6,7,6,13.333333333333334,1,16.2,0.3,-0.92,Graduate
STU-01012,1,8,1,12,1,1,1,13,1,5,4,1,0,0,1,0,0,0,20,0,7,9,6,11.605,0,0,8,10,7,12.4125,0,16.2,0.3,-0.92,Graduate
STU-02080,1,1,5,12,1,1,1,23,28,8,8,1,0,0,1,0,1,0,19,0,7,7,6,14.15,0,0,7,7,6,14.15,0,7.6,2.6,0.32,Graduate
STU-00193,1,12,1,9,1,1,1,10,3,5,4,1,0,0,1,0,0,0,24,0,5,5,0,0.0,0,0,5,5,0,0.0,0,7.6,2.6,0.32,Dropout
STU-00248,1,15,1,4,1,14,1,22,27,10,11,0,0,1,0,0,0,0,29,0,6,13,3,12.75,0,0,6,8,3,11.333333333333334,0,13.9,-0.3,0.79,Dropout
STU-02820,1,14,1,15,1,1,1,13,1,6,6,1,0,0,1,0,0,0,18,0,6,6,0,0.0,0,0,6,10,3,11.0,0,16.2,0.3,-0.92,Enrolled
STU-03426,2,14,2,9,1,1,1,22,27,10,10,0,0,0,0,0,0,0,29,3,5,7,3,12.333333333333334,0,0,5,8,0,0.0,0,10.8,1.4,1.74,Dropout
STU-03222,1,12,1,13,1,1,1,22,28,10,10,1,0,1,0,0,1,0,24,0,7,14,5,12.36,0,1,8,15,5,12.0,0,8.9,1.4,3.51,Dropout
STU-03528,1,14,1,12,1,1,1,2,4,5,6,0,0,0,1,1,0,0,23,0,7,14,5,11.94,0,0,7,14,6,12.2,0,13.9,-0.3,0.79,Dropout
STU-03273,4,13,1,9,1,1,1,22,27,10,10,0,0,0,1,0,0,0,41,8,14,24,11,12.25,3,5,10,12,10,13.4,0,9.4,-0.8,-3.12,Graduate
STU-02326,2,12,1,7,1,1,1,22,27,10,10,0,0,0,1,1,0,0,34,0,5,8,1,10.0,0,0,5,9,0,0.0,0,8.9,1.4,3.51,Dropout
STU-04128,1,1,1,3,0,1,1,23,28,6,3,0,0,0,1,0,0,0,34,0,6,7,6,12.333333333333334,0,0,6,6,6,11.666666666666666,0,10.8,1.4,1.74,Graduate
STU-03871,1,8,1,14,1,1,1,1,27,5,6,0,0,0,1,1,0,0,21,0,6,8,6,14.75,0,0,6,9,5,14.333333333333334,0,11.1,0.6,2.02,Graduate
STU-00403,1,1,1,15,1,1,1,23,27,10,10,1,1,0,1,0,0,0,19,0,6,11,4,12.25,0,0,6,11,3,11.0,0,7.6,2.6,0.32,Enrolled
STU-03139,1,1,1,15,1,1,1,13,14,5,4,0,0,0,1,0,0,0,19,0,6,6,6,13.166666666666666,0,0,6,6,6,15.0,0,16.2,0.3,-0.92,Graduate
STU-01293,1,15,1,4,1,14,1,1,14,10,8,0,0,0,1,1,0,0,22,2,6,15,3,11.75,0,0,6,12,2,10.0,0,13.9,-0.3,0.79,Dropout
STU-03389,1,1,4,2,1,1,1,1,1,10,6,1,0,0,1,0,1,0,19,6,12,12,12,12.75,0,4,11,16,11,13.25,0,8.9,1.4,3.51,Graduate
STU-00319,1,1,1,10,1,1,1,13,28,6,10,0,0,0,1,0,1,0,18,0,6,8,6,11.285714285714286,0,0,6,10,6,11.857142857142858,0,12.4,0.5,1.79,Graduate
STU-00303,1,1,1,12,1,1,1,13,14,5,10,0,0,0,1,0,1,0,18,0,7,9,7,15.116666666666667,0,0,8,9,8,16.168888888888887,0,15.5,2.8,-4.06,Graduate
STU-03805,1,1,1,9,1,1,1,1,14,6,6,1,0,0,1,0,0,0,18,0,5,10,4,10.75,1,0,5,13,2,10.0,0,9.4,-0.8,-3.12,Dropout
STU-00153,1,8,1,16,1,1,1,23,28,8,7,1,0,0,1,0,0,0,18,0,6,11,3,12.333333333333334,0,0,6,10,5,10.833333333333334,0,9.4,-0.8,-3.12,Enrolled
STU-03929,1,1,6,2,1,1,1,13,27,6,6,1,0,0,1,0,1,0,18,0,0,0,0,0.0,0,0,0,0,0,0.0,0,9.4,-0.8,-3.12,Graduate
STU-01646,1,1,2,2,1,1,1,3,14,5,8,1,0,0,1,0,0,0,21,0,0,0,0,0.0,0,0,0,0,0,0.0,0,8.9,1.4,3.51,Dropout
STU-02088,1,8,1,8,1,1,1,3,2,4,7,1,0,0,1,0,0,0,18,0,6,8,6,15.0,0,0,6,8,5,15.166666666666666,0,13.9,-0.3,0.79,Dropout
STU-03214,1,15,1,4,1,14,1,3,14,3,7,0,0,0,1,1,0,0,20,0,6,6,0,0.0,0,0,6,8,0,0.0,0,15.5,2.8,-4.06,Dropout
STU-02626,1,12,1,17,0,1,1,22,27,10,10,0,0,0,1,1,0,0,24,0,5,10,0,0.0,0,0,5,7,1,12.0,0,10.8,1.4,1.74,Dropout
STU-03331,1,1,1,10,1,1,1,1,14,10,10,0,0,0,1,1,1,0,20,0,6,11,5,11.142857142857142,0,0,6,9,6,11.571428571428571,0,16.2,0.3,-0.92,Graduate
STU-03824,1,15,1,8,1,14,1,23,14,10,10,0,0,0,1,1,0,0,24,2,6,8,4,11.75,0,1,6,8,2,13.5,0,11.1,0.6,2.02,Dropout
STU-04197,1,1,1,12,1,1,1,13,27,6,6,0,0,0,1,0,1,0,21,0,8,8,7,13.514285714285714,0,0,8,8,7,13.514285714285714,0,12.7,3.7,-1.7,Graduate
STU-00472,1,1,1,11,1,1,1,13,28,10,8,0,0,0,1,0,1,0,20,0,6,6,6,12.333333333333334,0,0,6,7,6,11.833333333333334,0,13.9,-0.3,0.79,Graduate
STU-01372,1,1,1,12,1,1,1,1,1,10,10,0,0,0,1,1,0,0,20,0,8,8,7,15.028571428571428,0,0,8,8,7,15.028571428571428,0,12.7,3.7,-1.7,Graduate
STU-01179,4,12,1,12,1,1,1,22,27,10,10,0,0,1,1,0,0,0,38,0,7,13,3,11.833333333333334,0,0,7,14,2,10.0,0,16.2,0.3,-0.92,Dropout
STU-02901,2,14,1,17,0,2,1,22,27,10,9,0,0,0,1,0,0,0,36,8,12,21,11,11.5,0,7,12,22,12,11.4375,0,9.4,-0.8,-3.12,Enrolled
STU-04175,1,1,1,10,1,1,1,22,27,6,7,0,0,0,1,0,1,0,21,0,6,6,6,13.333333333333334,0,0,6,8,6,13.166666666666666,0,9.4,-0.8,-3.12,Graduate
STU-04380,1,12,1,17,0,1,1,22,27,8,8,0,0,0,1,0,0,0,30,0,5,7,5,11.4,0,0,5,6,5,13.666666666666666,0,10.8,1.4,1.74,Dropout
STU-01133,1,1,1,9,1,1,1,22,27,32,36,1,0,0,1,0,0,0,19,0,5,9,4,11.0,0,0,5,8,3,10.666666666666666,0,12.4,0.5,1.79,Enrolled
STU-01703,1,8,6,15,1,1,1,19,24,1,1,0,0,0,1,1,0,0,18,0,6,0,0,0.0,0,0,6,0,0,0.0,0,7.6,2.6,0.32,Dropout
STU-00657,1,1,1,10,1,1,1,22,14,6,11,0,0,1,1,0,0,0,18,0,6,10,5,10.6,0,0,6,14,2,10.0,0,7.6,2.6,0.32,Enrolled
STU-00254,1,1,1,15,1,1,1,22,27,10,9,1,0,0,1,0,0,0,18,0,6,12,1,11.0,0,0,6,12,0,0.0,0,9.4,-0.8,-3.12,Enrolled
STU-00516,2,9,2,10,1,1,1,22,27,10,11,0,0,1,0,0,0,0,39,0,6,0,0,0.0,0,0,6,0,0,0.0,0,9.4,-0.8,-3.12,Dropout
STU-00859,1,3,4,7,1,1,1,13,27,5,7,1,0,0,1,1,0,0,23,0,5,7,0,0.0,0,0,5,5,0,0.0,0,7.6,2.6,0.32,Dropout
STU-01549,2,4,1,11,1,2,1,22,27,10,10,0,0,0,0,0,0,0,37,0,5,5,0,0.0,0,0,5,10,0,0.0,0,10.8,1.4,1.74,Dropout
STU-01282,1,1,3,12,1,1,1,23,14,8,10,1,0,0,1,1,1,0,20,0,8,8,7,13.024285714285714,0,0,8,8,7,13.024285714285714,0,10.8,1.4,1.74,Graduate
STU-00068,1,15,1,4,1,14,1,13,27,10,10,1,0,0,1,1,0,0,23,0,6,8,6,12.571428571428571,0,0,6,7,6,12.428571428571429,0,8.9,1.4,3.51,Graduate
STU-03410,1,1,5,15,1,1,1,13,28,4,6,1,0,0,1,0,0,0,20,0,6,7,6,13.833333333333334,0,0,6,6,6,12.833333333333334,0,11.1,0.6,2.02,Graduate
STU-02028,1,1,2,2,1,1,1,3,29,2,4,1,0,0,1,1,0,0,17,0,0,0,0,0.0,0,0,0,0,0,0.0,0,15.5,2.8,-4.06,Enrolled
STU-03343,1,1,1,5,1,1,1,3,14,5,5,1,0,0,1,1,1,0,20,0,6,6,6,12.833333333333334,0,0,6,8,6,12.666666666666666,2,16.2,0.3,-0.92,Graduate
STU-01452,1,1,1,4,1,1,1,13,27,10,10,1,0,0,1,1,0,0,19,8,12,17,11,12.0,2,4,12,21,12,12.307692307692308,0,15.5,2.8,-4.06,Graduate
STU-01794,1,8,1,6,1,1,1,1,1,5,8,1,0,0,1,1,0,0,22,0,6,16,0,0.0,0,0,6,7,0,0.0,0,16.2,0.3,-0.92,Dropout
STU-03402,1,1,1,14,1,1,1,22,14,8,8,0,0,0,1,0,0,0,20,0,6,9,6,13.571428571428571,0,0,6,10,5,13.6,0,15.5,2.8,-4.06,Enrolled
STU-03839,1,1,1,9,1,1,1,23,1,10,9,0,0,0,1,1,0,0,21,0,5,9,1,10.0,0,0,5,10,1,10.0,0,7.6,2.6,0.32,Dropout
STU-03743,1,8,1,14,1,1,1,13,28,8,10,1,0,0,1,0,1,0,19,0,6,9,5,13.5,0,0,6,6,6,14.0,0,12.4,0.5,1.79,Graduate
STU-02376,1,1,1,14,1,1,1,22,27,6,9,0,0,0,0,1,0,0,21,0,6,9,4,13.25,0,0,6,6,5,11.0,0,12.7,3.7,-1.7,Dropout
STU-01355,1,1,1,10,1,1,1,1,28,6,9,0,0,0,1,0,1,0,20,0,6,11,5,10.6,0,0,6,9,5,11.166666666666666,0,11.1,0.6,2.02,Enrolled
STU-00115,1,8,2,12,1,1,1,22,27,10,10,1,0,0,1,0,0,0,18,0,7,7,6,12.516666666666666,1,0,7,7,6,12.516666666666666,1,7.6,2.6,0.32,Dropout
STU-01328,1,8,1,11,1,1,1,19,28,1,8,1,0,1,0,0,0,0,19,0,6,14,1,10.0,0,0,6,13,0,0.0,0,7.6,2.6,0.32,Dropout
STU-01943,2,1,1,5,1,1,1,10,14,10,10,0,0,0,1,0,1,0,20,0,6,6,6,15.0,0,0,6,6,6,14.5,0,11.1,0.6,2.02,Graduate
STU-03053,1,7,1,6,1,1,1,22,27,10,10,1,0,0,1,0,1,0,20,0,6,7,6,15.857142857142858,0,0,6,6,6,16.0,0,13.9,-0.3,0.79,Graduate
STU-00023,1,1,4,12,1,1,1,13,14,2,2,1,0,0,1,0,0,0,18,0,8,12,7,12.857142857142858,0,0,8,12,7,12.857142857142858,0,12.7,3.7,-1.7,Graduate
STU-02227,1,1,1,14,1,1,1,3,3,4,4,1,0,0,1,1,0,0,19,0,6,9,5,13.333333333333334,0,0,6,6,5,13.0,0,12.4,0.5,1.79,Graduate
STU-00251,1,1,3,5,1,1,1,13,28,10,10,1,0,0,1,0,0,0,19,0,6,7,5,12.4,0,0,6,6,5,12.4,0,9.4,-0.8,-3.12,Enrolled
STU-02707,1,1,1,8,1,1,1,3,3,3,3,0,0,0,1,1,0,0,20,0,5,7,4,11.75,0,0,5,5,5,13.4,0,7.6,2.6,0.32,Graduate
STU-01579,1,1,3,6,1,1,1,22,14,10,9,1,0,1,0,0,0,0,18,0,5,7,3,13.0,0,0,5,8,3,12.0,0,7.6,2.6,0.32,Dropout
STU-03856,1,1,4,15,1,1,1,3,10,3,10,1,0,0,1,1,0,0,20,0,6,6,6,16.833333333333332,0,0,6,6,6,16.666666666666668,0,8.9,1.4,3.51,Graduate
STU-00386,1,1,1,10,1,1,1,19,24,1,1,0,0,0,1,0,0,0,19,0,6,8,6,11.5,0,0,6,7,6,11.166666666666666,0,7.6,2.6,0.32,Graduate
STU-03788,1,1,1,10,1,1,1,23,28,10,9,1,0,0,1,1,0,0,18,0,6,9,5,11.0,0,0,6,12,0,0.0,0,11.1,0.6,2.02,Dropout
STU-01138,1,1,1,11,1,1,1,1,28,5,10,1,0,0,1,0,1,0,21,0,6,8,6,12.166666666666666,0,0,6,11,3,11.666666666666666,0,10.8,1.4,1.74,Dropout
STU-01165,1,12,1,12,1,1,1,22,27,10,10,0,0,1,0,0,0,0,32,0,7,12,4,13.7,0,0,7,7,0,0.0,0,16.2,0.3,-0.92,Dropout
STU-04117,1,1,1,6,1,1,1,23,27,4,10,1,0,0,0,0,0,0,18,0,6,7,6,14.833333333333334,0,0,6,8,6,12.5,0,8.9,1.4,3.51,Enrolled
STU-02528,1,8,6,12,1,1,1,13,14,8,8,1,0,0,1,0,1,0,18,0,7,7,7,14.44142857142857,0,0,8,8,8,13.65625,0,11.1,0.6,2.02,Graduate
STU-00790,1,8,3,2,1,1,1,13,1,6,5,1,0,0,1,0,1,0,20,0,0,0,0,0.0,0,0,0,0,0,0.0,0,12.7,3.7,-1.7,Graduate
STU-01358,1,12,1,11,1,12,1,13,1,10,6,0,0,1,0,1,0,0,36,0,5,10,0,0.0,0,0,5,5,0,0.0,0,15.5,2.8,-4.06,Dropout
STU-02937,1,15,1,6,1,1,1,17,8,7,7,1,0,0,1,0,0,0,21,0,6,0,0,0.0,0,0,6,0,0,0.0,0,10.8,1.4,1.74,Dropout
STU-03915,2,14,1,17,0,3,1,22,14,10,5,0,0,1,1,0,0,0,34,4,10,25,5,12.2,0,3,9,18,8,12.22222222222222,0,16.2,0.3,-0.92,Dropout
STU-03000,4,12,1,3,0,1,1,13,14,12,12,0,0,0,0,0,0,0,37,0,4,4,0,0.0,0,0,5,10,0,0.0,0,10.8,1.4,1.74,Dropout
STU-00508,1,1,2,15,1,1,1,13,1,10,4,1,0,0,1,0,0,0,18,0,6,6,6,12.666666666666666,0,0,6,6,6,13.666666666666666,0,12.7,3.7,-1.7,Graduate
STU-03858,1,12,1,17,0,12,1,23,14,10,11,0,0,1,1,1,1,0,34,0,5,11,5,14.714285714285714,0,0,5,14,5,14.375,5,16.2,0.3,-0.92,Graduate
STU-02424,1,12,1,4,1,1,1,1,27,10,9,0,0,0,1,1,0,0,29,0,3,4,0,0.0,0,0,4,8,0,0.0,0,16.2,0.3,-0.92,Dropout
STU-00910,1,1,1,2,1,1,1,23,14,8,11,0,0,0,1,0,0,0,20,0,0,0,0,0.0,0,0,0,0,0,0.0,0,15.5,2.8,-4.06,Dropout
STU-01031,1,1,2,9,1,1,1,1,14,5,4,1,0,0,1,0,1,0,18,0,5,13,3,10.6,0,0,5,12,3,10.5,0,13.9,-0.3,0.79,Graduate
STU-00662,1,1,1,12,1,1,1,13,14,32,44,1,0,0,1,0,0,0,19,0,7,12,5,11.8,0,0,7,9,6,11.708333333333334,0,11.1,0.6,2.02,Enrolled
STU-02949,1,1,6,16,1,1,1,1,14,6,6,0,0,0,1,0,0,0,18,0,6,6,6,12.666666666666666,0,0,6,6,6,12.0,0,7.6,2.6,0.32,Graduate
STU-01298,1,12,1,12,1,1,1,22,27,10,7,0,0,0,1,1,0,0,35,0,7,10,4,12.6,0,0,7,9,5,12.38,0,12.4,0.5,1.79,Dropout
STU-02520,1,1,3,15,1,1,1,23,28,6,6,1,0,0,1,0,1,0,18,0,6,7,6,12.285714285714286,0,0,6,6,6,13.5,0,8.9,1.4,3.51,Graduate
STU-02146,1,8,1,8,1,1,1,3,3,3,3,1,0,1,0,0,0,0,18,0,6,9,5,12.4,0,0,6,12,5,14.166666666666666,0,8.9,1.4,3.51,Enrolled
STU-02913,1,14,4,6,1,1,1,19,24,13,13,0,0,0,1,0,0,0,21,0,6,0,0,0.0,0,0,6,0,0,0.0,0,7.6,2.6,0.32,Dropout
STU-03814,1,4,1,3,0,17,1,13,14,10,5,0,0,0,1,0,0,0,37,12,14,14,14,16.5,0,8,11,11,11,16.90909090909091,0,8.9,1.4,3.51,Graduate
STU-04400,1,1,1,11,1,1,1,22,14,10,10,1,0,0,1,0,1,0,22,0,6,9,6,13.875,0,0,6,6,6,14.333333333333334,0,9.4,-0.8,-3.12,Graduate
STU-03718,1,1,3,2,1,1,1,22,27,10,10,1,0,0,1,1,0,0,18,0,0,0,0,0.0,0,0,0,0,0,0.0,0,7.6,2.6,0.32,Graduate
STU-03224,1,8,1,17,0,1,1,23,3,10,4,1,0,1,0,0,0,0,26,0,5,5,0,0.0,0,0,5,6,0,0.0,0,10.8,1.4,1.74,Dropout
STU-02693,1,8,4,9,1,1,1,13,14,5,5,1,0,0,1,1,1,0,20,0,5,6,5,11.8,0,0,5,8,4,11.6,0,8.9,1.4,3.51,Graduate
STU-04111,1,1,1,12,1,1,1,23,14,10,6,1,0,0,1,0,1,0,20,0,8,8,7,15.798571428571426,0,0,8,8,7,15.798571428571426,0,10.8,1.4,1.74,Graduate
STU-00913,2,12,1,17,0,1,1,22,27,10,10,0,0,0,0,0,0,0,38,0,5,6,5,10.6,0,0,5,9,2,11.0,0,12.7,3.7,-1.7,Dropout
STU-01300,1,9,1,11,1,1,1,23,28,6,6,1,0,0,1,1,0,0,26,0,6,10,4,10.0,0,0,6,11,3,12.0,0,9.4,-0.8,-3.12,Enrolled
STU-03548,2,14,1,8,1,7,1,19,24,1,1,0,0,0,1,1,0,0,28,0,5,9,0,0.0,0,0,5,5,0,0.0,0,7.6,2.6,0.32,Dropout
STU-00026,1,1,1,10,1,1,1,13,28,10,10,1,0,1,1,0,1,0,18,0,6,8,5,11.6,0,0,6,12,4,11.0,0,7.6,2.6,0.32,Enrolled
STU-02973,1,3,1,6,1,1,1,1,1,5,5,0,0,0,1,0,0,0,18,0,5,9,3,12.0,1,0,5,6,4,13.0,0,7.6,2.6,0.32,Enrolled
STU-03245,1,8,3,16,1,1,1,23,28,6,8,1,0,0,1,0,0,0,19,0,6,9,5,12.4,0,0,6,10,3,10.666666666666666,0,10.8,1.4,1.74,Dropout
STU-00529,1,12,1,9,1,1,1,22,27,10,10,0,0,1,0,1,0,0,26,0,5,5,0,0.0,0,0,5,9,0,0.0,0,10.8,1.4,1.74,Dropout
STU-02573,1,1,1,10,1,1,1,1,1,5,11,0,0,1,1,0,0,0,23,0,6,8,6,12.625,0,0,6,6,6,14.166666666666666,0,12.7,3.7,-1.7,Graduate
STU-02643,1,8,5,14,1,1,1,3,4,3,3,0,0,0,1,1,0,0,20,0,6,6,3,12.333333333333334,0,0,6,9,0,0.0,0,10.8,1.4,1.74,Dropout
STU-04337,1,1,2,15,1,1,1,22,27,10,8,1,0,0,1,0,0,0,20,0,6,12,1,17.0,0,0,6,12,1,17.0,0,9.4,-0.8,-3.12,Enrolled
STU-02183,1,14,1,12,1,1,1,13,14,8,8,0,0,0,1,0,1,0,19,0,7,9,6,14.25,0,0,8,11,8,13.063636363636364,0,16.2,0.3,-0.92,Graduate
STU-02992,1,9,1,12,1,1,1,22,27,4,4,1,0,0,1,0,1,0,19,0,8,8,7,11.82,0,0,8,8,7,11.82,0,10.8,1.4,1.74,Graduate
STU-00718,4,12,1,14,1,1,1,2,1,4,10,0,0,1,0,1,0,0,53,0,6,11,3,14.333333333333334,0,0,6,6,0,0.0,0,12.7,3.7,-1.7,Dropout
STU-01352,1,1,3,12,1,1,1,13,14,10,10,1,0,0,1,0,0,0,18,0,8,8,7,15.657142857142857,0,0,8,8,7,15.657142857142857,0,12.7,3.7,-1.7,Graduate
STU-02082,1,1,1,12,1,1,1,4,4,3,2,0,0,0,1,0,0,0,19,0,7,7,6,14.15,0,0,7,7,6,14.15,0,7.6,2.6,0.32,Graduate
STU-02816,1,8,1,10,1,1,1,22,28,10,6,0,0,0,1,0,1,0,19,0,6,11,5,11.6,0,0,6,10,6,11.714285714285714,0,15.5,2.8,-4.06,Graduate
STU-03275,1,12,1,4,1,12,1,22,27,10,10,0,0,0,1,0,0,0,44,0,6,10,1,12.0,0,0,6,6,0,0.0,0,11.1,0.6,2.02,Dropout
STU-02161,1,1,4,12,1,1,1,1,3,2,3,0,0,0,1,0,1,0,20,0,8,8,7,14.565714285714288,0,0,8,8,7,14.565714285714288,0,10.8,1.4,1.74,Graduate
STU-01448,1,8,3,7,1,1,1,1,14,5,4,1,0,0,1,1,1,0,18,0,5,9,4,12.25,0,0,5,9,3,12.333333333333334,0,8.9,1.4,3.51,Dropout
STU-01540,2,12,1,7,1,3,1,22,27,5,8,0,0,0,0,0,0,0,32,0,5,6,0,0.0,0,0,5,5,0,0.0,0,12.7,3.7,-1.7,Dropout
STU-03036,1,1,1,11,1,1,1,10,1,5,5,1,0,0,1,0,0,0,18,0,6,8,6,11.333333333333334,0,0,6,11,6,10.833333333333334,0,7.6,2.6,0.32,Graduate
STU-02540,1,9,1,8,1,1,1,23,14,10,6,1,0,0,1,0,1,0,18,0,5,7,4,11.5,0,0,5,5,5,12.4,0,10.8,1.4,1.74,Graduate
STU-00515,2,9,2,3,0,1,1,22,27,10,11,0,0,1,0,0,0,0,39,0,5,5,0,0.0,0,0,4,4,0,0.0,0,9.4,-0.8,-3.12,Dropout
STU-01028,1,1,5,11,1,1,1,13,27,10,10,0,0,0,1,0,1,0,19,0,6,8,5,11.666666666666666,0,0,6,7,5,12.2,0,8.9,1.4,3.51,Graduate
STU-02581,1,1,1,10,1,1,1,13,27,5,8,1,0,0,1,0,1,0,18,0,6,6,6,13.666666666666666,0,0,6,6,6,13.0,0,10.8,1.4,1.74,Graduate
STU-01690,1,14,4,2,1,1,1,22,27,10,10,1,0,0,1,1,0,0,19,0,0,0,0,0.0,0,0,0,0,0,0.0,0,7.6,2.6,0.32,Dropout
STU-04265,1,15,1,4,1,14,1,22,14,10,10,0,0,0,1,1,1,0,24,0,6,9,6,13.555555555555555,0,0,6,7,6,12.666666666666666,0,13.9,-0.3,0.79,Graduate
STU-00513,1,12,2,14,1,1,1,19,24,1,1,0,0,0,1,0,0,0,28,0,5,6,4,12.5,0,0,5,7,4,11.75,0,7.6,2.6,0.32,Graduate
STU-01756,1,1,1,7,1,1,1,1,1,4,4,0,0,0,0,1,1,0,18,0,5,5,5,14.2,0,0,5,5,5,14.2,0,8.9,1.4,3.51,Enrolled
STU-02285,1,1,1,5,1,1,1,13,28,5,5,0,0,0,1,1,0,0,20,1,6,8,6,13.428571428571429,1,0,6,12,4,11.5,0,13.9,-0.3,0.79,Enrolled
STU-01103,1,1,2,16,1,1,1,23,28,8,6,1,0,0,1,0,0,0,18,0,6,10,3,12.0,0,0,6,8,4,10.25,0,10.8,1.4,1.74,Enrolled
STU-04202,1,8,1,3,0,1,1,22,27,6,7,1,0,1,1,0,0,0,19,0,6,6,6,12.166666666666666,0,0,6,7,6,11.666666666666666,0,10.8,1.4,1.74,Graduate
STU-00585,1,8,1,11,1,1,1,22,27,8,8,0,0,0,1,0,0,0,19,0,6,8,5,11.8,0,0,6,8,5,11.6,0,10.8,1.4,1.74,Graduate
STU-02171,1,1,5,12,1,1,1,1,1,6,9,1,0,0,1,0,0,0,19,0,8,8,7,13.714285714285714,0,0,8,8,7,13.714285714285714,0,12.7,3.7,-1.7,Graduate
STU-01991,1,8,1,3,0,1,1,22,14,6,6,0,0,0,1,0,0,0,18,0,6,8,5,12.2,0,0,6,10,5,12.8,0,10.8,1.4,1.74,Graduate
STU-03957,1,1,3,9,1,1,1,23,14,10,11,1,0,0,1,0,0,0,18,0,5,6,5,12.8,1,0,5,6,5,12.6,0,9.4,-0.8,-3.12,Graduate
STU-03780,1,14,1,13,1,1,1,2,3,4,3,0,0,0,1,0,0,0,25,2,7,10,3,13.0,0,1,8,10,3,11.666666666666666,4,10.8,1.4,1.74,Enrolled
STU-04399,1,12,1,9,1,1,1,23,28,8,10,0,1,0,1,0,1,0,26,0,5,8,4,13.0,0,0,5,10,4,12.25,2,16.2,0.3,-0.92,Graduate
STU-02145,2,12,1,3,0,9,1,22,27,8,10,0,0,0,1,0,0,0,42,0,6,6,6,11.666666666666666,0,0,6,6,6,13.666666666666666,0,10.8,1.4,1.74,Graduate
STU-01024,1,8,1,5,1,1,1,23,28,10,10,0,0,0,1,0,0,0,20,0,6,6,6,14.5,0,0,6,7,6,13.5,0,11.1,0.6,2.02,Graduate
STU-01535,1,1,1,6,1,1,1,1,28,10,10,1,0,0,1,0,0,0,18,0,5,7,5,14.4,1,0,5,5,5,13.6,0,12.7,3.7,-1.7,Graduate
STU-03939,1,1,2,12,1,1,1,13,1,6,6,1,0,0,1,0,0,0,19,0,7,7,7,14.20857142857143,0,0,8,9,8,15.127777777777778,0,11.1,0.6,2.02,Graduate
STU-00969,2,12,1,17,0,1,1,19,24,1,1,1,0,0,0,1,0,0,49,0,5,5,0,0.0,0,0,5,5,0,0.0,0,7.6,2.6,0.32,Dropout
STU-03020,1,8,6,10,1,1,1,3,3,2,3,1,0,0,1,0,0,0,19,0,6,11,5,10.8,0,0,6,12,5,11.333333333333334,0,15.5,2.8,-4.06,Graduate
STU-04224,1,8,2,11,1,1,1,13,28,6,6,1,0,0,1,0,0,0,19,0,6,7,6,12.714285714285714,0,0,6,6,6,11.833333333333334,0,8.9,1.4,3.51,Graduate
STU-02287,1,12,1,17,0,1,1,13,27,7,9,0,0,0,1,1,0,0,40,0,5,5,5,11.0,0,0,5,5,5,13.4,0,15.5,2.8,-4.06,Graduate
STU-02599,1,8,3,6,1,1,1,13,27,6,6,1,0,0,1,0,0,0,21,0,5,14,2,13.0,2,0,5,8,4,12.0,1,9.4,-0.8,-3.12,Enrolled
STU-03986,1,8,1,5,1,1,1,22,28,10,9,1,0,0,1,0,0,0,20,0,6,6,6,12.5,0,0,6,6,6,12.666666666666666,0,7.6,2.6,0.32,Graduate
STU-01342,1,1,5,15,1,1,1,13,14,10,10,1,0,0,1,0,0,0,18,0,6,7,5,12.8,0,0,6,10,4,12.2,0,10.8,1.4,1.74,Graduate
STU-00649,1,14,2,13,1,1,1,1,14,5,4,0,0,0,1,0,0,0,27,0,7,9,7,12.228571428571428,0,1,8,10,8,13.2125,0,10.8,1.4,1.74,Graduate
STU-01097,1,8,1,14,1,3,1,10,3,6,9,1,0,1,0,0,0,0,20,0,6,6,0,0.0,0,0,6,9,0,0.0,0,10.8,1.4,1.74,Dropout
STU-00348,4,12,1,17,0,1,1,22,27,7,7,0,0,0,1,0,0,0,39,0,5,6,5,11.0,0,0,5,9,5,11.666666666666666,0,10.8,1.4,1.74,Graduate
STU-02439,1,4,1,4,1,3,1,1,28,10,8,1,0,0,0,1,0,0,32,11,17,31,11,12.727272727272728,4,10,12,24,10,12.7,1,15.5,2.8,-4.06,Dropout
STU-02174,1,1,1,6,1,1,1,10,2,5,3,0,0,1,0,0,0,0,24,0,5,6,1,13.0,0,0,5,5,0,0.0,0,7.6,2.6,0.32,Dropout
STU-02648,1,15,1,4,1,14,1,23,28,10,6,0,0,1,0,1,0,0,20,0,6,16,4,11.8,0,0,6,15,2,12.0,0,16.2,0.3,-0.92,Dropout
STU-02934,1,1,6,12,1,1,1,13,14,10,10,1,0,0,1,0,0,0,18,0,8,12,7,11.971428571428572,0,0,8,12,7,11.971428571428572,0,12.7,3.7,-1.7,Graduate
STU-02481,1,14,1,2,1,1,1,3,3,3,3,1,0,0,1,1,0,0,22,0,0,0,0,0.0,0,0,0,0,0,0.0,0,7.6,2.6,0.32,Enrolled
STU-00625,1,8,4,5,1,1,1,23,27,10,10,0,0,0,1,0,1,0,23,0,6,6,6,13.333333333333334,0,0,6,8,3,12.666666666666666,0,11.1,0.6,2.02,Dropout
STU-03660,1,15,1,6,1,14,1,23,1,6,6,0,0,0,1,0,0,0,20,0,5,10,2,14.5,1,0,5,7,4,11.25,0,12.7,3.7,-1.7,Enrolled
STU-03368,1,1,4,12,1,1,1,13,28,10,4,1,0,0,1,0,0,0,19,0,7,7,6,14.616666666666667,0,0,7,7,6,14.616666666666667,0,7.6,2.6,0.32,Graduate
STU-03268,2,12,1,17,0,14,1,23,14,10,6,0,0,0,1,0,1,0,35,0,5,9,3,11.666666666666666,0,0,5,7,5,11.8,0,12.7,3.7,-1.7,Enrolled
STU-00165,1,8,2,14,1,1,1,1,14,6,5,0,0,0,1,0,0,0,19,0,5,5,5,14.2,0,0,5,5,5,14.2,0,7.6,2.6,0.32,Graduate
STU-02203,1,8,2,11,1,1,1,13,28,7,7,1,0,0,1,1,0,0,19,0,6,8,5,11.2,0,0,6,11,4,12.5,0,15.5,2.8,-4.06,Graduate
STU-01508,1,1,1,2,1,1,1,13,27,8,8,1,0,0,1,1,0,0,19,0,0,0,0,0.0,0,0,0,0,0,0.0,0,9.4,-0.8,-3.12,Graduate
STU-02861,4,14,1,10,1,1,1,22,27,10,10,0,0,1,1,0,0,0,34,0,6,13,4,11.25,0,0,6,8,4,13.75,0,13.9,-0.3,0.79,Graduate
STU-00514,1,12,1,17,0,1,1,22,14,10,3,0,0,0,0,0,0,0,40,0,4,4,0,0.0,0,0,5,0,0,0.0,0,12.7,3.7,-1.7,Dropout
STU-00644,1,1,3,12,1,1,1,22,28,8,8,1,0,0,1,0,0,0,18,0,8,8,8,14.26875,0,0,8,8,8,14.26875,0,9.4,-0.8,-3.12,Enrolled
STU-03177,1,1,4,12,1,1,1,13,14,10,6,1,0,0,1,0,1,0,19,0,7,9,6,12.428571428571429,0,0,8,8,8,14.0,0,13.9,-0.3,0.79,Graduate
STU-01572,1,12,1,4,1,12,1,22,27,10,11,0,0,1,0,1,0,0,38,0,6,8,0,0.0,0,0,6,10,0,0.0,0,16.2,0.3,-0.92,Dropout
STU-01094,1,9,4,15,1,1,1,13,14,5,5,1,0,0,1,0,0,0,20,0,6,12,5,12.0,0,0,6,8,6,11.571428571428571,0,15.5,2.8,-4.06,Dropout
STU-02690,1,8,1,15,1,1,1,1,28,12,9,1,0,0,0,1,0,0,21,0,6,10,2,12.0,0,0,6,0,0,0.0,0,10.8,1.4,1.74,Dropout
STU-04216,1,1,1,2,1,1,1,13,27,6,7,1,0,1,0,0,0,0,18,0,0,0,0,0.0,0,0,0,0,0,0.0,0,8.9,1.4,3.51,Dropout
STU-01430,1,8,1,15,1,1,1,13,28,10,8,1,0,0,1,0,1,0,21,0,6,6,5,13.0,0,0,6,7,6,12.833333333333334,0,8.9,1.4,3.51,Graduate
STU-02866,4,12,1,9,1,1,1,22,27,10,10,0,0,0,1,0,0,0,43,0,5,5,5,16.4,0,0,5,5,5,16.6,0,7.6,2.6,0.32,Graduate
STU-02433,1,1,3,15,1,1,1,23,28,10,8,1,0,0,1,1,1,0,18,0,6,6,6,12.5,0,0,6,7,6,12.666666666666666,0,10.8,1.4,1.74,Dropout
STU-01564,1,15,1,8,1,14,1,13,14,6,6,1,0,1,0,0,0,0,20,1,6,11,3,12.0,0,0,6,11,2,11.0,0,12.4,0.5,1.79,Enrolled
STU-03263,1,12,1,3,0,1,1,10,5,10,5,0,0,1,0,0,0,0,37,0,6,6,0,0.0,0,0,5,5,0,0.0,0,8.9,1.4,3.51,Dropout
STU-01116,1,9,1,12,1,1,1,23,27,10,8,1,0,0,1,0,0,0,19,0,8,8,8,13.11625,0,0,8,8,8,13.11625,0,9.4,-0.8,-3.12,Graduate
STU-03953,1,1,6,12,1,1,1,1,14,10,5,1,0,0,1,0,1,0,19,0,8,8,7,14.214285714285714,0,0,8,8,7,14.214285714285714,0,12.7,3.7,-1.7,Graduate
STU-02650,1,1,1,12,1,1,1,13,28,10,9,0,0,0,1,1,0,0,20,0,8,12,5,12.002,1,0,8,12,5,12.002,1,10.8,1.4,1.74,Dropout
STU-02077,1,1,4,10,1,1,1,23,1,5,11,1,0,0,1,0,0,0,19,0,6,8,6,11.666666666666666,0,0,6,6,6,12.333333333333334,0,10.8,1.4,1.74,Graduate
STU-02239,1,12,1,8,1,1,1,13,1,29,29,0,0,0,1,1,0,0,24,0,6,11,6,11.333333333333334,0,0,6,12,3,11.333333333333334,0,16.2,0.3,-0.92,Enrolled
STU-03338,1,14,1,14,1,1,1,19,24,13,13,0,0,0,0,1,0,0,35,6,10,10,7,12.142857142857142,0,4,9,9,4,12.25,0,7.6,2.6,0.32,Dropout
STU-00219,1,12,1,3,0,1,1,1,14,6,5,0,0,0,1,0,1,0,27,0,6,16,1,10.0,0,0,6,13,0,0.0,0,8.9,1.4,3.51,Dropout
STU-00826,1,8,3,14,1,1,1,1,3,5,4,1,0,0,1,0,0,0,18,0,6,8,6,14.0,0,0,6,9,5,14.0,0,8.9,1.4,3.51,Graduate
STU-02362,1,13,1,15,1,1,1,13,6,5,4,0,0,0,1,1,0,0,27,0,4,8,0,0.0,0,0,5,10,0,0.0,0,9.4,-0.8,-3.12,Dropout
STU-03802,1,9,1,12,1,1,1,22,27,7,7,1,0,0,1,0,1,0,19,0,8,8,7,13.542857142857144,0,0,8,8,7,13.542857142857144,0,12.7,3.7,-1.7,Graduate
STU-01823,1,8,1,9,1,1,1,1,28,5,6,1,0,0,1,0,0,0,19,0,5,10,1,11.0,0,0,5,13,0,0.0,0,12.7,3.7,-1.7,Enrolled
STU-03319,1,14,1,17,0,1,1,22,27,10,10,0,0,1,0,1,0,0,28,4,9,14,4,10.0,0,1,6,6,1,10.0,0,12.7,3.7,-1.7,Dropout
STU-01780,1,1,1,12,1,1,1,22,14,10,10,1,0,0,1,1,0,0,19,0,7,7,7,13.725714285714286,0,0,8,8,8,14.5,0,11.1,0.6,2.02,Graduate
STU-01752,1,1,1,2,1,1,1,23,14,10,10,1,0,0,1,1,1,0,19,0,0,0,0,0.0,0,0,0,0,0,0.0,0,13.9,-0.3,0.79,Graduate
STU-01605,1,12,1,4,1,12,1,1,14,10,9,0,0,1,0,1,0,0,27,0,6,11,2,11.5,0,0,6,7,0,0.0,0,8.9,1.4,3.51,Dropout
STU-02557,1,6,1,9,1,1,12,1,1,3,4,0,0,0,1,0,0,1,19,0,5,10,4,12.0,0,0,5,6,5,11.4,0,11.1,0.6,2.02,Graduate
STU-01659,1,14,3,2,1,1,1,22,27,10,10,1,0,0,1,0,1,0,20,0,0,0,0,0.0,0,0,0,0,0,0.0,0,7.6,2.6,0.32,Graduate
STU-02474,1,12,1,4,1,1,1,1,1,2,7,0,0,0,0,1,0,0,24,0,6,0,0,0.0,0,0,6,0,0,0.0,0,13.9,-0.3,0.79,Dropout
STU-00110,1,8,2,16,1,1,1,13,1,10,4,1,0,0,1,0,0,0,20,0,7,12,6,11.666666666666666,0,0,7,10,3,13.0,0,16.2,0.3,-0.92,Enrolled
STU-01813,2,16,1,12,1,1,1,22,27,6,6,0,0,0,1,1,0,0,44,0,7,11,5,12.1,0,0,7,10,5,12.6,0,11.1,0.6,2.02,Dropout
STU-01557,1,1,1,7,1,1,1,22,14,10,6,1,0,0,1,1,0,0,20,0,5,5,0,0.0,0,0,5,0,0,0.0,0,9.4,-0.8,-3.12,Dropout
STU-02576,2,12,1,3,0,1,1,22,27,8,6,0,0,0,1,0,0,0,40,5,9,9,9,15.88888888888889,0,3,7,7,7,14.142857142857142,0,12.7,3.7,-1.7,Graduate
STU-04298,1,1,1,15,1,1,1,23,27,10,7,0,0,0,1,1,1,0,19,0,6,8,5,14.0,0,0,6,8,6,13.0,0,10.8,1.4,1.74,Graduate
STU-01725,1,1,1,2,1,1,1,13,14,4,11,1,0,0,1,0,0,0,21,13,17,20,17,12.0,0,14,17,18,17,12.666666666666666,0,11.1,0.6,2.02,Graduate
STU-01008,1,17,1,10,1,16,1,22,27,10,11,1,0,0,1,0,0,0,21,5,9,10,9,12.77777777777778,0,4,9,9,9,13.22222222222222,0,8.9,1.4,3.51,Graduate
STU-01059,1,12,1,14,1,9,1,1,14,2,6,1,0,1,0,0,0,0,25,0,5,5,5,11.2,0,0,5,5,4,11.25,0,9.4,-0.8,-3.12,Dropout
STU-01591,1,15,1,4,1,14,1,1,14,5,8,0,0,0,1,1,0,0,23,1,6,6,1,11.0,0,0,6,8,0,0.0,0,15.5,2.8,-4.06,Dropout
STU-03717,1,15,1,8,1,14,1,4,4,3,11,1,0,0,1,1,0,0,20,1,5,8,2,11.5,0,1,5,13,2,11.5,0,12.7,3.7,-1.7,Dropout
STU-02981,1,8,4,15,1,1,1,22,14,6,8,1,0,0,0,0,0,0,18,0,6,7,6,12.5,0,0,6,6,6,12.166666666666666,0,10.8,1.4,1.74,Graduate
STU-02749,2,12,1,17,0,1,1,22,27,10,10,0,0,0,0,1,0,0,42,0,4,4,0,0.0,0,0,5,0,0,0.0,0,12.7,3.7,-1.7,Dropout
STU-03592,1,8,3,12,1,1,1,3,1,3,8,1,0,0,1,1,0,0,18,0,8,8,7,13.154285714285717,0,0,8,8,7,13.154285714285717,0,10.8,1.4,1.74,Enrolled
STU-03625,1,1,2,9,1,1,1,3,14,3,5,1,0,0,1,0,0,0,21,0,5,9,3,11.666666666666666,0,0,5,9,4,11.75,0,8.9,1.4,3.51,Graduate
STU-03499,1,1,2,15,1,1,1,23,28,6,8,1,0,0,1,1,1,0,18,0,6,8,6,12.666666666666666,0,0,6,6,6,13.5,0,12.7,3.7,-1.7,Graduate
STU-01168,1,14,2,15,1,1,1,13,14,1,1,0,0,0,1,1,0,0,23,0,6,9,6,12.333333333333334,0,0,6,11,5,13.0,0,7.6,2.6,0.32,Graduate
STU-02110,1,15,1,6,1,14,1,3,3,3,3,1,0,0,1,0,0,0,22,2,6,7,6,14.428571428571429,0,1,6,9,5,13.0,0,13.9,-0.3,0.79,Graduate
STU-03531,1,1,3,14,1,1,1,3,1,3,4,1,0,0,1,1,0,0,19,0,6,6,6,13.333333333333334,0,0,6,9,5,13.8,0,8.9,1.4,3.51,Graduate
STU-04365,1,8,1,10,1,1,1,22,27,10,10,1,0,0,1,0,0,0,18,0,6,9,4,11.5,0,0,6,10,4,10.75,0,7.6,2.6,0.32,Enrolled
STU-04392,2,4,1,12,1,3,1,22,27,10,6,0,0,0,1,0,0,0,32,0,7,9,7,13.761111111111113,0,1,8,11,7,12.06375,0,15.5,2.8,-4.06,Enrolled
STU-01580,1,7,1,2,1,1,1,23,27,10,10,1,0,0,1,1,1,0,18,0,0,0,0,0.0,0,0,0,0,0,0.0,0,10.8,1.4,1.74,Enrolled
STU-00795,1,1,3,15,1,1,1,13,14,4,4,0,0,0,1,0,1,0,18,0,6,6,6,13.166666666666666,0,0,6,6,6,12.166666666666666,0,12.4,0.5,1.79,Graduate
STU-04240,1,12,1,6,1,15,1,3,2,4,3,1,0,0,1,0,0,0,27,0,6,7,6,16.142857142857142,0,0,6,7,6,14.666666666666666,0,13.9,-0.3,0.79,Graduate
STU-00620,1,15,1,6,1,14,1,3,1,3,4,1,0,0,1,0,0,0,19,0,6,10,5,12.666666666666666,0,0,6,19,4,11.75,0,12.4,0.5,1.79,Enrolled
STU-02451,1,1,1,2,1,1,1,1,28,6,10,0,0,1,0,1,0,0,18,0,0,0,0,0.0,0,0,0,0,0,0.0,0,9.4,-0.8,-3.12,Enrolled
STU-00950,1,12,1,9,1,1,1,22,3,10,3,0,0,0,1,1,0,0,61,0,5,0,0,0.0,0,0,5,0,0,0.0,0,15.5,2.8,-4.06,Dropout
STU-01514,1,5,1,11,1,1,10,3,1,10,10,1,0,0,1,0,0,1,19,0,6,6,6,13.5,0,0,6,6,6,14.333333333333334,0,12.4,0.5,1.79,Graduate
STU-00390,1,15,1,3,0,14,1,22,27,8,8,0,0,0,1,0,1,0,21,3,6,6,6,14.666666666666666,0,2,6,6,6,14.166666666666666,0,13.9,-0.3,0.79,Graduate
STU-00544,1,1,1,12,1,1,1,1,1,6,4,0,0,0,1,1,1,0,18,0,7,7,7,15.957142857142856,0,0,8,9,8,15.188888888888888,0,16.2,0.3,-0.92,Graduate
STU-02409,1,9,1,17,0,1,1,28,30,3,3,0,0,0,1,1,0,0,22,0,5,0,0,0.0,0,0,5,0,0,0.0,0,8.9,1.4,3.51,Dropout
STU-02057,1,17,1,4,1,16,1,1,14,10,8,0,0,1,1,0,1,0,24,7,12,13,12,12.846153846153848,0,5,11,13,11,12.636363636363637,0,8.9,1.4,3.51,Graduate
STU-01897,1,1,1,6,1,1,1,13,27,9,9,0,1,0,1,0,0,0,21,0,6,13,4,12.0,0,0,6,17,2,11.5,0,11.1,0.6,2.02,Enrolled
STU-00377,1,9,4,9,1,1,1,22,27,10,10,1,0,0,0,0,0,0,34,0,5,5,0,0.0,0,0,5,0,0,0.0,0,9.4,-0.8,-3.12,Dropout
STU-00033,1,1,1,9,1,1,1,1,1,5,7,0,0,0,0,1,0,0,18,0,5,9,3,11.333333333333334,0,0,5,8,2,13.5,0,8.9,1.4,3.51,Enrolled
STU-00173,1,8,1,12,1,1,1,2,28,5,6,1,0,0,1,0,0,0,19,0,7,7,6,11.683333333333332,0,0,7,7,6,11.683333333333332,0,7.6,2.6,0.32,Graduate
STU-02106,1,14,1,12,1,1,1,13,14,5,8,0,0,0,1,0,1,0,18,0,7,11,5,12.16,0,0,7,7,2,13.4,0,16.2,0.3,-0.92,Enrolled
STU-02649,1,14,1,3,0,9,1,22,1,10,11,0,0,0,1,1,0,0,50,6,13,13,6,11.333333333333334,0,2,11,11,2,13.5,0,16.2,0.3,-0.92,Dropout
STU-01474,1,8,1,15,1,1,1,22,27,1,5,1,0,0,1,1,0,0,19,0,6,12,0,0.0,1,0,6,0,0,0.0,0,9.4,-0.8,-3.12,Dropout
STU-00429,3,1,2,6,1,1,1,13,1,5,5,1,0,0,1,0,0,0,21,0,5,8,0,0.0,4,0,5,12,0,0.0,4,10.8,1.4,1.74,Dropout
STU-01621,1,9,1,14,1,1,1,13,3,10,8,1,0,0,1,0,0,0,19,0,6,8,6,14.125,0,0,6,10,5,14.5,0,11.1,0.6,2.02,Graduate
STU-01601,1,1,4,2,1,1,1,1,1,1,4,1,0,0,1,1,0,0,18,0,0,0,0,0.0,0,0,0,0,0,0.0,0,11.1,0.6,2.02,Graduate
STU-01699,1,1,1,12,1,1,1,1,1,6,6,1,0,0,1,1,0,0,18,0,7,7,7,16.142857142857142,0,0,8,9,0,0.0,0,16.2,0.3,-0.92,Dropout
STU-00199,1,1,1,16,1,1,1,13,14,4,9,0,0,0,1,0,0,0,18,0,7,9,7,12.571428571428571,0,0,7,8,7,14.428571428571429,0,11.1,0.6,2.02,Graduate
STU-01478,1,16,1,2,1,1,1,2,1,4,4,1,0,0,1,1,0,0,21,6,12,12,12,13.666666666666666,0,4,11,16,11,13.0,0,8.9,1.4,3.51,Graduate
STU-04271,1,8,1,5,1,1,1,22,28,10,8,0,0,0,1,1,1,0,18,0,6,6,6,13.666666666666666,0,0,6,6,6,12.0,0,12.4,0.5,1.79,Graduate
STU-01066,1,4,1,3,0,15,1,13,1,6,11,1,0,1,0,0,0,0,23,7,12,12,11,14.0,0,4,10,11,8,14.625,0,13.9,-0.3,0.79,Dropout
STU-00520,1,8,2,16,1,1,1,22,27,10,10,1,0,0,1,0,0,0,23,0,6,11,4,11.25,0,0,6,10,5,10.2,0,7.6,2.6,0.32,Dropout
STU-02541,1,4,1,9,1,3,1,1,29,5,8,0,0,0,1,0,0,0,33,2,5,9,2,14.0,0,0,5,5,0,0.0,0,12.4,0.5,1.79,Dropout
STU-01062,1,1,1,5,1,1,1,13,14,8,8,0,0,0,1,0,0,0,20,0,6,0,0,0.0,0,0,6,0,0,0.0,0,15.5,2.8,-4.06,Dropout
STU-01604,1,15,1,4,1,14,1,13,28,7,7,1,0,0,1,1,0,0,19,0,6,8,6,12.142857142857142,0,0,6,11,5,13.6,0,12.4,0.5,1.79,Graduate
STU-00370,1,1,6,12,1,1,1,13,14,10,6,1,0,0,1,0,0,0,18,0,8,8,7,13.414285714285716,0,0,8,8,7,13.414285714285716,0,12.7,3.7,-1.7,Dropout
STU-01892,1,1,5,12,1,1,1,23,27,8,8,1,0,0,1,0,1,0,18,0,8,8,8,13.435,0,0,8,8,8,13.435,0,9.4,-0.8,-3.12,Graduate
STU-02242,2,12,1,17,0,1,1,22,27,10,10,0,0,0,1,1,0,0,37,0,5,7,4,10.75,0,0,5,7,3,11.333333333333334,0,7.6,2.6,0.32,Enrolled
STU-03484,2,12,1,12,1,1,1,22,27,10,10,0,0,0,0,1,0,0,37,0,7,10,5,13.0,0,0,7,9,5,12.88,0,11.1,0.6,2.02,Dropout
STU-04369,1,12,1,17,0,1,1,22,27,10,10,1,0,0,0,1,0,0,25,0,5,5,0,0.0,0,0,5,5,0,0.0,0,9.4,-0.8,-3.12,Dropout
STU-03842,1,1,1,10,1,1,1,13,28,8,8,0,0,0,1,1,0,0,20,0,6,12,4,11.75,0,0,6,13,3,11.333333333333334,0,15.5,2.8,-4.06,Enrolled
STU-01881,2,15,1,7,1,14,1,22,27,10,10,0,0,1,1,1,0,0,41,3,7,15,5,14.333333333333334,0,1,6,16,6,14.636363636363637,0,12.4,0.5,1.79,Enrolled
STU-04076,1,8,3,6,1,1,1,13,28,6,8,0,0,0,1,0,0,0,21,0,6,0,0,0.0,0,0,6,0,0,0.0,0,15.5,2.8,-4.06,Dropout
STU-01742,1,8,4,11,1,1,1,1,1,5,3,1,0,0,1,1,0,0,19,0,6,7,5,12.2,0,0,6,12,2,12.0,0,7.6,2.6,0.32,Enrolled
STU-02396,1,14,1,15,1,1,1,13,28,10,8,1,0,0,1,1,0,0,22,0,6,17,3,11.333333333333334,3,0,6,14,3,12.333333333333334,0,15.5,2.8,-4.06,Enrolled
STU-03865,1,14,1,6,1,1,1,3,14,5,7,0,0,1,0,1,0,0,34,2,6,13,3,11.333333333333334,0,0,6,8,2,11.5,0,13.9,-0.3,0.79,Dropout
STU-00937,1,12,1,12,1,12,1,23,28,10,10,0,0,0,1,0,0,0,28,0,7,15,1,10.75,0,0,7,10,1,10.0,0,13.9,-0.3,0.79,Dropout
STU-01722,1,1,2,11,1,1,1,22,27,10,10,1,0,0,1,0,1,0,18,0,6,8,6,10.571428571428571,0,0,6,9,5,11.4,0,16.2,0.3,-0.92,Graduate
STU-01774,1,13,1,4,1,1,1,13,14,5,5,1,0,0,1,1,0,0,25,0,6,14,5,11.666666666666666,0,0,6,11,4,12.0,0,15.5,2.8,-4.06,Enrolled
STU-03057,1,8,2,15,1,1,1,13,14,10,7,1,0,0,1,0,1,0,18,0,6,6,6,13.666666666666666,0,0,6,6,6,14.0,0,8.9,1.4,3.51,Graduate
STU-03885,1,4,1,12,1,3,1,1,27,10,6,0,0,0,1,0,0,0,30,0,8,8,7,15.675714285714283,0,0,8,8,7,15.675714285714283,0,10.8,1.4,1.74,Graduate
STU-01105,1,1,1,10,1,1,1,13,14,1,6,1,0,0,1,0,0,0,19,0,6,12,2,13.0,0,0,6,8,5,11.6,0,7.6,2.6,0.32,Graduate
STU-02058,1,15,1,6,1,14,1,22,27,10,10,0,0,0,1,0,0,0,20,2,6,8,6,13.0,0,1,6,18,2,12.0,0,12.4,0.5,1.79,Enrolled
STU-02848,2,12,1,15,1,12,1,22,27,10,7,0,0,0,0,0,0,0,53,0,5,5,0,0.0,0,0,4,5,0,0.0,0,15.5,2.8,-4.06,Dropout
STU-01960,1,17,1,6,1,16,1,13,1,10,10,1,0,1,0,0,0,0,24,7,9,9,8,13.125,0,4,9,13,6,13.0,0,8.9,1.4,3.51,Enrolled
STU-02535,1,1,1,10,1,1,1,23,28,9,8,1,0,0,1,0,1,0,19,0,6,7,6,11.857142857142858,0,0,6,8,6,13.142857142857142,0,12.4,0.5,1.79,Graduate
STU-03816,1,1,3,12,1,1,1,13,3,4,3,1,0,0,1,0,0,0,18,0,7,8,7,12.59125,0,0,8,11,7,12.820000000000002,0,15.5,2.8,-4.06,Enrolled
STU-00858,1,12,1,4,1,9,1,22,1,10,11,0,0,0,1,1,0,0,28,0,6,6,0,0.0,0,0,6,6,0,0.0,0,11.1,0.6,2.02,Dropout
STU-02168,1,1,6,9,1,1,1,23,28,10,10,1,0,0,1,0,0,0,20,0,5,8,4,12.0,0,0,5,8,5,11.2,0,11.1,0.6,2.02,Graduate
STU-02157,1,8,2,2,1,1,1,1,1,5,2,1,0,0,1,0,0,0,18,0,0,0,0,0.0,0,0,0,0,0,0.0,0,9.4,-0.8,-3.12,Enrolled
STU-02141,1,8,5,12,1,1,1,1,1,6,5,1,0,0,1,0,0,0,18,0,7,9,7,12.385714285714286,0,0,8,9,7,12.728571428571428,0,13.9,-0.3,0.79,Enrolled
STU-04133,1,15,1,6,1,14,1,3,28,3,10,1,0,0,1,0,0,0,21,7,12,18,8,12.25,0,4,12,27,8,12.2,0,12.4,0.5,1.79,Enrolled
STU-01721,1,8,1,6,1,1,1,23,27,10,10,1,0,0,1,1,0,0,18,0,5,6,5,12.0,0,0,5,8,5,12.142857142857142,0,10.8,1.4,1.74,Graduate
STU-02633,1,14,1,12,1,1,1,1,1,8,5,1,0,0,1,1,0,0,22,0,8,9,8,12.55375,1,0,8,9,8,12.55375,1,9.4,-0.8,-3.12,Graduate
STU-04039,1,1,3,6,1,1,1,1,14,10,10,1,0,0,1,0,1,0,18,0,6,7,6,15.666666666666666,0,0,6,8,6,15.285714285714286,0,8.9,1.4,3.51,Graduate
STU-00710,1,12,1,3,0,1,1,22,9,10,8,0,0,1,0,1,0,0,50,0,6,6,0,0.0,0,0,5,6,0,0.0,0,12.4,0.5,1.79,Dropout
STU-03152,1,1,1,2,1,1,1,3,1,5,5,1,0,1,0,0,0,0,18,0,0,0,0,0.0,0,0,0,0,0,0.0,0,12.4,0.5,1.79,Dropout
STU-02273,2,12,1,17,0,12,1,22,1,6,6,0,0,0,1,1,0,0,44,0,5,9,3,11.333333333333334,0,0,5,8,5,11.142857142857142,0,13.9,-0.3,0.79,Dropout
STU-03678,1,1,2,15,1,1,1,13,28,6,1,1,0,0,1,0,0,0,19,0,6,11,1,13.0,0,0,5,10,0,0.0,0,7.6,2.6,0.32,Dropout
STU-00695,2,12,1,8,1,12,1,2,1,3,10,1,0,0,1,1,0,0,44,1,5,13,4,14.0,3,1,5,9,4,15.5,2,10.8,1.4,1.74,Graduate
STU-00999,1,8,1,11,1,1,1,1,14,4,4,1,0,0,1,0,0,0,19,0,6,8,6,12.666666666666666,0,0,6,8,5,13.4,0,11.1,0.6,2.02,Graduate
STU-02898,1,14,1,12,1,1,1,3,3,3,3,0,0,0,1,0,0,0,18,0,7,8,7,13.6125,0,0,8,8,8,14.575,0,13.9,-0.3,0.79,Graduate
STU-03854,2,1,1,4,1,1,1,22,27,10,10,1,0,1,1,1,0,0,35,14,17,17,14,10.642857142857142,1,12,12,12,12,10.666666666666666,0,15.5,2.8,-4.06,Dropout
STU-00354,2,1,1,12,1,1,1,22,28,10,8,0,0,1,1,0,1,0,18,0,7,7,6,14.2,0,0,7,7,6,14.2,0,7.6,2.6,0.32,Graduate
STU-02425,1,12,2,7,1,1,1,22,27,6,6,0,0,0,1,1,0,0,30,0,2,2,0,0.0,0,0,2,2,0,0.0,0,7.6,2.6,0.32,Dropout
STU-02561,1,8,5,16,1,1,1,3,14,3,8,1,0,0,1,0,0,0,18,0,6,7,6,13.5,0,0,6,8,5,12.6,0,7.6,2.6,0.32,Graduate
STU-00893,1,14,1,12,1,1,1,22,27,10,10,1,0,0,1,0,1,0,21,0,8,8,7,14.428571428571429,0,0,8,8,7,14.428571428571429,0,12.7,3.7,-1.7,Graduate
STU-00597,1,8,1,16,1,1,1,23,10,8,1,0,0,0,0,0,1,0,20,0,6,10,4,12.0,0,0,6,14,3,10.0,0,7.6,2.6,0.32,Dropout
STU-01139,1,8,4,12,1,1,1,23,27,4,4,1,0,0,1,0,0,0,18,0,8,8,7,13.297142857142855,0,0,8,8,7,13.297142857142855,0,10.8,1.4,1.74,Graduate
STU-01678,5,12,1,17,0,1,1,1,1,4,4,0,0,0,1,1,1,0,35,0,5,10,4,10.5,0,0,5,6,5,12.6,0,8.9,1.4,3.51,Graduate
STU-03388,1,8,1,6,1,1,1,23,28,5,10,0,0,0,1,0,0,0,20,0,6,8,6,13.285714285714286,0,0,6,16,6,11.8,0,12.4,0.5,1.79,Graduate
STU-03065,1,8,2,10,1,1,1,23,1,8,8,1,0,0,1,0,1,0,19,0,6,8,5,12.2,0,0,6,7,6,11.5,0,9.4,-0.8,-3.12,Graduate
STU-01581,1,1,1,15,1,1,1,22,27,10,8,1,0,0,1,1,1,0,21,0,6,6,6,13.5,0,0,6,6,6,14.166666666666666,0,12.7,3.7,-1.7,Graduate
STU-02780,1,1,2,10,1,1,1,13,14,5,8,1,0,0,1,0,1,0,21,0,6,9,5,12.333333333333334,0,0,6,7,5,11.8,0,13.9,-0.3,0.79,Graduate
STU-01525,1,1,1,2,1,1,1,3,2,3,3,1,0,0,1,1,0,0,18,0,0,0,0,0.0,0,0,0,0,0,0.0,0,7.6,2.6,0.32,Enrolled
STU-01252,1,14,1,15,1,1,1,23,27,10,6,1,0,0,1,0,0,0,20,0,6,6,6,11.833333333333334,0,0,6,7,6,12.857142857142858,0,15.5,2.8,-4.06,Graduate
STU-01470,1,1,3,11,1,1,1,1,1,5,4,1,0,0,1,1,0,0,18,0,6,8,6,12.333333333333334,0,0,6,6,6,13.666666666666666,0,11.1,0.6,2.02,Graduate
STU-01934,1,12,1,12,1,12,1,13,27,10,5,0,0,0,1,0,1,0,25,0,8,8,8,13.3675,0,0,8,8,8,13.3675,0,9.4,-0.8,-3.12,Graduate
STU-01064,1,1,1,12,1,1,1,13,1,5,5,0,0,0,1,0,0,0,18,0,8,8,8,14.445,0,0,8,8,8,14.445,0,9.4,-0.8,-3.12,Graduate
STU-00964,1,1,2,7,1,1,1,23,28,6,6,0,0,0,1,1,0,0,18,0,5,9,2,11.666666666666666,0,0,5,9,2,12.5,2,7.6,2.6,0.32,Enrolled
STU-03801,1,8,1,16,1,1,1,19,14,1,4,1,0,0,1,0,1,0,21,0,6,12,0,0.0,0,0,6,12,0,0.0,0,7.6,2.6,0.32,Dropout
STU-02962,1,1,1,12,1,1,1,13,27,10,10,1,0,0,1,0,0,0,18,0,8,8,7,14.13714285714286,0,0,8,8,7,14.13714285714286,0,10.8,1.4,1.74,Graduate
STU-02999,1,1,1,8,1,1,1,3,14,5,9,1,0,0,1,0,0,0,19,0,6,6,6,14.666666666666666,0,0,6,8,6,13.666666666666666,0,12.4,0.5,1.79,Graduate
STU-04225,1,14,1,12,1,1,1,23,14,6,9,0,0,0,1,0,1,0,19,0,7,9,6,13.0,0,0,8,11,8,13.927272727272726,0,16.2,0.3,-0.92,Graduate
STU-01745,1,12,1,14,1,1,1,22,27,12,12,0,0,1,0,1,0,0,44,0,6,9,1,14.0,0,0,6,6,0,0.0,0,12.7,3.7,-1.7,Dropout
STU-01126,1,1,2,14,1,1,1,22,28,10,10,0,0,0,1,0,1,0,21,0,5,5,5,13.2,0,0,5,5,4,13.0,0,9.4,-0.8,-3.12,Graduate
STU-00587,1,8,1,6,1,1,1,23,14,12,12,0,0,0,1,0,0,0,19,0,5,7,3,12.0,0,0,5,7,5,13.2,0,7.6,2.6,0.32,Graduate
STU-03451,1,12,1,17,0,1,1,22,27,10,10,0,0,0,1,0,0,0,24,0,5,9,5,12.285714285714286,0,0,5,8,5,12.125,0,16.2,0.3,-0.92,Enrolled
STU-00442,1,14,1,8,1,1,1,13,28,5,6,1,0,1,1,0,0,0,18,0,5,11,1,12.0,0,0,5,9,3,12.0,0,12.7,3.7,-1.7,Enrolled
STU-00742,1,1,1,11,1,1,1,3,3,3,3,0,0,0,1,1,0,0,19,0,6,7,6,14.428571428571429,0,0,6,6,6,12.5,0,8.9,1.4,3.51,Graduate
STU-03218,1,1,5,7,1,1,1,22,27,12,12,1,0,0,1,1,0,0,20,0,5,10,3,10.666666666666666,0,0,5,5,4,12.25,0,7.6,2.6,0.32,Graduate
STU-01944,1,1,1,5,1,1,1,4,14,4,6,1,0,0,1,0,0,0,19,0,6,6,6,12.666666666666666,0,0,6,8,5,11.4,0,12.4,0.5,1.79,Graduate
STU-01987,2,13,1,12,1,2,1,22,27,10,10,0,0,0,1,0,1,0,32,0,8,8,8,14.6625,0,0,8,8,8,14.6625,0,9.4,-0.8,-3.12,Graduate
STU-00852,1,3,2,16,1,1,1,13,14,5,6,1,0,0,1,0,0,0,22,0,6,10,5,12.6,0,0,6,9,4,11.25,0,12.7,3.7,-1.7,Enrolled
STU-00803,1,8,4,9,1,1,1,13,14,6,6,1,0,0,1,0,0,0,19,0,5,7,5,13.6,0,0,5,6,5,12.2,0,8.9,1.4,3.51,Graduate
STU-02821,1,9,6,12,1,1,1,1,1,4,7,1,0,0,1,0,0,0,18,0,8,11,7,12.771428571428572,0,0,8,11,7,12.771428571428572,0,12.7,3.7,-1.7,Graduate
STU-03259,1,15,1,9,1,14,1,13,1,10,4,0,0,0,1,0,1,0,20,4,7,8,7,13.0,0,2,5,5,5,13.4,0,11.1,0.6,2.02,Graduate
STU-04158,1,1,5,8,1,1,1,3,1,3,10,1,0,0,1,0,0,0,19,0,5,13,1,13.0,0,0,5,7,2,12.5,0,12.7,3.7,-1.7,Dropout
STU-00184,1,9,3,5,1,1,1,1,27,6,6,1,0,0,0,0,0,0,19,0,6,6,6,12.166666666666666,0,0,6,6,0,0.0,0,15.5,2.8,-4.06,Dropout
STU-03400,1,8,1,5,1,1,1,23,14,6,6,0,0,0,1,0,1,0,21,0,6,6,6,11.5,0,0,6,6,6,12.333333333333334,0,9.4,-0.8,-3.12,Graduate
STU-01323,1,1,5,12,1,1,1,23,28,10,10,1,0,0,1,0,1,0,18,0,8,8,8,13.76375,0,0,8,8,8,13.76375,0,9.4,-0.8,-3.12,Graduate
STU-00189,1,12,1,6,1,1,1,1,14,10,10,1,0,0,1,0,0,0,24,0,6,10,2,11.0,0,0,6,6,0,0.0,0,8.9,1.4,3.51,Dropout
STU-02229,2,12,1,15,1,1,1,22,28,10,4,0,0,0,1,1,0,0,47,0,6,12,5,13.8,0,0,6,13,4,14.0,0,12.7,3.7,-1.7,Dropout
STU-03456,1,1,1,10,1,1,1,13,1,7,6,1,0,0,1,0,0,0,19,0,6,7,6,13.714285714285714,0,0,6,6,6,13.166666666666666,0,12.7,3.7,-1.7,Graduate
STU-01080,1,1,2,12,1,1,1,1,27,5,10,1,0,0,1,0,1,0,19,0,7,8,6,13.533333333333331,0,0,8,9,7,13.614285714285714,0,12.4,0.5,1.79,Graduate
STU-03893,1,1,3,9,1,1,1,1,1,6,8,1,0,0,1,0,1,0,18,0,5,11,4,14.25,0,0,5,7,4,12.5,0,12.7,3.7,-1.7,Graduate
STU-04213,1,8,2,15,1,1,1,1,1,5,9,1,0,0,1,0,0,0,19,0,6,6,6,13.333333333333334,0,0,6,6,6,14.666666666666666,0,12.4,0.5,1.79,Graduate
STU-02095,1,8,1,16,1,1,1,3,3,3,3,1,0,0,0,0,0,0,29,0,6,9,6,16.333333333333332,0,0,6,8,5,15.6,0,12.7,3.7,-1.7,Dropout
STU-01884,1,1,1,2,1,1,1,1,14,11,6,1,0,0,1,1,0,0,18,0,0,0,0,0.0,0,0,0,0,0,0.0,0,10.8,1.4,1.74,Graduate
STU-03695,1,8,1,2,1,1,1,1,1,10,10,1,0,0,1,1,0,0,18,0,0,0,0,0.0,0,0,0,0,0,0.0,0,12.7,3.7,-1.7,Dropout
STU-02583,1,1,1,9,1,1,1,23,27,10,6,0,0,0,1,0,0,0,18,0,5,5,5,14.4,0,0,5,5,5,15.4,0,7.6,2.6,0.32,Graduate
STU-03980,4,12,1,15,1,13,1,13,14,8,10,0,0,0,1,0,0,0,40,0,6,8,5,13.0,0,0,6,7,5,12.6,0,16.2,0.3,-0.92,Enrolled
STU-03937,1,1,1,8,1,1,1,22,27,10,10,1,0,1,1,0,0,0,20,0,5,10,2,12.0,2,0,5,9,4,11.0,0,9.4,-0.8,-3.12,Dropout
STU-03141,1,12,1,6,1,1,1,13,1,10,11,1,0,0,1,0,0,0,26,0,6,7,6,16.5,0,0,6,8,6,14.285714285714286,0,8.9,1.4,3.51,Graduate
STU-04254,1,9,2,16,1,1,1,13,27,10,5,1,0,1,0,0,0,0,19,0,7,11,5,12.2,0,0,7,13,0,0.0,0,12.4,0.5,1.79,Dropout
STU-03335,1,1,6,15,1,1,1,23,28,10,10,1,0,0,1,1,0,0,19,0,6,10,4,13.25,0,0,6,13,5,11.8,0,7.6,2.6,0.32,Graduate
STU-04192,1,15,1,6,1,14,1,1,29,4,10,1,0,0,1,0,0,0,20,1,6,9,6,12.666666666666666,0,1,6,10,4,11.5,0,13.9,-0.3,0.79,Enrolled
STU-01771,1,7,3,16,1,1,1,22,14,10,6,1,0,0,1,0,1,0,23,0,6,10,4,14.25,1,0,6,8,5,12.0,0,7.6,2.6,0.32,Enrolled
STU-01312,1,1,1,6,1,1,1,22,27,10,7,1,0,0,1,0,1,0,18,0,6,13,6,16.46153846153846,0,0,6,8,6,13.875,0,15.5,2.8,-4.06,Graduate
STU-03154,1,1,1,2,1,1,1,3,3,3,3,1,0,0,1,0,0,0,21,6,12,12,12,15.333333333333334,0,4,11,15,11,15.0,0,8.9,1.4,3.51,Graduate
STU-04423,1,1,1,9,1,1,1,22,27,8,5,1,0,0,1,0,1,0,20,0,5,5,5,13.8,0,0,5,6,5,12.0,0,9.4,-0.8,-3.12,Graduate
STU-00436,1,1,6,12,1,1,1,13,14,6,6,1,0,0,1,0,1,0,18,0,8,8,7,13.814285714285717,0,0,8,8,7,13.814285714285717,0,12.7,3.7,-1.7,Graduate
STU-03543,1,12,1,17,0,1,1,22,28,10,5,0,0,0,1,1,0,0,39,0,5,7,4,12.25,0,0,5,7,4,12.75,0,15.5,2.8,-4.06,Enrolled
STU-03417,1,1,1,15,1,1,1,3,3,3,6,0,0,0,1,0,0,0,19,0,6,6,6,12.166666666666666,0,0,6,6,6,12.5,0,16.2,0.3,-0.92,Enrolled
STU-04077,1,1,3,12,1,1,1,13,28,10,8,1,0,0,1,0,1,0,18,0,8,8,7,13.971428571428572,0,0,8,8,7,13.971428571428572,0,12.7,3.7,-1.7,Graduate
STU-04404,1,8,3,12,1,1,1,1,1,5,11,1,0,0,1,1,1,0,19,0,7,11,6,12.4125,0,0,8,12,7,11.2625,0,15.5,2.8,-4.06,Graduate
STU-03307,2,14,1,11,1,3,1,23,27,10,4,1,0,0,1,0,0,0,33,9,12,22,10,13.3,0,9,11,11,11,13.727272727272728,0,9.4,-0.8,-3.12,Graduate
STU-02111,1,15,3,6,1,14,1,1,14,5,2,1,0,0,1,0,0,0,19,0,5,10,1,13.0,1,0,5,8,3,15.333333333333334,0,12.7,3.7,-1.7,Enrolled
STU-01175,1,9,1,14,1,1,1,1,27,10,10,1,0,0,1,1,0,0,22,0,6,11,4,13.0,0,0,6,11,4,12.6,0,12.7,3.7,-1.7,Graduate
STU-00876,1,1,1,12,1,1,1,23,28,10,10,0,0,0,1,1,1,0,19,0,7,9,7,14.244444444444444,0,0,8,12,8,12.233333333333333,0,15.5,2.8,-4.06,Graduate
STU-03431,1,16,1,5,1,1,1,13,14,25,32,0,0,0,1,0,1,0,23,0,6,6,6,15.333333333333334,0,0,6,6,6,14.166666666666666,0,11.1,0.6,2.02,Graduate
STU-03781,1,9,1,12,1,1,1,3,3,2,2,1,0,0,1,0,0,0,18,0,8,8,7,13.154285714285717,0,0,8,8,7,13.154285714285717,0,10.8,1.4,1.74,Graduate
STU-01701,1,1,1,12,1,1,1,23,27,10,10,0,0,0,1,1,1,0,18,0,8,8,8,15.63375,0,0,8,8,8,15.63375,0,9.4,-0.8,-3.12,Graduate
STU-02598,1,14,1,2,1,1,1,13,28,10,10,0,0,0,1,0,1,0,18,0,0,0,0,0.0,0,0,0,0,0,0.0,0,13.9,-0.3,0.79,Dropout
STU-02300,1,12,1,11,1,14,1,1,1,6,11,0,0,0,0,1,0,0,26,0,6,0,0,0.0,0,0,6,0,0,0.0,0,16.2,0.3,-0.92,Dropout
STU-03636,1,13,1,12,1,6,1,22,1,10,5,0,0,0,1,0,0,0,21,12,21,33,18,14.933333333333334,12,12,21,33,18,14.933333333333334,12,7.6,2.6,0.32,Graduate
STU-04058,1,13,1,4,1,14,1,13,1,6,6,0,0,0,1,0,0,0,22,0,6,10,6,12.571428571428571,0,0,6,12,4,13.666666666666666,0,15.5,2.8,-4.06,Enrolled
STU-03432,1,1,3,12,1,1,1,1,1,5,5,1,0,0,1,0,0,0,18,0,8,8,7,14.2,0,0,8,8,7,14.2,0,12.7,3.7,-1.7,Graduate
STU-03314,1,1,1,11,1,1,1,1,1,10,11,0,0,0,1,1,0,0,20,0,6,8,6,12.857142857142858,0,0,6,9,5,12.4,0,8.9,1.4,3.51,Enrolled
STU-01552,1,14,1,9,1,1,1,22,27,10,10,0,0,0,1,0,0,0,49,9,13,22,10,10.4,0,4,9,18,6,10.666666666666666,0,12.7,3.7,-1.7,Graduate
STU-03140,1,1,1,16,1,1,1,13,28,3,8,1,0,0,1,0,1,0,19,0,6,9,5,12.2,0,0,6,10,4,11.5,0,7.6,2.6,0.32,Enrolled
STU-00595,1,8,1,4,1,1,1,22,27,5,7,0,0,1,1,0,0,0,20,0,6,8,6,13.333333333333334,0,0,6,8,5,14.0,0,11.1,0.6,2.02,Enrolled
STU-03569,1,8,5,7,1,1,1,1,14,10,10,1,0,0,1,1,0,0,20,0,5,10,3,13.333333333333334,0,0,5,11,5,13.571428571428571,0,12.4,0.5,1.79,Graduate
STU-03215,1,1,4,5,1,1,1,3,3,3,3,1,0,0,1,1,0,0,18,0,6,7,6,14.5,0,0,6,6,6,15.166666666666666,0,9.4,-0.8,-3.12,Graduate
STU-03089,5,12,1,12,1,3,1,22,28,10,10,0,0,0,1,0,0,0,27,0,8,8,7,15.94285714285714,0,0,8,8,7,15.94285714285714,0,12.7,3.7,-1.7,Graduate
STU-02827,1,1,2,14,1,1,1,1,14,5,8,1,0,0,1,0,1,0,19,0,6,6,6,13.333333333333334,0,0,6,10,5,13.4,0,8.9,1.4,3.51,Graduate
STU-01041,1,8,4,5,1,1,1,1,14,5,6,1,0,0,1,0,0,0,18,0,6,8,5,11.8,0,0,6,7,5,10.4,1,16.2,0.3,-0.92,Graduate
STU-01903,1,1,1,8,1,1,1,1,1,5,5,1,0,0,1,0,0,0,18,0,6,9,6,15.125,0,0,6,9,6,14.0,0,13.9,-0.3,0.79,Graduate
STU-00523,1,6,1,10,1,1,12,3,27,3,9,1,0,0,0,0,0,1,20,0,6,9,5,13.0,0,0,6,7,6,13.5,0,13.9,-0.3,0.79,Graduate
STU-01993,1,12,1,3,0,1,16,1,1,5,8,0,0,1,1,0,0,1,25,2,6,6,6,11.333333333333334,0,0,6,6,4,11.75,0,8.9,1.4,3.51,Enrolled
STU-02637,1,1,2,11,1,1,1,22,27,10,10,1,0,0,0,1,0,0,21,0,6,11,3,11.0,0,0,6,14,0,0.0,0,9.4,-0.8,-3.12,Dropout
STU-00179,1,1,5,16,1,1,1,22,14,10,6,1,0,0,1,0,0,0,18,0,6,8,5,12.4,0,0,6,12,5,10.4,0,9.4,-0.8,-3.12,Dropout
STU-02698,1,8,1,14,1,1,1,13,14,29,36,0,0,1,0,1,0,0,21,0,6,11,4,12.25,0,0,6,9,4,13.4,0,11.1,0.6,2.02,Enrolled
STU-00107,1,1,2,10,1,1,1,22,28,5,8,1,0,0,1,0,0,0,19,0,6,0,0,0.0,0,0,6,0,0,0.0,0,16.2,0.3,-0.92,Dropout
STU-00698,1,1,1,11,1,1,1,3,1,3,2,0,0,0,1,1,0,0,20,0,6,12,3,10.0,0,0,6,9,5,10.8,0,15.5,2.8,-4.06,Enrolled
STU-00582,1,8,5,12,1,1,1,10,1,6,6,1,0,0,1,0,0,0,18,0,7,8,7,12.5375,0,0,8,9,7,12.614285714285714,0,13.9,-0.3,0.79,Graduate
STU-03164,1,1,1,10,1,1,1,1,28,6,8,0,0,0,1,0,1,0,20,0,6,7,6,15.0,0,0,6,6,6,16.333333333333332,0,13.9,-0.3,0.79,Graduate
STU-00238,1,8,2,10,1,1,1,22,27,4,10,0,1,0,1,0,1,0,18,0,6,9,6,11.333333333333334,0,0,6,9,6,11.571428571428571,0,15.5,2.8,-4.06,Graduate
STU-03297,1,8,2,12,1,1,1,22,27,8,8,1,0,0,1,0,1,0,18,0,7,10,5,11.94,0,0,7,8,6,12.8,0,11.1,0.6,2.02,Enrolled
STU-03382,1,10,1,9,1,2,1,19,24,1,1,1,0,0,1,0,0,0,31,13,15,17,13,11.615384615384617,0,11,14,14,11,12.545454545454543,0,7.6,2.6,0.32,Dropout
STU-03846,1,12,1,6,1,9,1,19,24,13,13,0,0,1,0,1,0,0,27,0,5,5,0,0.0,0,0,5,5,0,0.0,0,7.6,2.6,0.32,Dropout
STU-02664,1,12,1,17,0,1,1,1,1,6,6,1,0,0,0,1,0,0,38,0,5,5,0,0.0,0,0,5,5,0,0.0,0,8.9,1.4,3.51,Dropout
STU-00673,1,1,4,12,1,1,1,1,14,10,8,1,0,0,1,0,1,0,19,0,7,8,7,12.285714285714286,0,0,8,10,8,11.7375,0,12.4,0.5,1.79,Graduate
STU-03373,1,8,2,11,1,1,1,1,14,10,10,1,0,0,1,0,1,0,18,0,6,6,6,12.833333333333334,0,0,6,7,6,12.333333333333334,0,13.9,-0.3,0.79,Graduate
STU-01017,1,8,1,9,1,1,1,22,1,10,10,1,0,1,1,0,1,0,19,0,5,5,4,11.0,0,0,5,5,0,0.0,0,11.1,0.6,2.02,Dropout
STU-00416,1,1,1,6,1,1,1,22,27,12,12,0,0,0,1,0,0,0,18,0,5,5,5,14.0,0,0,5,6,5,15.4,0,7.6,2.6,0.32,Graduate
STU-01945,1,1,2,15,1,1,1,1,14,5,8,1,0,0,1,0,1,0,19,0,6,7,6,13.857142857142858,0,0,6,7,6,13.142857142857142,0,13.9,-0.3,0.79,Dropout
STU-01644,1,8,2,3,0,1,1,22,14,10,10,0,0,0,1,0,0,0,20,0,6,8,5,12.0,0,0,6,8,6,11.0,0,10.8,1.4,1.74,Graduate
STU-01526,1,1,1,12,1,1,1,1,1,5,4,0,0,0,1,1,0,0,19,0,8,9,7,12.828571428571427,0,0,8,9,7,12.828571428571427,0,12.7,3.7,-1.7,Graduate
STU-03960,1,1,1,6,1,1,1,23,27,5,5,0,0,0,1,0,1,0,19,0,6,8,6,15.0,0,0,6,9,6,14.857142857142858,0,11.1,0.6,2.02,Graduate
STU-00568,1,8,4,7,1,1,1,19,26,1,6,1,0,0,1,1,0,0,18,0,5,9,3,11.666666666666666,0,0,5,10,3,11.333333333333334,4,7.6,2.6,0.32,Dropout
STU-00558,1,1,1,2,1,1,1,22,27,10,10,1,0,0,1,1,0,0,18,0,0,0,0,0.0,0,0,0,0,0,0.0,0,7.6,2.6,0.32,Graduate
STU-00591,1,1,2,14,1,1,1,13,1,10,4,1,0,0,1,0,0,0,18,0,6,6,6,13.833333333333334,0,0,6,11,6,14.555555555555555,0,10.8,1.4,1.74,Graduate
STU-03292,1,12,1,4,1,1,1,22,27,10,8,1,0,0,0,1,0,0,35,0,6,17,1,13.0,0,0,6,8,0,0.0,0,15.5,2.8,-4.06,Dropout
STU-00981,1,13,1,7,1,6,1,20,25,7,7,1,0,0,1,1,0,0,34,4,6,8,4,11.25,0,1,5,8,2,10.5,0,7.6,2.6,0.32,Dropout
STU-02511,1,5,2,15,1,1,9,13,28,4,6,1,0,0,0,0,0,1,18,0,6,8,5,12.0,0,0,6,0,0,0.0,0,10.8,1.4,1.74,Dropout
STU-03326,1,1,1,2,1,1,1,1,3,3,3,0,0,0,1,1,0,0,19,4,10,10,5,11.0,0,2,7,8,2,10.0,0,8.9,1.4,3.51,Enrolled
STU-03064,1,12,1,15,1,12,1,13,14,26,35,0,0,1,0,0,1,0,24,0,6,6,6,13.5,0,0,6,6,6,13.0,0,11.1,0.6,2.02,Graduate
STU-02262,1,14,1,9,1,1,1,1,1,5,5,0,0,0,1,1,0,0,22,0,5,6,0,0.0,0,0,5,8,2,11.5,0,15.5,2.8,-4.06,Dropout
STU-02486,2,12,1,4,1,1,1,22,27,10,10,0,0,0,0,1,0,0,44,4,10,10,4,11.5,0,1,7,8,1,12.0,0,15.5,2.8,-4.06,Dropout
STU-04373,1,12,1,4,1,1,1,10,10,10,10,0,0,0,1,1,0,0,24,0,6,7,0,0.0,0,0,6,10,0,0.0,0,12.4,0.5,1.79,Dropout
STU-01538,1,1,1,10,1,1,1,23,14,10,11,1,0,0,1,0,1,0,18,0,6,6,6,12.666666666666666,0,0,6,6,6,12.0,0,9.4,-0.8,-3.12,Graduate
STU-04161,1,15,1,17,0,14,1,22,27,8,8,1,0,0,1,0,1,0,23,2,6,8,5,11.8,0,2,6,8,6,12.333333333333334,0,9.4,-0.8,-3.12,Graduate
STU-03172,1,9,2,16,1,1,1,1,3,10,3,1,0,1,0,0,0,0,20,0,6,11,5,13.2,0,0,6,8,4,10.75,0,10.8,1.4,1.74,Dropout
STU-01696,1,8,1,14,1,1,1,23,27,10,9,1,0,0,1,1,1,0,19,0,6,6,6,13.333333333333334,0,0,6,7,6,13.285714285714286,0,8.9,1.4,3.51,Graduate
STU-00784,1,1,3,12,1,1,1,3,3,2,4,1,0,0,1,0,0,0,18,0,8,9,6,13.345,2,0,8,9,6,13.345,2,9.4,-0.8,-3.12,Enrolled
STU-01079,1,14,1,2,1,1,1,3,1,3,4,1,0,1,1,0,0,0,20,0,0,0,0,0.0,0,0,0,0,0,0.0,0,13.9,-0.3,0.79,Dropout
STU-03001,1,12,1,12,1,1,1,3,14,3,6,0,0,0,1,0,0,0,24,0,8,12,7,12.714285714285714,0,0,8,12,7,12.714285714285714,0,12.7,3.7,-1.7,Enrolled
STU-02358,1,15,1,4,1,14,1,1,28,7,7,1,0,0,1,1,0,0,21,0,6,12,4,11.8,0,0,6,11,4,11.875,0,16.2,0.3,-0.92,Dropout
STU-00720,1,14,1,14,1,1,1,23,1,9,11,1,0,0,1,1,0,0,18,0,6,16,5,13.8,0,0,6,7,5,12.4,0,13.9,-0.3,0.79,Enrolled
STU-03193,1,1,2,9,1,1,1,1,28,5,6,0,0,0,1,1,0,0,21,0,5,10,3,11.25,0,0,5,9,3,11.0,0,15.5,2.8,-4.06,Enrolled
STU-02800,1,13,1,7,1,1,1,1,1,6,8,0,0,0,0,1,0,0,34,2,7,13,5,12.0,0,2,7,7,3,11.0,0,15.5,2.8,-4.06,Dropout
STU-04106,1,1,1,9,1,1,1,23,14,10,10,1,0,0,1,1,0,0,19,0,5,5,5,12.8,0,0,5,10,5,11.444444444444445,0,10.8,1.4,1.74,Graduate
STU-03220,1,12,1,17,0,1,1,1,27,10,9,0,0,0,1,0,0,0,26,0,1,2,0,0.0,0,0,5,8,0,0.0,0,16.2,0.3,-0.92,Dropout
STU-02153,1,1,4,12,1,1,1,23,27,8,8,1,0,0,1,0,0,0,19,0,7,9,7,14.283333333333337,0,0,8,9,8,13.125555555555556,0,15.5,2.8,-4.06,Graduate
STU-01622,1,1,1,6,1,1,1,23,27,10,10,1,0,0,1,0,0,0,21,0,5,10,3,11.666666666666666,0,0,5,5,5,13.0,0,10.8,1.4,1.74,Graduate
STU-02891,2,12,1,3,0,9,1,19,24,1,1,0,0,0,1,0,0,0,44,5,8,13,8,13.75,0,2,6,9,6,12.5,0,7.6,2.6,0.32,Graduate
STU-03786,1,15,1,4,1,14,1,1,28,5,10,0,0,0,1,1,1,0,20,0,6,18,3,12.0,0,0,6,17,3,11.666666666666666,0,15.5,2.8,-4.06,Enrolled
STU-04352,1,1,3,5,1,1,1,1,1,5,9,1,0,0,1,0,0,0,20,0,6,6,6,12.5,0,0,6,6,6,12.833333333333334,0,7.6,2.6,0.32,Graduate
STU-01259,1,1,4,12,1,1,1,1,27,5,8,1,0,0,1,0,1,0,19,0,8,8,7,13.6,0,0,8,8,7,13.6,0,12.7,3.7,-1.7,Graduate
STU-04059,1,1,1,6,1,1,1,1,3,10,2,1,0,0,1,0,0,0,19,1,6,14,6,15.538461538461538,0,0,6,9,6,12.625,0,15.5,2.8,-4.06,Graduate
STU-00468,1,14,6,10,1,1,1,19,24,1,1,0,0,0,1,0,1,0,23,15,16,18,16,13.0,0,11,13,15,13,13.266666666666667,0,9.4,-0.8,-3.12,Graduate
STU-03520,1,14,1,17,0,1,1,22,27,10,10,1,0,1,1,1,0,0,34,6,10,10,7,11.714285714285714,0,4,10,10,6,11.5,0,10.8,1.4,1.74,Dropout
STU-01843,1,1,1,9,1,1,1,1,28,4,7,0,0,0,1,1,1,0,18,0,5,5,5,11.8,0,0,5,8,3,11.0,0,9.4,-0.8,-3.12,Graduate
STU-00345,1,13,1,9,1,1,1,22,28,10,2,1,0,0,1,0,0,0,26,3,5,5,4,13.0,0,1,5,7,2,12.0,0,9.4,-0.8,-3.12,Enrolled
STU-03114,1,1,1,14,1,1,1,3,28,3,10,1,0,0,1,0,0,0,19,0,6,7,5,12.6,0,0,6,10,5,12.375,0,10.8,1.4,1.74,Enrolled
STU-02296,1,8,3,14,1,1,1,1,28,5,8,0,0,0,1,1,0,0,19,0,6,8,6,15.125,0,0,6,7,6,13.428571428571429,0,11.1,0.6,2.02,Graduate
STU-02281,1,14,1,4,1,1,1,1,2,5,3,0,0,0,1,1,0,0,28,9,18,36,17,13.058823529411764,1,6,12,15,12,12.307692307692308,0,15.5,2.8,-4.06,Graduate
STU-03246,1,14,1,15,1,1,1,1,1,5,9,0,0,0,0,0,0,0,21,0,6,7,6,12.0,0,0,6,6,6,12.0,0,10.8,1.4,1.74,Dropout
STU-01330,1,1,1,6,1,1,1,4,1,3,10,0,0,0,1,0,0,0,18,0,6,14,4,11.5,0,0,6,17,3,13.75,0,11.1,0.6,2.02,Enrolled
STU-04409,2,12,1,15,1,1,1,22,27,10,10,0,0,0,1,1,0,0,47,0,6,8,5,11.4,0,0,6,10,6,11.666666666666666,0,12.7,3.7,-1.7,Dropout
STU-00551,1,1,5,7,1,1,1,10,14,5,6,1,0,0,1,1,0,0,19,0,5,12,3,12.0,0,0,5,10,3,12.0,0,12.4,0.5,1.79,Dropout
STU-02371,1,15,1,4,1,1,1,1,1,5,6,0,0,0,1,1,0,0,20,0,6,11,6,11.285714285714286,0,0,6,12,5,11.77777777777778,0,16.2,0.3,-0.92,Enrolled
STU-02748,1,13,1,4,1,1,1,3,2,3,7,0,0,0,0,1,0,0,36,0,6,8,0,0.0,0,0,6,10,0,0.0,0,16.2,0.3,-0.92,Dropout
STU-03149,1,8,3,9,1,1,1,23,14,8,8,0,0,0,1,0,0,0,20,0,5,7,5,11.166666666666666,0,0,5,9,4,10.75,0,15.5,2.8,-4.06,Enrolled
STU-02912,1,1,6,12,1,1,1,13,14,5,5,1,0,0,1,0,0,0,18,0,8,8,8,13.27625,0,0,8,8,8,13.27625,0,9.4,-0.8,-3.12,Graduate
STU-01700,1,4,1,12,1,3,1,22,27,12,12,1,0,0,1,1,0,0,30,0,8,8,0,0.0,8,0,8,8,0,0.0,8,9.4,-0.8,-3.12,Dropout
STU-01769,1,4,1,12,1,3,1,3,14,3,7,0,0,0,1,1,0,0,27,0,7,0,0,0.0,0,0,8,0,0,0.0,0,12.4,0.5,1.79,Dropout
STU-01005,1,8,2,10,1,1,1,1,3,4,5,1,0,0,1,0,0,0,18,0,6,6,6,16.5,0,0,6,7,6,17.428571428571427,0,11.1,0.6,2.02,Dropout
STU-01321,1,1,5,10,1,3,1,1,28,10,4,0,0,1,1,0,0,0,18,0,6,6,6,12.166666666666666,0,0,6,6,6,12.333333333333334,0,10.8,1.4,1.74,Graduate
STU-00887,1,7,6,15,1,1,1,23,12,1,1,1,0,0,1,0,0,0,21,0,6,6,6,13.166666666666666,0,0,6,6,6,13.0,0,7.6,2.6,0.32,Graduate
STU-00692,2,14,1,4,1,1,1,22,27,10,8,0,0,0,1,1,0,0,41,18,19,19,19,12.68421052631579,0,12,13,13,13,12.384615384615383,0,15.5,2.8,-4.06,Graduate
STU-03321,1,1,1,15,1,1,1,1,27,6,10,0,0,0,1,1,1,0,19,0,6,8,6,11.833333333333334,0,0,6,11,3,13.0,0,15.5,2.8,-4.06,Graduate
STU-01083,1,16,1,5,1,1,1,5,1,3,11,1,0,0,1,0,0,0,21,0,6,7,5,12.2,0,0,6,7,4,12.6,0,8.9,1.4,3.51,Enrolled
STU-02211,1,1,3,12,1,1,1,1,1,5,5,1,0,0,1,1,0,0,18,0,8,8,7,13.1,0,0,8,8,7,13.1,0,12.7,3.7,-1.7,Graduate
STU-02945,1,1,4,12,1,1,1,4,3,3,4,1,0,0,1,0,0,0,18,0,7,7,7,11.714285714285714,0,0,8,8,8,12.75,0,12.4,0.5,1.79,Graduate
STU-01935,1,1,4,12,1,1,1,13,28,10,10,1,0,0,1,0,1,0,19,0,7,7,6,12.808333333333332,0,0,8,11,7,12.825714285714286,0,12.4,0.5,1.79,Graduate
STU-01299,1,1,1,17,0,1,1,2,27,5,10,1,0,0,1,1,0,0,22,0,5,9,5,12.428571428571429,1,0,5,7,5,11.8,0,7.6,2.6,0.32,Graduate
STU-01518,1,8,1,2,1,1,1,13,1,5,2,1,0,0,1,1,0,0,19,6,12,12,12,13.583333333333334,0,4,11,12,11,13.583333333333334,0,8.9,1.4,3.51,Graduate
STU-00264,1,1,1,10,1,1,1,1,1,5,5,0,0,0,1,0,0,0,18,0,6,7,6,14.0,0,0,6,7,6,14.0,0,10.8,1.4,1.74,Graduate
STU-01677,1,8,1,13,1,1,1,3,3,2,8,1,0,0,1,1,0,0,19,0,7,0,0,0.0,0,0,7,0,0,0.0,0,11.1,0.6,2.02,Dropout
STU-04134,1,1,1,11,1,1,1,22,27,8,8,0,0,0,1,0,0,0,18,0,6,10,5,12.2,0,0,6,10,5,11.6,0,16.2,0.3,-0.92,Enrolled
STU-03040,1,1,1,16,1,1,1,23,28,10,10,0,0,1,0,0,0,0,19,0,7,11,4,12.0,0,0,7,9,6,11.833333333333334,0,16.2,0.3,-0.92,Dropout
STU-02823,1,15,1,10,1,1,1,1,28,5,10,0,0,0,1,0,1,0,19,3,6,6,6,15.5,0,2,6,7,6,13.571428571428571,0,13.9,-0.3,0.79,Graduate
STU-00661,1,15,1,4,1,14,1,1,3,5,3,0,0,0,1,0,0,0,21,0,6,6,6,15.833333333333334,0,0,6,8,6,15.5,0,15.5,2.8,-4.06,Graduate
STU-03301,1,1,1,2,1,1,1,13,14,6,2,1,0,0,1,0,0,0,18,0,0,0,0,0.0,0,0,0,0,0,0.0,0,13.9,-0.3,0.79,Dropout
STU-00812,1,8,2,16,1,1,1,13,28,6,8,1,0,0,1,0,1,0,18,0,7,8,7,12.142857142857142,0,0,7,9,6,13.666666666666666,0,11.1,0.6,2.02,Graduate
STU-01711,1,15,1,17,0,14,1,22,27,10,10,0,0,0,1,0,0,0,31,2,6,12,4,12.25,0,3,7,9,7,12.0,0,9.4,-0.8,-3.12,Enrolled
STU-03746,1,1,1,2,1,1,1,3,1,5,4,1,0,0,0,0,0,0,19,0,0,0,0,0.0,0,0,0,0,0,0.0,0,16.2,0.3,-0.92,Graduate
STU-02119,1,1,4,15,1,1,4,10,10,12,5,1,0,0,1,0,0,1,18,0,6,6,6,12.666666666666666,0,0,6,8,5,14.4,0,7.6,2.6,0.32,Graduate
STU-04138,2,12,1,11,1,1,1,22,27,10,10,0,0,0,1,0,0,0,41,0,6,8,6,12.285714285714286,0,0,6,10,5,13.0,0,8.9,1.4,3.51,Graduate
STU-01879,1,1,2,2,1,1,1,2,14,6,6,1,0,1,0,1,1,0,18,0,0,0,0,0.0,0,0,0,0,0,0.0,0,13.9,-0.3,0.79,Dropout
STU-02984,1,4,1,16,1,3,1,13,14,5,6,0,0,1,0,0,0,0,25,1,6,7,6,14.428571428571429,0,0,6,7,6,13.666666666666666,0,10.8,1.4,1.74,Graduate
STU-00126,1,8,6,13,1,1,1,1,1,5,6,1,0,0,1,0,0,0,19,0,7,12,5,12.1,0,0,7,0,0,0.0,0,13.9,-0.3,0.79,Dropout
STU-02209,1,8,2,9,1,1,1,23,28,5,8,1,0,0,1,1,1,0,22,0,5,7,3,12.333333333333334,0,0,5,9,3,10.571428571428571,0,10.8,1.4,1.74,Enrolled
STU-02593,1,4,1,9,1,3,1,22,14,10,9,0,0,0,1,0,0,0,21,4,9,9,9,10.88888888888889,0,3,10,18,10,11.615384615384617,0,10.8,1.4,1.74,Graduate
STU-01648,1,14,1,12,1,1,1,1,28,5,8,0,0,0,1,0,1,0,18,0,7,8,7,13.6375,0,0,8,8,8,14.3875,0,13.9,-0.3,0.79,Graduate
STU-01160,1,1,1,9,1,1,1,13,14,4,10,1,0,0,1,0,1,0,20,0,5,7,5,14.2,0,0,5,7,5,13.285714285714286,0,11.1,0.6,2.02,Graduate
STU-03280,4,12,1,3,0,1,1,22,27,10,9,0,0,0,1,0,1,0,32,0,6,18,2,10.333333333333334,0,0,6,7,6,11.5,0,16.2,0.3,-0.92,Graduate
STU-03199,1,4,1,11,1,3,1,13,14,4,4,0,0,0,1,1,0,0,35,0,6,7,0,0.0,0,0,6,6,0,0.0,0,16.2,0.3,-0.92,Dropout
STU-01137,1,1,3,5,1,1,1,22,28,10,10,1,0,0,1,0,1,0,18,0,6,6,6,14.0,0,0,6,8,6,13.625,0,10.8,1.4,1.74,Graduate
STU-03471,1,1,6,12,1,1,1,23,14,8,10,1,0,0,1,0,1,0,18,0,8,8,7,13.79857142857143,0,0,8,8,7,13.79857142857143,0,10.8,1.4,1.74,Graduate
STU-00041,1,1,5,15,1,1,1,3,3,3,3,0,0,1,1,0,0,0,18,0,6,6,4,12.75,0,0,5,5,0,0.0,0,12.7,3.7,-1.7,Dropout
STU-02018,1,1,1,12,1,1,1,23,1,10,11,0,0,0,1,0,0,0,19,0,7,7,7,13.542857142857144,0,0,8,9,8,14.22222222222222,0,16.2,0.3,-0.92,Graduate
STU-04263,1,8,1,9,1,1,1,1,27,4,8,0,0,0,1,0,0,0,19,0,5,10,5,13.285714285714286,0,0,5,8,5,13.0,0,12.7,3.7,-1.7,Graduate
STU-02719,1,1,1,12,1,1,1,1,1,4,5,1,0,0,1,0,0,0,18,0,8,8,7,14.115714285714288,0,0,8,8,7,14.115714285714288,0,10.8,1.4,1.74,Graduate
STU-03504,1,15,1,4,1,14,1,1,3,10,7,0,0,0,1,1,1,0,21,0,6,15,6,11.714285714285714,0,0,6,8,4,11.75,0,13.9,-0.3,0.79,Graduate
STU-01450,1,15,1,5,1,14,1,1,14,5,5,0,0,0,1,1,0,0,25,2,7,9,6,12.571428571428571,0,5,9,9,9,12.555555555555555,0,16.2,0.3,-0.92,Graduate
STU-03526,1,15,1,4,1,14,1,13,28,7,8,1,0,0,1,1,0,0,19,0,6,8,6,12.714285714285714,0,0,6,9,6,13.5,0,12.4,0.5,1.79,Graduate
STU-02223,1,14,1,7,1,1,1,3,1,3,4,0,0,0,1,1,0,0,18,0,5,9,4,12.25,0,0,5,11,3,11.666666666666666,0,13.9,-0.3,0.79,Enrolled
STU-00143,1,16,1,9,1,1,1,3,1,4,4,1,0,1,0,0,0,0,22,0,5,8,0,0.0,0,0,5,7,0,0.0,0,8.9,1.4,3.51,Enrolled
STU-03768,1,8,1,15,1,1,1,22,1,10,9,1,0,1,0,0,0,0,19,0,6,6,3,11.333333333333334,0,0,6,6,0,0.0,0,12.4,0.5,1.79,Dropout
STU-03541,1,8,1,7,1,1,1,1,3,5,3,0,0,0,1,1,0,0,18,0,5,10,1,10.0,0,0,5,7,0,0.0,0,9.4,-0.8,-3.12,Dropout
STU-00433,1,8,2,9,1,1,1,23,28,7,9,1,0,0,1,0,1,0,19,0,5,6,5,13.4,0,0,5,5,5,12.4,0,12.4,0.5,1.79,Graduate
STU-01205,1,12,1,10,1,1,1,19,24,1,1,1,0,0,0,0,0,0,28,0,6,11,1,13.0,0,0,6,12,0,0.0,0,9.4,-0.8,-3.12,Dropout
STU-00412,1,12,1,12,1,3,1,13,1,5,9,0,0,0,1,0,0,0,24,0,8,8,7,12.401428571428571,0,0,8,8,7,12.401428571428571,0,10.8,1.4,1.74,Graduate
STU-01433,1,1,3,11,1,1,1,22,28,8,8,1,0,0,1,0,1,0,18,0,6,9,6,10.833333333333334,0,0,6,8,5,11.0,0,7.6,2.6,0.32,Enrolled
STU-02809,1,1,1,15,1,1,1,1,28,10,10,0,0,0,1,0,1,0,18,0,6,6,6,12.166666666666666,0,0,6,8,6,12.666666666666666,0,12.4,0.5,1.79,Graduate
STU-03492,2,14,3,17,0,1,1,22,27,10,10,1,0,0,1,1,0,0,32,0,5,5,0,0.0,0,0,5,5,0,0.0,0,7.6,2.6,0.32,Dropout
STU-02377,1,12,1,9,1,1,1,22,1,8,4,0,0,0,1,1,1,0,25,0,5,7,4,14.25,0,0,5,7,4,14.75,0,12.7,3.7,-1.7,Graduate
STU-00070,1,12,1,11,1,1,1,13,27,8,11,0,0,0,1,1,0,0,26,0,6,7,6,12.0,0,0,6,8,5,10.8,0,12.7,3.7,-1.7,Enrolled
STU-02825,1,1,5,12,1,1,1,3,14,5,9,1,0,0,1,0,0,0,19,0,7,11,5,11.716666666666669,0,0,7,8,5,13.7,0,13.9,-0.3,0.79,Enrolled
STU-04079,2,12,1,17,0,1,1,23,14,5,9,0,0,0,1,0,0,0,33,0,5,5,5,12.8,0,0,5,6,5,15.333333333333334,0,10.8,1.4,1.74,Graduate
STU-03344,1,1,1,7,1,1,1,22,27,10,7,0,0,0,1,1,0,0,19,0,5,7,1,13.0,0,0,5,7,2,10.0,0,9.4,-0.8,-3.12,Enrolled
STU-04123,1,8,3,10,1,1,1,13,14,8,8,1,0,0,1,0,0,0,19,0,6,7,5,10.8,0,0,6,9,6,10.166666666666666,0,8.9,1.4,3.51,Graduate
STU-03705,1,9,2,14,1,1,1,22,28,5,2,1,0,0,1,1,0,0,19,0,6,6,6,14.166666666666666,0,0,6,6,6,14.0,0,13.9,-0.3,0.79,Graduate
STU-00317,1,1,1,12,1,1,1,13,14,4,7,1,0,0,1,0,1,0,18,0,7,7,7,14.542857142857144,0,0,8,11,8,14.88181818181818,0,16.2,0.3,-0.92,Graduate
STU-02530,1,8,1,9,1,1,1,13,28,5,9,0,0,0,1,0,1,0,18,0,5,5,5,11.6,0,0,5,12,4,12.625,0,10.8,1.4,1.74,Graduate
STU-03136,1,1,1,2,1,1,1,1,30,5,4,1,0,0,1,0,0,0,20,0,0,0,0,0.0,0,0,0,0,0,0.0,0,11.1,0.6,2.02,Graduate
STU-00843,1,12,1,8,1,1,1,3,24,4,1,0,0,1,0,1,0,0,29,0,5,11,0,0.0,4,0,5,6,0,0.0,1,9.4,-0.8,-3.12,Dropout
STU-03080,1,15,1,6,1,14,1,10,28,5,9,1,0,0,1,1,0,0,23,1,6,10,5,12.5,0,1,6,8,2,13.5,0,12.4,0.5,1.79,Dropout
STU-04354,1,1,1,2,1,1,1,3,1,5,5,1,0,0,1,0,0,0,18,0,0,0,0,0.0,0,0,0,0,0,0.0,0,12.4,0.5,1.79,Graduate
STU-00112,1,8,2,9,1,1,1,1,28,5,8,1,0,0,1,0,1,0,18,0,5,9,3,13.0,0,0,5,11,3,11.0,0,8.9,1.4,3.51,Enrolled
STU-03278,1,1,1,9,1,1,1,23,28,10,10,1,0,0,1,0,1,0,21,0,5,10,5,13.714285714285714,0,0,5,7,5,14.4,0,11.1,0.6,2.02,Graduate
STU-01979,1,15,1,6,1,1,1,1,2,4,4,0,0,0,1,0,0,0,20,0,6,7,6,14.285714285714286,0,0,6,9,3,13.0,0,13.9,-0.3,0.79,Enrolled
STU-03061,1,1,2,15,1,1,1,13,14,6,7,0,0,0,1,0,0,0,19,0,6,6,6,15.0,0,0,6,7,6,14.0,0,15.5,2.8,-4.06,Enrolled
STU-03725,1,1,2,14,1,1,1,1,1,10,10,1,0,0,1,1,1,0,18,0,5,6,4,12.25,0,0,5,5,5,12.2,0,9.4,-0.8,-3.12,Dropout
STU-02310,1,8,3,7,1,1,1,1,28,4,4,0,0,0,1,1,1,0,18,0,5,5,5,13.0,0,0,5,5,5,14.2,0,8.9,1.4,3.51,Graduate
STU-03247,1,8,1,15,1,1,1,2,3,3,3,1,0,0,1,0,1,0,18,0,6,6,6,14.833333333333334,0,0,6,6,6,13.5,0,11.1,0.6,2.02,Graduate
STU-04147,2,12,1,12,1,12,1,22,28,10,11,1,0,0,1,0,0,0,39,0,7,12,4,12.0,0,0,7,13,4,12.5625,0,11.1,0.6,2.02,Dropout
STU-02293,1,9,1,9,1,1,1,19,24,12,12,0,0,0,1,1,0,0,22,0,5,11,3,13.666666666666666,0,0,5,10,3,11.333333333333334,0,9.4,-0.8,-3.12,Dropout
STU-02909,1,14,1,6,1,1,1,22,27,12,12,0,0,0,1,0,0,0,21,2,9,14,8,13.555555555555555,0,2,7,10,7,13.571428571428571,0,7.6,2.6,0.32,Graduate
STU-02950,1,12,1,6,1,1,1,3,3,5,3,1,0,0,1,0,0,0,27,0,6,13,3,10.5,0,0,6,19,1,12.0,0,12.4,0.5,1.79,Dropout
STU-04299,1,12,1,17,0,14,1,13,14,10,10,0,0,0,1,1,0,0,24,0,5,7,3,11.333333333333334,0,0,5,6,0,0.0,0,10.8,1.4,1.74,Dropout
STU-03360,1,1,1,9,1,1,1,1,27,10,10,1,0,0,1,0,0,0,21,0,5,8,4,11.0,0,0,5,8,5,12.0,0,7.6,2.6,0.32,Enrolled
STU-00186,1,9,2,9,1,1,1,3,3,6,8,1,0,1,0,0,0,0,20,0,5,9,3,10.0,0,0,5,9,3,10.571428571428571,0,10.8,1.4,1.74,Dropout
STU-03353,1,12,1,7,1,1,1,1,10,5,4,0,0,0,1,1,0,0,27,1,6,7,3,12.0,0,2,6,7,2,11.0,0,13.9,-0.3,0.79,Dropout
STU-00825,1,9,4,15,1,1,1,1,1,10,10,1,0,0,1,0,1,0,21,0,6,6,6,12.5,0,0,6,6,6,11.5,0,11.1,0.6,2.02,Graduate
STU-00908,1,8,2,10,1,1,1,13,28,8,7,1,0,0,1,0,1,0,19,0,6,12,5,11.714285714285714,0,0,6,11,6,11.0,0,12.7,3.7,-1.7,Graduate
STU-01616,2,12,1,6,1,12,1,13,14,10,6,1,0,0,1,0,0,0,26,0,6,21,3,12.666666666666666,0,0,6,15,2,11.0,0,15.5,2.8,-4.06,Dropout
STU-01463,1,1,3,14,1,1,1,3,14,3,9,1,0,0,1,1,0,0,19,0,5,7,3,11.666666666666666,0,0,5,5,4,12.0,0,9.4,-0.8,-3.12,Enrolled
STU-02381,1,8,1,11,1,1,1,1,14,5,8,0,0,0,1,1,1,0,19,0,6,8,5,12.666666666666666,0,0,6,10,6,12.857142857142858,0,16.2,0.3,-0.92,Graduate
STU-01447,1,1,1,2,1,1,1,3,20,4,6,0,0,0,0,1,0,0,18,0,0,0,0,0.0,0,0,0,0,0,0.0,0,9.4,-0.8,-3.12,Dropout
STU-03908,1,1,1,10,1,1,1,3,28,2,6,1,0,0,1,0,0,0,22,0,6,11,4,12.5,1,0,6,13,3,13.666666666666666,0,9.4,-0.8,-3.12,Enrolled
STU-00575,1,14,4,2,1,1,1,13,10,10,11,0,0,0,1,1,0,0,19,0,0,0,0,0.0,0,0,0,0,0,0.0,0,9.4,-0.8,-3.12,Graduate
STU-00284,1,1,1,5,1,1,1,13,27,8,6,0,0,0,1,0,1,0,21,0,6,7,5,13.8,0,0,6,6,6,12.833333333333334,0,16.2,0.3,-0.92,Graduate
STU-02243,1,14,1,7,1,1,1,1,28,5,8,0,0,0,1,1,0,0,19,0,5,8,5,12.0,0,0,5,12,2,10.5,0,13.9,-0.3,0.79,Enrolled
STU-03017,1,17,1,6,1,16,1,1,14,5,9,1,0,0,1,0,0,0,20,7,11,13,11,14.615384615384617,0,4,9,11,9,13.7,0,8.9,1.4,3.51,Graduate
STU-00874,1,1,1,13,1,1,1,1,1,2,2,0,0,0,1,1,1,0,21,0,7,14,5,11.2,0,0,8,11,6,11.583333333333334,0,16.2,0.3,-0.92,Enrolled
STU-01135,1,8,1,11,1,1,1,22,27,6,7,0,0,0,0,0,0,0,20,0,6,0,0,0.0,0,0,6,0,0,0.0,0,15.5,2.8,-4.06,Dropout
STU-01491,2,12,1,4,1,1,1,22,27,10,10,0,0,0,1,1,0,0,29,0,6,9,6,16.11111111111111,0,0,6,7,6,13.5,0,13.9,-0.3,0.79,Graduate
STU-00011,1,1,1,14,1,1,1,23,14,6,8,1,0,0,1,0,0,0,18,0,6,6,6,12.333333333333334,0,0,6,7,5,14.2,0,13.9,-0.3,0.79,Graduate
STU-00904,1,1,2,12,1,1,1,22,1,10,5,1,0,0,1,0,1,0,18,0,7,7,6,12.95,0,0,7,7,6,12.95,0,7.6,2.6,0.32,Graduate
STU-00713,2,12,1,6,1,1,1,22,27,12,12,0,0,0,1,1,0,0,33,0,5,7,4,13.5,0,0,5,6,5,11.6,0,7.6,2.6,0.32,Graduate
STU-04172,1,1,1,10,1,1,1,23,28,5,8,1,0,0,1,0,1,0,18,0,6,14,0,0.0,0,0,6,9,4,11.0,0,7.6,2.6,0.32,Enrolled
STU-02319,1,1,1,5,1,1,1,1,1,5,9,0,0,0,1,1,0,0,19,0,6,0,0,0.0,0,0,6,0,0,0.0,0,15.5,2.8,-4.06,Dropout
STU-00311,1,16,1,10,1,1,1,3,14,3,2,0,0,1,1,0,0,0,26,0,6,6,6,14.833333333333334,0,0,6,7,6,15.142857142857142,0,11.1,0.6,2.02,Graduate
STU-03850,1,1,3,15,1,1,1,13,28,10,8,1,0,0,1,1,0,0,19,0,6,6,6,13.833333333333334,0,0,6,6,6,13.666666666666666,0,11.1,0.6,2.02,Graduate
STU-00170,1,14,1,10,1,1,1,13,14,5,9,1,0,0,1,0,0,0,21,0,6,13,3,12.0,0,0,6,12,2,11.333333333333334,0,16.2,0.3,-0.92,Dropout
STU-00942,1,1,1,10,1,1,1,22,14,10,5,1,0,0,1,0,1,0,19,0,6,8,6,14.0,0,0,6,8,6,12.285714285714286,0,16.2,0.3,-0.92,Graduate
STU-01536,2,15,1,17,0,14,1,22,27,10,10,0,0,0,1,0,0,0,41,2,6,10,4,12.25,0,3,7,9,6,12.5,0,9.4,-0.8,-3.12,Enrolled
STU-00473,1,1,1,14,1,1,1,23,14,8,11,0,0,0,1,0,0,0,23,0,6,11,6,11.875,0,0,6,9,5,12.833333333333334,0,11.1,0.6,2.02,Dropout
STU-02646,1,1,1,2,1,1,1,1,27,8,8,0,0,0,1,1,0,0,22,0,0,0,0,0.0,0,0,0,0,0,0.0,0,11.1,0.6,2.02,Dropout
STU-03619,1,8,5,15,1,1,1,1,1,8,8,1,0,0,1,0,0,0,18,0,6,6,6,12.5,0,0,6,6,6,13.833333333333334,0,8.9,1.4,3.51,Graduate
STU-00267,1,8,4,12,1,1,1,4,1,3,4,1,0,0,1,0,0,0,18,0,8,8,7,14.828571428571427,0,0,8,8,7,14.828571428571427,0,12.7,3.7,-1.7,Graduate
STU-02066,1,1,2,16,1,1,1,1,28,10,9,1,0,0,1,0,1,0,19,0,6,7,6,14.0,0,0,6,6,6,15.0,0,15.5,2.8,-4.06,Graduate
STU-00836,1,1,3,7,1,1,1,3,1,4,5,1,0,0,1,1,0,0,18,0,5,9,4,12.0,0,0,5,10,2,11.0,0,8.9,1.4,3.51,Enrolled
STU-02417,1,8,2,5,1,1,1,22,27,10,10,1,1,0,1,1,1,0,25,0,6,8,4,10.25,0,0,6,6,4,11.25,0,12.7,3.7,-1.7,Dropout
STU-00347,1,14,1,10,1,1,1,22,27,10,10,0,0,0,1,0,0,0,36,10,16,24,13,10.692307692307692,1,9,13,19,9,12.307692307692308,0,15.5,2.8,-4.06,Enrolled
STU-00071,1,8,1,9,1,1,1,23,27,6,6,0,0,0,1,1,0,0,18,0,5,9,0,0.0,0,0,5,5,0,0.0,0,7.6,2.6,0.32,Enrolled
STU-02560,1,1,1,15,1,1,1,13,1,6,11,1,0,0,1,0,0,0,18,0,6,6,6,14.0,0,0,6,6,6,13.5,0,11.1,0.6,2.02,Dropout
STU-01550,5,12,1,12,1,1,1,23,28,10,10,0,0,0,0,0,0,0,37,0,8,8,0,0.0,1,0,8,8,0,0.0,1,12.7,3.7,-1.7,Dropout
STU-01095,1,8,3,12,1,1,1,13,1,10,10,1,0,0,1,0,1,0,19,0,7,7,7,13.308571428571428,0,0,8,10,8,12.55,0,12.4,0.5,1.79,Graduate
STU-03181,1,8,1,5,1,1,1,3,3,4,4,0,0,0,1,1,0,0,18,0,6,6,6,16.0,0,0,6,6,6,13.666666666666666,0,12.4,0.5,1.79,Graduate
STU-00130,1,8,6,12,1,1,1,1,27,9,10,1,0,0,1,0,0,0,19,0,7,7,7,13.467142857142855,0,0,8,9,8,15.011111111111113,0,12.4,0.5,1.79,Graduate
STU-01425,1,1,2,8,1,1,1,13,27,10,10,1,0,0,1,0,0,0,18,0,5,10,4,13.5,1,0,5,5,5,13.4,0,12.7,3.7,-1.7,Enrolled
STU-02757,1,12,2,9,1,1,1,22,27,10,10,0,0,0,0,1,0,0,26,0,5,8,1,10.0,0,0,5,9,1,10.0,0,10.8,1.4,1.74,Dropout
STU-00656,1,1,4,10,1,1,1,13,28,10,7,1,0,1,1,0,1,0,19,0,6,9,5,11.4,0,0,6,9,3,10.0,0,8.9,1.4,3.51,Enrolled
STU-01418,1,8,1,14,1,1,1,3,14,6,6,0,0,0,1,0,0,0,18,0,6,6,6,13.666666666666666,0,0,6,8,5,13.6,0,8.9,1.4,3.51,Graduate
STU-01245,2,14,1,17,0,1,1,22,27,5,10,0,0,0,0,0,0,0,31,2,6,10,4,11.75,0,0,5,6,1,10.0,0,12.7,3.7,-1.7,Dropout
STU-01909,1,8,1,16,1,1,1,2,14,4,10,1,0,0,1,0,0,0,19,0,6,8,5,12.333333333333334,0,0,6,8,5,11.0,0,15.5,2.8,-4.06,Enrolled
STU-03002,1,1,2,12,1,1,1,4,1,3,11,1,0,0,1,0,0,0,19,0,7,9,7,13.422222222222224,0,0,8,11,7,12.18888888888889,0,15.5,2.8,-4.06,Graduate
STU-03703,1,1,1,9,1,1,1,1,1,5,3,1,0,0,1,1,0,0,20,0,5,0,0,0.0,0,0,5,0,0,0.0,0,8.9,1.4,3.51,Dropout
STU-01680,1,12,1,12,1,1,1,1,27,10,10,0,0,0,1,1,0,0,28,0,7,11,3,11.916666666666666,1,0,7,17,0,0.0,0,16.2,0.3,-0.92,Dropout
STU-02121,1,8,1,6,1,1,1,13,14,5,10,1,0,1,0,0,1,0,21,0,6,16,2,13.0,0,0,6,8,0,0.0,0,15.5,2.8,-4.06,Dropout
STU-00341,1,1,1,6,1,1,1,1,2,4,2,1,0,0,1,0,0,0,19,0,5,13,4,12.0,2,0,5,8,3,12.0,0,9.4,-0.8,-3.12,Enrolled
STU-01173,1,13,1,7,1,1,1,19,24,1,1,0,0,0,1,1,0,0,18,0,5,6,1,10.0,0,0,5,7,1,12.0,0,10.8,1.4,1.74,Dropout
STU-02405,1,1,1,12,1,1,1,1,28,10,10,0,0,1,0,1,0,0,21,0,7,12,4,12.94,0,0,7,12,4,11.58,0,12.4,0.5,1.79,Dropout
STU-02507,1,1,1,13,1,1,1,13,14,5,10,1,0,0,1,0,0,0,18,0,7,9,7,11.155555555555557,0,0,8,10,8,11.425,0,12.7,3.7,-1.7,Graduate
STU-02499,1,12,1,2,1,12,17,1,14,3,8,0,0,0,1,1,1,1,25,0,0,0,0,0.0,0,0,0,0,0,0.0,0,15.5,2.8,-4.06,Dropout
STU-01177,1,7,2,10,1,1,1,22,27,6,7,1,0,0,1,0,0,0,18,0,6,8,6,13.571428571428571,0,0,6,11,5,12.166666666666666,0,9.4,-0.8,-3.12,Graduate
STU-02072,1,1,1,12,1,1,1,13,3,10,5,1,0,0,1,0,0,0,18,0,7,7,6,12.916666666666666,0,0,7,7,6,12.916666666666666,0,7.6,2.6,0.32,Graduate
STU-00561,1,17,1,4,1,16,1,3,28,20,30,0,0,0,1,1,0,0,21,7,12,18,11,12.090909090909092,0,5,12,14,11,12.0,0,8.9,1.4,3.51,Graduate
STU-00796,1,1,3,15,1,1,1,23,28,6,9,1,0,0,1,0,1,0,18,0,6,6,6,14.833333333333334,0,0,6,6,6,14.166666666666666,0,8.9,1.4,3.51,Graduate
STU-01240,1,1,1,14,1,1,1,3,1,5,5,0,0,0,1,1,0,0,19,0,6,7,0,0.0,0,0,6,6,0,0.0,0,15.5,2.8,-4.06,Dropout
STU-02641,2,12,1,7,1,12,1,22,27,10,10,0,0,0,1,1,0,0,36,0,5,0,0,0.0,0,0,5,0,0,0.0,0,16.2,0.3,-0.92,Dropout
STU-00914,4,12,1,3,0,1,1,22,27,10,8,0,0,0,1,0,0,0,42,0,6,8,5,11.2,0,0,6,6,6,12.0,0,8.9,1.4,3.51,Graduate
STU-03466,2,12,1,9,1,1,1,22,27,10,10,0,0,0,1,0,0,0,35,0,1,1,0,0.0,1,0,5,0,0,0.0,0,10.8,1.4,1.74,Dropout
STU-02822,1,9,5,6,1,1,1,5,3,3,4,1,0,0,1,0,0,0,21,0,5,12,0,0.0,3,0,5,5,0,0.0,0,12.7,3.7,-1.7,Dropout
STU-00131,1,1,3,12,1,1,1,13,14,6,9,1,0,0,1,0,1,0,18,0,7,9,7,13.2375,0,0,8,9,7,13.742857142857144,0,13.9,-0.3,0.79,Dropout
STU-00865,1,15,1,6,1,14,1,1,1,6,5,1,1,0,0,1,0,0,19,2,6,6,6,14.0,0,1,6,11,6,13.5,0,12.4,0.5,1.79,Dropout
STU-00540,1,9,3,15,1,1,1,13,1,10,10,1,0,0,1,1,0,0,19,0,6,9,4,12.5,0,0,6,6,6,11.333333333333334,0,10.8,1.4,1.74,Dropout
STU-01922,1,1,2,10,1,1,1,22,28,10,9,1,0,0,1,0,0,0,18,0,6,7,6,13.833333333333334,0,0,6,6,6,14.0,0,9.4,-0.8,-3.12,Graduate
STU-02961,1,1,1,14,1,1,1,1,1,10,2,1,0,0,1,0,1,0,20,0,6,8,4,11.75,0,0,6,10,6,12.666666666666666,0,10.8,1.4,1.74,Graduate
STU-03962,1,13,1,12,1,1,1,22,1,10,5,1,0,0,1,0,0,0,23,20,26,27,26,15.07777777777778,0,14,17,17,17,15.023529411764704,0,15.5,2.8,-4.06,Graduate
STU-04029,1,1,1,5,1,1,1,1,28,5,6,0,0,1,1,0,0,0,19,0,6,6,6,13.833333333333334,0,0,6,8,6,13.875,0,10.8,1.4,1.74,Graduate
STU-00900,1,8,1,14,1,1,1,13,14,8,8,0,0,0,1,0,1,0,19,0,6,6,6,13.0,0,0,6,6,6,14.0,0,13.9,-0.3,0.79,Graduate
STU-00129,1,8,3,10,1,1,1,1,29,6,4,1,0,0,1,0,0,0,18,0,6,7,6,13.0,0,0,6,6,6,13.666666666666666,0,12.4,0.5,1.79,Graduate
STU-02716,1,1,5,12,1,1,1,23,28,10,10,1,0,0,1,0,1,0,21,0,7,9,5,13.336000000000002,0,0,8,9,7,13.207142857142856,0,11.1,0.6,2.02,Graduate
STU-02325,1,9,1,10,1,1,1,1,3,10,3,1,0,0,1,1,0,0,21,0,6,9,6,10.166666666666666,0,0,6,10,6,10.5,0,12.7,3.7,-1.7,Graduate
STU-00308,1,12,1,8,1,3,1,3,1,12,12,1,0,0,1,0,0,0,34,1,5,6,1,11.0,0,0,5,5,0,0.0,0,12.7,3.7,-1.7,Dropout
STU-03961,1,12,1,6,1,1,1,22,27,10,10,0,0,0,0,0,0,0,32,0,6,0,0,0.0,0,0,6,0,0,0.0,0,11.1,0.6,2.02,Dropout
STU-00519,4,12,1,3,0,12,1,19,24,1,1,0,0,0,1,0,0,0,48,0,6,11,1,10.0,0,0,6,11,1,11.0,0,9.4,-0.8,-3.12,Dropout
STU-03727,1,14,2,17,0,1,1,22,27,6,6,1,0,0,0,1,0,0,27,0,5,5,0,0.0,0,0,5,5,0,0.0,0,12.7,3.7,-1.7,Dropout
STU-02509,1,8,1,2,1,1,1,13,28,10,8,0,0,0,1,1,1,0,23,0,0,0,0,0.0,0,0,0,0,0,0.0,0,9.4,-0.8,-3.12,Graduate
STU-01285,1,1,1,14,1,1,1,13,27,6,8,0,0,0,1,1,1,0,20,0,5,7,4,11.0,0,0,5,7,4,11.5,0,9.4,-0.8,-3.12,Graduate
STU-00387,1,1,1,16,1,1,1,22,27,10,10,0,0,0,1,0,0,0,18,0,6,6,6,13.666666666666666,0,0,6,9,6,12.333333333333334,0,7.6,2.6,0.32,Graduate
STU-03843,1,12,1,4,1,12,1,3,1,3,9,1,0,0,1,1,0,0,35,0,6,13,3,11.75,0,0,6,10,0,0.0,0,13.9,-0.3,0.79,Dropout
STU-02086,1,1,4,15,1,1,1,13,27,13,12,0,0,0,0,0,0,0,18,0,4,4,0,0.0,0,0,4,4,0,0.0,0,12.7,3.7,-1.7,Dropout
STU-02373,1,8,3,2,1,1,1,3,29,3,6,1,1,0,1,1,0,0,22,0,0,0,0,0.0,0,0,0,0,0,0.0,0,10.8,1.4,1.74,Enrolled
STU-03411,1,3,1,14,1,1,1,1,10,5,5,1,0,0,1,0,0,0,19,0,6,7,6,13.428571428571429,0,0,6,6,4,14.0,0,12.4,0.5,1.79,Enrolled
STU-02061,1,8,6,12,1,1,1,13,27,4,10,1,0,0,1,0,1,0,19,0,7,7,7,13.371428571428572,0,0,8,9,8,13.666666666666666,0,16.2,0.3,-0.92,Graduate
STU-01983,1,14,1,6,1,14,1,23,27,7,7,1,0,0,1,0,1,0,21,2,7,15,3,13.0,2,1,5,12,5,13.285714285714286,1,10.8,1.4,1.74,Graduate
STU-00828,1,1,3,5,1,1,1,1,3,10,8,1,0,0,1,0,1,0,18,0,6,6,6,15.833333333333334,0,0,6,6,6,15.333333333333334,0,11.1,0.6,2.02,Graduate
STU-00809,1,1,4,15,1,1,1,1,3,5,8,1,0,0,1,0,0,0,20,0,4,4,0,0.0,0,0,6,0,0,0.0,0,8.9,1.4,3.51,Dropout
STU-01117,1,1,1,5,1,1,1,3,28,2,10,1,0,0,0,0,0,0,19,0,5,5,0,0.0,0,0,6,0,0,0.0,0,10.8,1.4,1.74,Dropout
STU-01233,1,4,1,12,1,3,1,13,28,5,11,1,0,0,1,0,0,0,23,1,7,8,6,14.357142857142858,0,1,7,8,6,14.357142857142858,0,7.6,2.6,0.32,Graduate
STU-01290,1,1,1,12,1,1,1,13,14,10,8,1,0,0,1,1,0,0,22,0,7,8,6,14.333333333333334,0,0,8,9,7,13.771428571428572,0,11.1,0.6,2.02,Graduate
STU-02907,4,12,2,3,0,1,1,22,28,8,6,0,0,0,1,0,1,0,41,0,6,8,6,11.333333333333334,0,0,6,9,6,11.333333333333334,0,10.8,1.4,1.74,Graduate
STU-03895,1,1,6,12,1,1,14,1,1,10,7,1,0,0,1,0,0,1,21,0,7,11,4,13.25,0,0,7,9,5,13.82,0,11.1,0.6,2.02,Enrolled
STU-02504,2,12,1,12,1,1,1,3,1,6,6,0,0,0,1,0,1,0,34,0,7,7,6,12.513333333333334,0,0,8,9,7,13.071428571428571,0,12.4,0.5,1.79,Graduate
STU-01130,5,8,5,12,1,1,1,22,28,6,9,1,0,0,1,0,1,0,18,0,8,8,7,12.114285714285714,0,0,8,8,7,12.114285714285714,0,12.7,3.7,-1.7,Graduate
STU-03203,1,1,1,15,1,1,1,5,3,5,5,1,0,0,1,1,0,0,20,0,6,7,6,12.166666666666666,0,0,6,9,3,12.0,0,12.4,0.5,1.79,Enrolled
STU-00507,1,12,1,1,1,1,1,3,1,3,5,0,0,0,1,0,0,0,26,0,7,9,7,14.75,0,0,7,12,5,13.8,3,16.2,0.3,-0.92,Enrolled
STU-01996,1,1,5,10,1,1,1,18,14,1,3,1,0,0,1,0,0,0,18,0,6,8,6,11.333333333333334,0,0,6,6,6,11.666666666666666,0,7.6,2.6,0.32,Graduate
STU-01848,2,12,1,17,0,1,1,21,12,10,11,1,0,0,1,1,0,0,41,0,5,9,4,10.75,0,0,5,7,2,10.0,0,9.4,-0.8,-3.12,Dropout
STU-00635,1,1,1,14,1,1,1,22,27,10,8,1,0,0,1,0,1,0,18,0,6,7,6,13.5,0,0,6,9,5,14.0,0,8.9,1.4,3.51,Graduate
STU-04189,1,1,1,14,1,1,1,22,1,8,1,0,0,0,1,0,0,0,20,0,5,7,4,11.75,0,0,5,7,5,11.8,1,7.6,2.6,0.32,Graduate
STU-01128,1,1,1,10,1,1,1,22,28,10,10,1,0,1,0,0,1,0,19,0,6,8,5,10.6,0,0,6,8,5,11.0,0,10.8,1.4,1.74,Graduate
STU-02563,2,12,1,12,1,12,1,23,28,3,11,0,0,0,1,0,0,0,37,0,7,9,2,10.75,0,0,7,9,0,0.0,0,16.2,0.3,-0.92,Dropout
STU-01502,1,1,1,14,1,1,1,1,1,12,12,1,0,1,1,1,0,0,20,0,6,10,1,12.0,1,0,6,0,0,0.0,0,10.8,1.4,1.74,Dropout
STU-00161,1,1,1,14,1,1,1,13,1,5,2,0,0,0,1,0,0,0,19,0,6,6,6,13.166666666666666,0,0,6,9,6,13.0,0,10.8,1.4,1.74,Dropout
STU-03923,1,1,1,10,1,1,1,13,14,6,6,1,0,0,1,0,1,0,18,0,6,10,4,12.4,0,0,6,8,6,12.5,0,12.4,0.5,1.79,Graduate
STU-03823,1,8,6,15,1,1,1,22,27,6,6,1,0,0,1,1,0,0,18,0,6,6,6,15.166666666666666,0,0,6,6,6,14.833333333333334,0,9.4,-0.8,-3.12,Graduate
STU-03631,1,1,3,12,1,1,1,13,1,10,4,1,0,0,1,0,1,0,20,0,7,10,6,12.357142857142858,0,0,8,9,7,13.0,0,13.9,-0.3,0.79,Graduate
STU-01195,2,12,1,4,1,1,1,23,27,10,10,0,0,0,1,0,0,0,29,13,18,20,18,15.444444444444445,0,11,13,13,13,15.307692307692308,0,15.5,2.8,-4.06,Graduate
STU-03507,1,8,1,11,1,1,1,22,27,6,2,0,0,0,0,1,0,0,29,0,6,12,0,0.0,0,0,6,6,0,0.0,6,9.4,-0.8,-3.12,Dropout
STU-01925,1,8,1,14,1,1,1,1,28,5,8,0,0,1,1,0,1,0,18,0,6,7,1,14.0,0,0,6,6,0,0.0,0,15.5,2.8,-4.06,Dropout
STU-04031,1,8,1,8,1,1,1,23,27,10,8,1,0,0,1,0,0,0,19,0,5,5,5,11.8,0,0,5,5,5,13.2,0,10.8,1.4,1.74,Graduate
STU-00961,1,12,1,14,1,1,1,19,24,1,1,1,0,0,0,1,0,0,28,0,5,7,3,11.666666666666666,0,0,5,8,2,11.5,1,7.6,2.6,0.32,Dropout
STU-01015,1,9,2,9,1,1,1,22,28,29,28,1,0,0,1,0,1,0,20,0,5,6,5,11.8,0,0,5,6,5,11.6,0,8.9,1.4,3.51,Graduate
STU-01740,2,12,1,5,1,12,1,22,27,10,11,0,0,0,0,1,0,0,38,0,6,6,0,0.0,0,0,6,8,0,0.0,0,10.8,1.4,1.74,Dropout
STU-03777,1,15,1,4,1,14,1,3,1,3,7,1,0,0,0,0,0,0,20,0,6,10,6,13.375,0,0,6,10,6,13.0,0,16.2,0.3,-0.92,Graduate
STU-02655,1,8,5,12,1,1,1,3,28,3,2,0,0,0,1,1,0,0,19,0,8,11,7,13.867142857142856,0,0,8,11,7,13.867142857142856,0,10.8,1.4,1.74,Graduate
STU-00781,1,8,1,15,1,1,1,23,28,8,8,1,0,0,1,0,1,0,18,0,6,6,6,15.0,0,0,6,6,6,15.5,0,8.9,1.4,3.51,Graduate
STU-02970,1,12,1,14,1,1,1,13,3,5,3,0,0,0,1,0,1,0,51,0,6,8,5,11.6,0,0,6,9,5,14.2,0,12.4,0.5,1.79,Graduate
STU-01304,1,16,1,14,1,1,1,3,3,2,11,0,0,1,1,1,0,0,21,5,11,12,10,12.1,0,2,8,9,8,13.333333333333334,0,11.1,0.6,2.02,Graduate
STU-00004,1,8,2,15,1,1,1,23,27,6,4,1,0,0,1,0,0,0,20,0,6,8,6,13.428571428571429,0,0,6,10,5,12.4,0,9.4,-0.8,-3.12,Graduate
STU-03385,1,1,1,6,1,1,1,22,27,10,10,1,0,0,1,0,0,0,19,0,5,10,2,14.5,1,0,5,9,3,11.333333333333334,0,12.7,3.7,-1.7,Enrolled
STU-00572,1,1,1,9,1,1,1,23,27,10,10,1,0,0,1,1,0,0,22,0,5,9,0,0.0,0,0,5,5,1,12.0,0,7.6,2.6,0.32,Dropout
STU-03349,1,12,1,4,1,1,1,23,27,10,5,0,0,0,1,1,0,0,30,0,6,10,6,11.375,0,0,6,10,5,11.6,0,13.9,-0.3,0.79,Graduate
STU-03517,1,8,1,2,1,1,1,3,10,3,10,1,0,1,1,1,0,0,19,0,0,0,0,0.0,0,0,0,0,0,0.0,0,10.8,1.4,1.74,Dropout
STU-02743,1,1,1,10,1,1,1,22,27,5,5,0,0,0,1,0,0,0,21,0,6,7,6,13.333333333333334,0,0,6,6,6,14.5,0,10.8,1.4,1.74,Graduate
STU-01521,1,12,1,17,0,1,1,13,14,10,10,1,0,0,1,1,0,0,27,0,5,9,1,10.0,0,0,5,5,0,0.0,0,12.7,3.7,-1.7,Dropout
STU-01307,1,17,1,4,1,16,1,1,28,9,9,0,0,0,1,0,1,0,23,7,12,14,12,14.384615384615383,0,5,10,12,10,13.3,0,8.9,1.4,3.51,Graduate
STU-00928,2,12,1,3,0,1,1,22,27,7,9,0,0,1,1,0,0,0,37,3,8,12,7,11.375,0,2,7,10,6,12.166666666666666,0,13.9,-0.3,0.79,Enrolled
STU-00820,1,1,1,3,0,1,1,19,27,10,12,1,0,0,1,0,0,0,25,0,6,6,6,12.833333333333334,0,0,6,6,6,12.833333333333334,0,7.6,2.6,0.32,Graduate
STU-02897,1,12,1,17,0,1,1,22,27,7,7,0,0,0,1,0,0,0,40,0,5,9,4,11.25,0,0,5,6,5,12.0,0,13.9,-0.3,0.79,Enrolled
STU-04336,1,1,1,9,1,1,1,1,1,5,7,1,0,0,1,0,0,0,21,0,5,9,3,10.666666666666666,0,0,5,13,2,12.5,0,7.6,2.6,0.32,Enrolled
STU-01115,1,1,1,12,1,1,1,13,14,10,8,0,0,0,1,0,1,0,19,0,7,12,6,13.766666666666666,0,0,8,10,7,14.051428571428572,0,15.5,2.8,-4.06,Graduate
STU-00282,4,1,1,3,0,1,1,24,14,5,11,1,0,0,1,0,1,0,47,0,6,9,5,14.166666666666666,0,0,6,7,6,14.166666666666666,0,16.2,0.3,-0.92,Graduate
STU-01276,1,8,2,11,1,1,1,13,14,5,8,1,0,0,1,0,0,0,19,0,6,8,6,12.166666666666666,0,0,6,6,6,13.5,0,11.1,0.6,2.02,Graduate
STU-04118,1,1,1,12,1,1,1,1,27,10,10,0,0,0,1,0,0,0,18,0,8,8,7,14.2,0,0,8,8,7,14.2,0,12.7,3.7,-1.7,Graduate
STU-01792,1,1,4,9,1,1,1,3,1,4,11,0,0,0,1,1,0,0,18,0,5,0,0,0.0,0,0,5,0,0,0.0,0,8.9,1.4,3.51,Dropout
STU-01199,1,1,1,10,1,1,1,1,14,5,5,0,0,0,0,0,0,0,18,0,6,6,6,14.5,0,0,6,6,6,15.166666666666666,0,10.8,1.4,1.74,Graduate
STU-04001,2,12,1,7,1,1,1,19,24,10,10,0,0,0,0,1,0,0,34,0,5,5,0,0.0,0,0,5,5,0,0.0,0,15.5,2.8,-4.06,Dropout
STU-04071,1,9,1,12,1,1,1,3,3,4,4,0,0,0,1,0,0,0,18,0,7,7,7,14.05714285714286,0,0,8,9,8,14.6,0,16.2,0.3,-0.92,Graduate
STU-03289,1,12,1,17,0,1,1,1,27,5,7,0,0,0,1,1,0,0,25,0,5,6,4,10.5,0,0,5,6,5,12.0,0,9.4,-0.8,-3.12,Graduate
STU-02217,1,9,2,13,1,1,1,3,3,3,3,0,0,0,1,1,0,0,18,0,7,11,6,13.433333333333332,0,0,7,10,4,13.6,0,8.9,1.4,3.51,Graduate
STU-01412,1,7,2,10,1,1,1,13,27,10,8,1,0,0,1,0,1,0,19,0,6,8,4,11.25,0,0,6,6,6,12.0,0,10.8,1.4,1.74,Graduate
STU-01428,1,1,1,11,1,1,1,2,27,2,2,1,0,0,1,0,0,0,19,0,6,9,5,13.4,0,0,6,16,2,13.5,0,10.8,1.4,1.74,Enrolled
STU-01154,1,1,1,12,1,1,1,23,1,10,5,1,0,0,1,0,0,0,19,0,7,10,5,12.94,0,0,7,7,5,13.76,0,16.2,0.3,-0.92,Enrolled
STU-04212,1,1,1,10,1,1,1,13,27,6,5,1,0,0,1,0,1,0,18,0,6,6,6,14.666666666666666,0,0,6,6,6,15.166666666666666,0,9.4,-0.8,-3.12,Graduate
STU-03228,1,15,1,6,1,14,1,13,28,32,44,1,0,0,1,0,0,0,23,0,6,11,4,11.5,0,0,6,12,4,12.2,0,8.9,1.4,3.51,Enrolled
STU-00220,1,8,1,6,1,1,1,13,27,2,4,0,0,0,1,0,0,0,21,0,5,10,0,0.0,1,0,5,9,2,13.5,0,7.6,2.6,0.32,Dropout
STU-03977,1,1,4,12,1,1,1,13,14,10,8,1,0,0,1,0,0,0,18,0,7,7,7,13.78,0,0,8,8,8,12.6125,0,12.4,0.5,1.79,Graduate
STU-01075,1,1,1,10,1,1,1,22,27,10,6,0,0,0,1,0,0,0,18,0,6,11,5,12.4,0,0,6,7,6,13.0,0,9.4,-0.8,-3.12,Graduate
STU-03235,1,1,2,12,1,1,1,1,1,5,4,1,0,0,1,0,0,0,18,0,7,10,7,13.78,0,0,8,10,8,13.661,0,15.5,2.8,-4.06,Graduate
STU-03188,1,1,1,12,1,1,1,13,14,5,6,1,0,0,1,1,0,0,19,0,7,9,0,0.0,0,0,7,8,0,0.0,0,15.5,2.8,-4.06,Dropout
STU-04341,1,8,1,6,1,1,1,2,3,3,3,0,0,0,1,0,0,0,20,0,5,12,3,11.666666666666666,2,0,5,11,4,11.5,1,9.4,-0.8,-3.12,Graduate
STU-03959,1,8,4,12,1,1,1,13,14,4,11,1,0,0,1,0,0,0,18,0,7,7,7,13.971428571428572,0,0,8,8,8,15.75,0,13.9,-0.3,0.79,Graduate
STU-01275,1,4,1,17,0,15,1,22,27,10,8,0,0,0,1,0,0,0,32,0,5,7,5,11.6,0,0,5,8,5,12.333333333333334,0,12.4,0.5,1.79,Graduate
STU-01143,1,1,1,14,1,1,1,1,1,3,3,1,0,0,1,0,0,0,20,0,5,5,4,15.0,0,0,5,5,4,13.75,0,7.6,2.6,0.32,Dropout
STU-01492,1,1,1,15,1,1,1,1,3,10,10,0,0,0,1,1,0,0,20,0,6,8,6,11.5,0,0,6,8,6,11.0,0,16.2,0.3,-0.92,Graduate
STU-00889,1,1,1,12,1,1,1,13,14,5,8,0,0,0,1,0,1,0,19,0,7,7,7,14.014285714285714,0,0,8,8,8,15.35,0,13.9,-0.3,0.79,Graduate
STU-02501,1,15,1,6,1,14,3,5,4,2,2,0,0,0,1,0,0,1,20,2,6,7,6,13.333333333333334,0,1,6,16,5,13.375,0,12.4,0.5,1.79,Graduate
STU-01086,1,8,2,8,1,1,1,3,1,3,2,0,0,0,1,0,0,0,19,0,6,0,0,0.0,0,0,6,0,0,0.0,0,15.5,2.8,-4.06,Dropout
STU-04144,1,12,1,13,1,1,1,13,28,10,9,0,0,0,1,0,0,0,24,0,7,15,5,12.4,0,0,8,14,7,12.15,0,12.4,0.5,1.79,Enrolled
STU-04377,1,8,6,12,1,1,1,23,1,10,11,1,0,0,1,0,0,0,18,0,7,8,7,12.217142857142855,0,0,8,11,7,12.11875,0,11.1,0.6,2.02,Graduate
STU-00543,1,15,1,4,1,14,1,1,14,5,11,0,0,0,1,1,1,0,21,0,6,8,6,13.0,0,0,6,10,6,12.625,0,15.5,2.8,-4.06,Graduate
STU-03434,1,8,6,12,1,1,1,13,27,5,10,1,0,0,1,0,0,0,19,0,7,7,7,13.642857142857142,0,0,8,8,8,14.3875,0,13.9,-0.3,0.79,Dropout
STU-03189,1,8,1,9,1,1,1,13,28,5,5,1,0,0,1,1,0,0,21,0,5,10,1,10.0,0,0,5,5,0,0.0,0,11.1,0.6,2.02,Dropout
STU-03904,2,12,1,9,1,1,1,23,27,5,8,1,0,0,0,0,0,0,39,0,5,12,3,10.666666666666666,2,0,5,15,3,10.666666666666666,0,9.4,-0.8,-3.12,Dropout
STU-03279,1,14,3,9,1,1,8,3,27,4,4,1,0,0,1,0,0,1,22,0,5,8,1,10.0,0,0,5,8,2,13.0,0,7.6,2.6,0.32,Dropout
STU-03808,1,12,1,3,0,12,1,19,24,1,1,0,0,0,1,0,0,0,55,0,6,6,6,13.833333333333334,0,1,6,6,6,12.833333333333334,0,7.6,2.6,0.32,Graduate
STU-02718,1,6,1,14,1,1,14,1,1,10,5,0,0,0,1,0,0,1,21,2,7,9,7,14.666666666666666,0,1,6,8,6,14.0,0,11.1,0.6,2.02,Graduate
STU-01973,1,8,2,14,1,1,1,13,14,6,5,0,0,0,1,0,1,0,19,0,6,7,5,11.2,0,0,6,10,5,13.125,0,10.8,1.4,1.74,Dropout
STU-01951,1,1,1,11,1,1,1,23,28,5,8,0,0,0,1,0,0,0,19,0,6,0,0,0.0,0,0,6,0,0,0.0,0,11.1,0.6,2.02,Dropout
STU-01477,1,12,1,17,0,1,1,22,27,10,6,1,0,1,1,1,0,0,33,0,5,11,2,12.5,0,0,5,9,2,11.5,1,12.7,3.7,-1.7,Dropout
STU-03757,1,12,1,3,0,1,1,22,27,10,10,0,0,0,1,0,0,0,58,0,6,14,5,12.4,0,0,6,10,5,11.6,0,9.4,-0.8,-3.12,Graduate
STU-00750,1,1,2,12,1,1,1,1,1,6,4,1,0,0,1,0,0,0,18,0,7,7,7,13.471428571428572,0,0,8,9,8,13.944444444444445,0,16.2,0.3,-0.92,Graduate
STU-03103,1,12,1,14,1,1,1,22,27,10,10,1,0,0,0,0,0,0,26,0,6,9,3,11.75,0,0,6,11,4,11.5,3,16.2,0.3,-0.92,Dropout
STU-00299,1,8,4,13,1,1,1,1,1,5,11,1,0,0,1,0,0,0,20,0,7,7,7,12.5,0,0,8,8,8,13.1375,0,12.4,0.5,1.79,Graduate
STU-02394,1,1,1,11,1,1,1,4,14,5,6,0,0,0,1,1,0,0,26,0,6,6,0,0.0,0,0,6,12,0,0.0,0,10.8,1.4,1.74,Dropout
STU-01697,1,8,1,5,1,1,1,13,28,5,6,1,0,0,1,1,0,0,22,0,6,7,5,11.4,0,0,6,6,6,12.166666666666666,0,7.6,2.6,0.32,Graduate
STU-00293,1,15,1,4,1,14,1,22,27,10,5,0,0,0,1,0,0,0,24,0,6,10,6,11.428571428571429,0,0,6,12,5,13.0,0,12.4,0.5,1.79,Enrolled
STU-03196,1,8,2,15,1,1,1,1,1,3,6,1,0,0,0,1,0,0,18,0,6,6,0,0.0,0,0,6,0,0,0.0,0,8.9,1.4,3.51,Dropout
STU-00984,2,12,1,17,0,1,1,23,28,10,4,0,0,0,1,1,0,0,34,0,5,10,4,11.75,0,0,5,10,4,10.833333333333334,0,13.9,-0.3,0.79,Enrolled
STU-03991,1,6,1,16,1,1,14,28,1,25,26,0,0,0,1,0,0,1,23,11,16,17,16,14.625,0,6,10,12,9,14.88888888888889,0,8.9,1.4,3.51,Graduate
STU-04413,1,14,1,5,1,1,1,13,14,8,9,1,0,0,1,1,1,0,19,4,6,6,4,13.0,0,2,6,7,5,12.2,0,13.9,-0.3,0.79,Enrolled
STU-02765,1,12,1,17,0,1,1,22,27,10,10,0,0,0,1,0,0,0,25,0,5,8,3,11.0,0,0,5,8,3,11.25,0,10.8,1.4,1.74,Enrolled
STU-04327,1,12,1,3,0,14,1,13,27,10,9,0,0,1,0,0,0,0,26,0,6,13,4,12.0,0,0,6,7,5,13.2,0,16.2,0.3,-0.92,Dropout
STU-03112,1,8,4,12,1,1,1,4,4,5,5,1,0,0,1,0,0,0,19,0,7,7,7,14.757142857142856,0,0,8,9,8,15.366666666666667,0,12.4,0.5,1.79,Graduate
STU-03970,1,15,1,17,0,14,1,22,27,10,10,0,0,0,1,0,0,0,26,0,5,5,5,12.0,0,0,5,7,5,11.4,0,12.7,3.7,-1.7,Graduate
STU-00313,1,8,2,9,1,1,1,13,14,5,9,0,0,0,1,0,1,0,18,0,5,5,5,11.2,0,0,5,5,5,11.8,0,11.1,0.6,2.02,Graduate
STU-00752,1,1,1,5,1,1,1,22,27,10,10,1,0,1,1,0,1,0,20,0,6,9,6,13.333333333333334,0,0,6,10,6,14.666666666666666,0,12.7,3.7,-1.7,Graduate
STU-00315,1,16,1,9,1,1,1,1,1,5,5,0,0,0,1,0,0,0,25,0,5,12,2,10.5,0,0,5,5,0,0.0,0,11.1,0.6,2.02,Dropout
STU-00833,1,14,1,8,1,1,3,1,3,10,3,0,0,1,1,0,0,1,21,2,5,9,5,13.2,2,0,5,7,2,12.5,2,10.8,1.4,1.74,Enrolled
STU-03243,1,12,1,3,0,12,1,22,27,10,10,0,0,0,1,0,0,0,38,0,6,10,3,10.25,0,0,6,7,1,12.0,0,13.9,-0.3,0.79,Dropout
STU-03334,1,12,2,14,1,12,1,19,24,1,1,1,0,0,0,1,0,0,27,0,5,8,1,11.0,0,0,5,6,3,10.666666666666666,1,7.6,2.6,0.32,Dropout
STU-01544,1,4,1,8,1,2,3,27,1,5,10,0,0,0,1,1,0,1,35,0,7,8,0,0.0,1,0,6,9,0,0.0,0,8.9,1.4,3.51,Dropout
STU-02828,2,12,1,17,0,1,1,22,27,10,7,0,0,0,1,0,1,0,39,0,5,13,4,12.333333333333334,0,0,5,14,2,10.0,4,16.2,0.3,-0.92,Graduate
STU-01442,1,1,1,2,1,1,1,1,1,10,10,1,0,0,1,1,0,0,25,16,17,19,17,11.61111111111111,0,14,17,22,17,12.055555555555555,0,12.4,0.5,1.79,Graduate
STU-02624,1,14,1,17,0,1,14,22,27,10,9,0,0,0,1,0,0,1,34,2,2,2,2,10.5,0,1,1,1,1,11.0,0,10.8,1.4,1.74,Dropout
STU-01373,1,1,1,10,1,1,1,1,14,6,10,0,0,0,1,1,0,0,18,0,6,8,6,12.0,0,0,6,7,6,11.714285714285714,0,15.5,2.8,-4.06,Graduate
STU-00312,1,8,1,16,1,1,1,19,24,1,1,1,0,0,1,0,0,0,21,0,6,12,3,11.333333333333334,0,0,6,10,3,11.333333333333334,0,7.6,2.6,0.32,Dropout
STU-02491,1,8,2,15,1,1,1,1,1,5,5,1,0,0,1,1,0,0,20,0,6,11,3,13.666666666666666,0,0,6,13,4,10.25,0,9.4,-0.8,-3.12,Enrolled
STU-02607,1,5,1,6,1,1,1,22,27,6,6,1,0,0,1,0,0,0,22,2,5,7,5,14.2,0,0,5,10,5,12.2,0,12.7,3.7,-1.7,Graduate
STU-01162,4,4,1,12,1,15,1,22,27,4,4,1,0,0,1,0,0,0,32,0,7,16,4,13.625,0,0,7,8,7,12.6375,0,12.4,0.5,1.79,Enrolled
STU-03968,1,1,1,12,1,1,1,1,14,10,10,0,0,0,1,0,1,0,20,0,7,14,0,0.0,0,0,7,15,0,0.0,0,11.1,0.6,2.02,Enrolled
STU-01633,2,12,1,17,0,9,1,22,27,10,10,1,0,0,1,1,0,0,52,0,5,5,5,13.6,0,0,5,5,5,14.2,0,7.6,2.6,0.32,Graduate
STU-00450,1,1,3,11,1,1,1,13,28,4,11,1,0,0,1,0,1,0,20,0,6,8,5,12.8,0,0,6,9,5,12.8,0,12.4,0.5,1.79,Enrolled
STU-00593,1,15,1,14,1,14,1,22,1,10,5,0,0,0,1,0,1,0,20,2,6,9,6,12.125,0,2,6,7,6,13.571428571428571,0,11.1,0.6,2.02,Graduate
STU-01634,1,14,1,3,0,1,1,23,3,18,20,0,0,0,1,1,0,0,54,9,13,14,13,13.307692307692308,0,7,11,12,11,12.818181818181818,0,12.7,3.7,-1.7,Enrolled
STU-02632,1,8,1,11,1,1,1,23,28,1,6,0,0,0,1,1,0,0,20,0,6,9,4,10.75,0,0,6,12,0,0.0,0,7.6,2.6,0.32,Dropout
STU-02388,1,1,1,2,1,1,1,1,28,6,8,1,0,1,0,1,0,0,19,0,0,0,0,0.0,0,0,0,0,0,0.0,0,12.7,3.7,-1.7,Graduate
STU-00869,1,9,1,11,1,1,1,13,14,5,6,0,0,0,1,1,0,0,20,0,6,7,6,13.857142857142858,0,0,6,7,5,12.8,0,16.2,0.3,-0.92,Graduate
STU-01437,1,6,1,7,1,1,13,1,3,21,31,0,0,1,1,0,0,1,19,0,6,11,2,13.5,1,0,5,11,2,11.0,0,8.9,1.4,3.51,Enrolled
STU-01087,1,8,1,14,1,1,1,10,28,10,6,0,0,0,1,0,1,0,19,0,6,6,6,13.666666666666666,0,0,6,9,6,13.666666666666666,0,8.9,1.4,3.51,Graduate
STU-04010,1,8,5,11,1,1,1,23,1,6,10,0,0,0,1,1,0,0,19,0,5,5,0,0.0,0,0,5,10,0,0.0,0,10.8,1.4,1.74,Dropout
STU-03649,1,1,4,12,1,1,1,13,28,6,6,1,0,0,1,0,0,0,18,0,8,8,7,12.328571428571427,0,0,8,8,7,12.328571428571427,0,12.7,3.7,-1.7,Graduate
STU-04064,1,12,1,17,0,1,1,1,27,10,8,0,0,0,1,0,1,0,24,0,5,7,5,12.285714285714286,0,0,5,9,5,12.75,1,16.2,0.3,-0.92,Graduate
STU-03234,1,8,3,6,1,1,1,22,28,10,10,0,0,0,1,0,0,0,20,0,6,0,0,0.0,0,0,6,0,0,0.0,0,11.1,0.6,2.02,Dropout
STU-01436,1,6,1,9,1,1,14,26,1,4,5,0,0,1,0,1,0,1,26,6,7,7,6,13.0,0,2,6,6,2,14.0,0,11.1,0.6,2.02,Dropout
STU-00756,1,1,4,2,1,1,1,1,14,5,6,1,0,1,0,1,0,0,19,0,0,0,0,0.0,0,0,0,0,0,0.0,0,15.5,2.8,-4.06,Dropout
STU-03295,1,14,1,12,1,1,1,23,14,10,11,0,0,0,1,0,0,0,23,0,7,11,6,12.1,0,0,7,7,6,12.616666666666667,0,16.2,0.3,-0.92,Enrolled
STU-01832,1,1,1,10,1,1,1,1,1,5,5,0,0,0,1,0,1,0,18,0,6,9,6,11.5,0,0,6,11,5,14.0,0,11.1,0.6,2.02,Graduate
STU-04257,1,12,1,12,1,1,1,1,14,5,9,0,0,0,1,0,0,0,24,0,8,8,7,12.412857142857144,0,0,8,8,7,12.412857142857144,0,10.8,1.4,1.74,Graduate
STU-01500,1,15,1,4,1,14,1,1,28,5,5,1,0,0,1,1,1,0,20,0,6,9,6,13.444444444444445,0,0,6,9,5,12.6,0,13.9,-0.3,0.79,Graduate
STU-03379,2,1,1,9,1,1,1,13,27,10,10,0,0,0,1,0,0,0,19,0,5,6,4,11.25,0,0,5,10,3,11.714285714285714,0,10.8,1.4,1.74,Enrolled
STU-02684,1,8,1,6,1,1,1,1,14,6,10,0,0,0,1,1,0,0,22,0,5,8,3,13.0,0,0,5,8,3,10.666666666666666,0,7.6,2.6,0.32,Graduate
STU-03694,1,8,5,7,1,1,1,13,27,10,8,1,0,0,1,1,1,0,19,0,5,9,5,12.6,0,0,5,8,2,12.5,0,8.9,1.4,3.51,Dropout
STU-00846,1,1,1,2,1,1,1,22,27,10,9,1,0,1,0,0,1,0,23,0,0,0,0,0.0,0,0,0,0,0,0.0,0,9.4,-0.8,-3.12,Dropout
STU-00835,2,12,1,7,1,1,1,22,27,12,6,1,0,0,1,1,0,0,46,0,5,6,0,0.0,0,0,5,5,0,0.0,0,7.6,2.6,0.32,Dropout
STU-02356,1,8,4,14,1,1,1,3,1,3,4,1,0,0,1,1,0,0,18,0,6,8,6,13.625,0,0,6,7,6,14.285714285714286,0,11.1,0.6,2.02,Graduate
STU-00333,1,1,1,10,1,1,1,23,28,8,8,1,0,0,1,0,0,0,20,0,6,7,6,12.0,0,0,6,7,6,13.0,0,12.4,0.5,1.79,Graduate
STU-01035,1,8,1,5,1,1,1,23,14,8,8,1,0,0,1,0,0,0,18,0,6,6,2,13.0,0,0,6,6,0,0.0,0,12.4,0.5,1.79,Dropout
STU-02178,1,14,1,3,0,6,1,19,24,1,1,0,0,1,1,0,0,0,29,1,6,9,4,12.0,0,1,6,13,2,10.5,0,7.6,2.6,0.32,Dropout
STU-02740,1,1,4,6,1,1,1,22,1,10,10,1,0,0,1,0,1,0,19,0,5,7,4,14.5,0,0,5,5,5,13.6,0,10.8,1.4,1.74,Graduate
STU-00036,1,12,1,1,1,1,1,23,27,10,7,0,0,1,0,1,0,0,37,0,7,7,0,0.0,0,0,7,7,1,10.0,0,8.9,1.4,3.51,Dropout
STU-00087,1,12,1,14,1,1,1,1,14,5,6,0,0,0,1,0,1,0,25,0,5,7,4,10.5,0,0,5,7,5,11.6,0,9.4,-0.8,-3.12,Graduate
STU-00539,1,15,1,4,1,14,1,13,28,4,10,1,0,0,1,1,0,0,21,0,6,7,6,12.857142857142858,0,0,6,6,6,13.166666666666666,0,12.4,0.5,1.79,Graduate
STU-01390,1,1,2,6,1,1,1,1,14,4,4,1,0,0,1,1,0,0,21,0,5,7,4,11.5,0,0,5,15,3,10.6,4,10.8,1.4,1.74,Enrolled
STU-01247,1,1,1,10,1,1,1,13,14,10,10,0,0,0,1,0,1,0,18,0,6,8,6,13.5,0,0,6,9,6,12.833333333333334,0,11.1,0.6,2.02,Graduate
STU-03143,1,1,1,9,1,1,1,23,28,3,10,0,0,0,1,0,0,0,19,0,5,14,1,11.0,0,0,5,6,0,0.0,0,13.9,-0.3,0.79,Dropout
STU-00647,1,1,1,10,1,1,1,22,1,4,6,0,0,0,1,0,0,0,21,0,6,11,5,11.2,0,0,6,15,1,10.0,0,7.6,2.6,0.32,Enrolled
STU-02478,1,1,1,11,1,1,1,13,28,10,10,1,0,0,1,1,0,0,23,0,6,8,6,12.666666666666666,0,0,6,10,5,12.2,0,7.6,2.6,0.32,Enrolled
STU-02449,1,12,1,7,1,12,1,22,27,10,5,0,0,1,0,1,0,0,28,0,5,10,0,0.0,0,0,5,7,0,0.0,0,12.4,0.5,1.79,Dropout
STU-03333,1,8,1,7,1,1,1,1,1,10,10,0,0,1,0,1,0,0,21,0,5,9,2,11.0,0,0,5,8,2,11.5,2,7.6,2.6,0.32,Dropout
STU-00815,1,1,1,16,1,1,1,13,3,5,5,0,0,0,1,0,0,0,18,0,7,7,7,15.714285714285714,0,0,7,7,7,15.0,0,11.1,0.6,2.02,Graduate
STU-00337,1,4,1,16,1,15,1,26,3,3,2,0,0,1,1,0,0,0,40,0,7,8,7,15.0,0,0,7,7,7,14.571428571428571,0,12.4,0.5,1.79,Graduate
STU-01877,1,12,1,13,1,12,1,27,1,4,8,0,0,0,1,1,0,0,37,0,7,15,0,0.0,0,0,7,13,0,0.0,1,11.1,0.6,2.02,Dropout
STU-02355,1,1,2,6,1,1,1,22,14,12,12,0,0,0,1,1,0,0,18,0,6,0,0,0.0,0,0,6,0,0,0.0,0,7.6,2.6,0.32,Dropout
STU-03405,2,14,1,17,0,1,1,22,27,10,10,0,0,0,1,0,0,0,32,1,5,5,5,10.2,0,0,5,9,4,11.25,0,9.4,-0.8,-3.12,Enrolled
STU-01208,2,12,1,4,1,12,1,13,27,10,11,0,0,1,1,0,0,0,37,0,6,10,6,12.875,0,0,6,12,6,12.9,0,16.2,0.3,-0.92,Enrolled
STU-02799,1,13,1,12,1,1,1,13,1,10,4,1,0,0,1,1,1,0,33,6,14,20,14,13.072857142857144,6,6,14,20,14,13.072857142857144,6,9.4,-0.8,-3.12,Graduate
STU-02921,1,1,1,2,1,1,1,13,14,5,8,1,0,0,1,0,1,0,18,0,0,0,0,0.0,0,0,0,0,0,0.0,0,12.4,0.5,1.79,Graduate
STU-03544,1,8,1,6,1,1,1,13,28,5,9,0,0,0,0,1,0,0,19,0,6,11,5,13.6,0,0,6,11,5,13.666666666666666,0,11.1,0.6,2.02,Enrolled
STU-04363,1,1,3,6,1,1,1,1,28,10,12,0,0,0,1,0,0,0,21,0,5,7,5,12.0,0,0,5,7,4,12.5,0,7.6,2.6,0.32,Graduate
STU-01776,1,1,3,15,1,1,1,1,3,1,1,0,0,0,0,1,0,0,20,0,4,4,0,0.0,0,0,4,8,0,0.0,0,10.8,1.4,1.74,Dropout
STU-02422,2,12,1,17,0,12,1,22,27,6,6,1,0,0,1,1,0,0,41,0,5,5,0,0.0,0,0,5,5,0,0.0,0,7.6,2.6,0.32,Dropout
STU-01766,1,1,1,9,1,1,1,13,28,10,10,1,0,0,1,0,0,0,26,0,5,6,0,0.0,0,0,5,0,0,0.0,0,15.5,2.8,-4.06,Dropout
STU-03190,1,1,1,2,1,1,1,22,27,4,6,0,0,0,1,1,0,0,19,0,0,0,0,0.0,0,0,0,0,0,0.0,0,13.9,-0.3,0.79,Dropout
STU-03258,2,12,1,4,1,12,1,22,14,10,5,0,0,1,1,0,0,0,29,0,6,11,5,12.6,0,0,6,6,6,12.666666666666666,0,11.1,0.6,2.02,Graduate
STU-00658,1,16,1,3,0,1,1,1,28,6,8,0,0,0,1,0,0,0,22,14,16,16,13,10.923076923076923,0,13,13,13,11,11.454545454545457,0,16.2,0.3,-0.92,Graduate
STU-00788,1,1,1,12,1,1,1,3,1,5,6,0,0,0,1,0,0,0,18,0,8,8,7,14.537142857142856,0,0,8,8,7,14.537142857142856,0,10.8,1.4,1.74,Graduate
STU-00399,1,8,1,14,1,1,1,22,14,6,9,1,0,1,1,0,0,0,18,0,6,6,5,11.8,0,0,6,9,4,13.714285714285714,0,10.8,1.4,1.74,Dropout
STU-01908,1,1,6,12,1,1,1,13,1,10,11,1,0,0,1,0,0,0,18,0,8,8,7,12.944285714285714,0,0,8,8,7,12.944285714285714,0,10.8,1.4,1.74,Graduate
STU-04115,1,8,2,15,1,1,1,2,1,3,8,1,0,0,1,0,0,0,20,0,6,6,6,14.333333333333334,0,0,6,6,6,15.5,0,12.4,0.5,1.79,Graduate
STU-02851,1,9,2,15,1,1,1,1,1,5,5,1,0,0,0,0,0,0,20,0,6,6,0,0.0,0,0,6,0,0,0.0,0,8.9,1.4,3.51,Dropout
STU-03989,1,1,1,6,1,1,1,13,27,10,10,1,0,0,1,0,1,0,20,0,5,13,5,14.0,2,0,5,10,3,12.0,1,9.4,-0.8,-3.12,Graduate
STU-04334,1,1,2,10,1,1,1,13,28,10,9,1,0,0,1,0,1,0,19,0,6,8,6,12.714285714285714,0,0,6,12,5,11.0,0,13.9,-0.3,0.79,Dropout
STU-03704,1,12,1,7,1,1,1,22,27,10,10,0,0,0,1,1,1,0,30,0,5,11,0,0.0,0,0,5,5,0,0.0,0,12.7,3.7,-1.7,Dropout
STU-01911,1,1,2,14,1,1,1,3,14,5,6,1,0,0,1,0,0,0,18,0,6,8,5,13.0,0,0,6,8,5,14.0,0,13.9,-0.3,0.79,Graduate
STU-02489,1,8,6,9,1,1,1,13,28,6,7,1,0,0,1,1,0,0,20,0,5,7,3,12.666666666666666,1,0,5,12,2,12.5,0,9.4,-0.8,-3.12,Enrolled
STU-02510,1,14,1,5,1,1,1,13,28,10,8,0,0,0,1,1,0,0,26,9,14,14,14,14.0,0,7,13,13,13,13.615384615384617,0,15.5,2.8,-4.06,Graduate
STU-03661,1,1,3,10,1,1,1,13,1,8,11,1,0,1,1,0,0,0,19,0,6,7,0,0.0,0,0,5,5,0,0.0,0,13.9,-0.3,0.79,Dropout
STU-03527,2,12,1,4,1,1,1,1,3,5,3,0,0,1,0,1,0,0,49,4,12,16,5,11.6,0,2,7,7,5,11.2,0,8.9,1.4,3.51,Dropout
STU-01468,2,8,5,7,1,1,1,22,28,5,5,1,0,0,1,1,0,0,21,0,5,10,4,13.2,0,0,5,7,4,14.25,2,7.6,2.6,0.32,Enrolled
STU-02060,1,15,1,6,1,14,1,23,27,5,11,0,0,1,0,0,0,0,20,1,6,13,4,13.0,0,1,6,11,5,12.0,0,16.2,0.3,-0.92,Dropout
STU-03542,1,8,1,14,1,1,1,23,27,10,10,0,0,0,0,1,0,0,20,0,6,6,6,11.5,0,0,6,9,2,13.0,0,10.8,1.4,1.74,Dropout
STU-03701,1,8,3,5,1,1,1,23,27,6,6,1,0,0,1,1,0,0,18,0,6,6,6,12.833333333333334,0,0,6,8,5,11.4,0,15.5,2.8,-4.06,Enrolled
STU-02720,1,1,4,6,1,1,1,3,1,2,5,1,0,0,1,0,1,0,19,0,6,7,6,14.857142857142858,0,0,6,10,6,13.11111111111111,0,12.4,0.5,1.79,Graduate
STU-00497,1,12,1,13,1,12,1,22,28,10,10,0,0,0,1,0,0,0,29,0,7,9,1,10.0,0,0,7,0,0,0.0,0,12.7,3.7,-1.7,Dropout
STU-03639,2,1,4,12,1,1,1,23,28,6,6,1,0,0,1,0,0,0,18,0,7,10,7,14.455000000000002,0,0,8,8,8,13.91,0,15.5,2.8,-4.06,Graduate
STU-01386,1,1,1,8,1,1,1,13,27,2,10,1,0,0,1,1,0,0,22,0,5,9,2,10.5,0,0,5,5,0,0.0,0,12.7,3.7,-1.7,Dropout
STU-01374,1,1,1,15,1,1,1,1,28,4,6,1,0,0,1,1,0,0,19,0,6,8,5,12.0,0,0,6,8,5,12.4,0,9.4,-0.8,-3.12,Graduate
STU-01296,2,12,1,3,0,12,1,1,1,5,5,0,0,0,1,1,0,0,24,0,6,14,1,10.0,0,0,5,5,0,0.0,0,16.2,0.3,-0.92,Dropout
STU-03890,1,1,2,13,1,1,1,1,28,4,9,1,0,0,1,0,1,0,21,0,7,7,7,12.242857142857144,0,0,8,8,8,14.125,0,15.5,2.8,-4.06,Graduate
STU-03614,1,1,1,7,1,1,1,1,10,4,4,1,0,0,1,1,0,0,19,0,5,7,3,12.0,0,0,6,10,2,10.5,0,11.1,0.6,2.02,Dropout
STU-03348,1,12,1,9,1,9,1,22,27,10,10,0,0,0,1,1,0,0,29,0,5,0,0,0.0,0,0,5,0,0,0.0,0,9.4,-0.8,-3.12,Dropout
STU-00281,1,7,2,9,1,1,1,23,27,10,10,1,0,0,1,0,1,0,22,0,5,8,4,12.0,0,0,5,8,4,11.4,2,16.2,0.3,-0.92,Graduate
STU-03420,1,8,1,10,1,1,1,13,28,5,10,1,0,0,1,0,1,0,20,0,6,6,6,13.333333333333334,0,0,6,7,6,14.0,0,15.5,2.8,-4.06,Graduate
STU-02218,1,7,2,9,1,1,1,13,14,5,10,1,0,0,1,1,0,0,19,0,5,8,5,11.6,0,0,5,9,3,11.0,0,10.8,1.4,1.74,Dropout
STU-03617,1,1,1,7,1,1,1,13,14,10,9,0,0,0,0,1,1,0,18,0,5,6,5,15.0,0,0,5,6,5,14.2,0,8.9,1.4,3.51,Enrolled
STU-00297,1,8,2,15,1,1,1,13,28,10,9,1,0,0,1,0,1,0,18,0,6,6,6,14.166666666666666,0,0,6,6,6,13.666666666666666,0,12.4,0.5,1.79,Graduate
STU-01364,1,15,1,2,1,14,1,13,1,10,10,1,0,0,1,1,0,0,21,0,0,0,0,0.0,0,0,0,0,0,0.0,0,12.4,0.5,1.79,Graduate
STU-03408,1,1,3,12,1,1,1,1,14,10,4,1,0,0,1,0,1,0,18,0,8,8,8,14.15375,0,0,8,8,8,14.15375,0,9.4,-0.8,-3.12,Graduate
STU-01189,1,8,1,11,1,1,1,13,1,6,8,1,0,1,1,0,0,0,18,0,6,8,6,11.666666666666666,0,0,6,10,4,11.5,0,13.9,-0.3,0.79,Graduate
STU-00959,1,1,1,9,1,1,1,1,14,6,6,1,0,0,1,1,1,0,19,0,5,6,5,13.2,0,0,5,6,5,12.666666666666666,0,16.2,0.3,-0.92,Graduate
STU-00364,1,17,1,6,1,16,1,13,27,10,9,1,0,0,1,0,1,0,22,7,11,18,8,13.5,0,4,9,16,7,13.714285714285714,0,8.9,1.4,3.51,Graduate
STU-01505,1,12,1,12,1,15,1,22,27,10,8,0,0,0,1,0,0,0,27,3,8,12,7,12.457142857142856,0,3,8,12,7,12.457142857142856,0,12.7,3.7,-1.7,Enrolled
STU-01488,1,8,1,14,1,1,1,1,27,5,10,1,0,0,1,0,1,0,25,0,6,8,6,11.285714285714286,0,0,6,10,5,12.2,0,15.5,2.8,-4.06,Enrolled
STU-01146,1,1,2,3,0,1,1,13,9,1,1,1,0,0,1,0,0,0,22,0,6,7,5,13.4,0,0,6,9,5,12.2,0,7.6,2.6,0.32,Graduate
STU-02653,1,1,1,14,1,1,1,3,14,5,6,0,0,0,1,1,1,0,19,0,6,7,6,13.142857142857142,0,0,6,8,6,14.166666666666666,0,15.5,2.8,-4.06,Graduate
STU-01654,1,1,3,13,1,1,1,13,14,4,11,1,0,0,1,0,1,0,20,0,7,7,7,13.0,0,0,8,8,8,15.0625,0,12.4,0.5,1.79,Graduate
STU-03597,1,15,1,4,1,14,1,13,1,2,2,0,0,0,1,1,0,0,22,0,6,12,3,13.333333333333334,0,0,6,12,3,12.75,0,15.5,2.8,-4.06,Enrolled
STU-03933,1,4,1,17,0,15,1,13,14,8,4,0,0,0,1,0,0,0,26,5,10,13,8,12.666666666666666,0,5,10,12,10,13.4,0,11.1,0.6,2.02,Graduate
STU-03120,1,1,1,6,1,1,1,23,27,2,2,1,0,0,1,0,0,0,21,0,5,8,3,11.333333333333334,1,0,5,8,3,13.333333333333334,0,12.7,3.7,-1.7,Enrolled
STU-03967,1,15,1,4,1,14,1,13,14,10,5,0,0,0,1,0,0,0,21,0,6,12,3,10.666666666666666,2,0,6,12,4,12.0,0,15.5,2.8,-4.06,Dropout
STU-01085,1,1,2,5,1,1,1,13,1,10,4,1,0,0,1,0,1,0,18,1,6,8,6,12.714285714285714,1,0,6,8,6,12.625,0,13.9,-0.3,0.79,Graduate
STU-02572,1,1,1,12,1,1,1,23,28,10,10,1,0,0,1,0,0,0,31,0,7,9,7,15.46875,0,0,8,8,8,16.3875,0,11.1,0.6,2.02,Graduate
STU-00987,1,4,1,4,1,4,1,1,1,5,7,0,0,0,1,1,0,0,28,0,6,14,6,14.875,0,0,6,12,6,15.8,0,16.2,0.3,-0.92,Graduate
STU-03510,1,15,1,5,1,14,1,1,1,10,10,0,0,0,1,1,1,0,22,2,7,7,7,12.285714285714286,0,5,9,10,8,12.375,0,12.4,0.5,1.79,Graduate
STU-00048,1,8,6,12,1,1,1,22,14,8,8,1,0,0,1,0,1,0,22,0,7,8,6,13.516666666666666,0,0,8,9,7,13.771428571428572,0,11.1,0.6,2.02,Graduate
STU-00671,1,1,1,10,1,1,1,22,1,10,10,1,0,0,1,0,1,0,20,0,6,8,6,14.25,0,0,6,8,6,11.0,0,12.7,3.7,-1.7,Graduate
STU-02662,2,12,1,15,1,13,1,22,27,10,8,1,0,0,1,1,0,0,57,0,6,7,5,14.2,0,0,6,6,6,14.166666666666666,0,9.4,-0.8,-3.12,Graduate
STU-02343,1,14,1,4,1,1,1,2,4,5,2,0,0,0,1,1,0,0,35,16,18,22,18,11.666666666666666,0,12,13,13,12,11.5,1,15.5,2.8,-4.06,Graduate
STU-03079,1,1,1,14,1,1,1,1,27,5,10,0,0,0,1,1,0,0,19,0,5,5,5,10.8,0,0,5,5,4,12.25,0,9.4,-0.8,-3.12,Graduate
STU-03144,1,8,1,12,1,1,1,22,27,10,10,0,0,0,1,0,1,0,19,0,8,8,7,15.114285714285714,0,0,8,8,7,15.114285714285714,0,12.7,3.7,-1.7,Graduate
STU-00018,1,8,2,12,1,1,1,13,1,6,5,1,0,0,1,0,0,0,18,0,7,8,7,13.30625,0,0,8,8,8,14.545,0,15.5,2.8,-4.06,Graduate
STU-02014,2,12,1,16,1,1,1,22,27,10,10,0,0,1,0,0,0,0,32,0,6,6,0,0.0,0,0,5,10,0,0.0,0,10.8,1.4,1.74,Dropout
STU-01828,1,8,1,6,1,1,1,1,28,5,10,1,0,0,1,0,0,0,21,0,5,13,3,11.333333333333334,2,0,5,12,2,10.5,1,9.4,-0.8,-3.12,Enrolled
STU-03609,1,8,1,7,1,1,1,13,1,6,5,1,0,0,1,1,0,0,20,0,5,7,5,15.8,0,0,5,7,5,14.571428571428571,0,11.1,0.6,2.02,Dropout
STU-00103,2,12,1,3,0,1,1,22,27,7,6,1,0,0,1,0,0,0,36,0,6,0,0,0.0,0,0,6,0,0,0.0,0,9.4,-0.8,-3.12,Dropout
STU-01984,1,1,1,12,1,1,1,23,14,6,9,0,0,0,1,0,0,0,18,0,7,7,6,13.966666666666669,0,0,7,7,6,13.966666666666669,0,7.6,2.6,0.32,Graduate
STU-03864,1,1,2,10,1,1,1,23,14,10,8,1,0,0,1,1,0,0,19,0,6,10,6,11.125,0,0,6,7,6,11.857142857142858,0,7.6,2.6,0.32,Graduate
STU-01610,1,1,2,5,1,1,1,23,14,8,8,1,0,0,1,1,0,0,18,0,6,7,6,12.833333333333334,0,0,6,7,6,12.571428571428571,0,8.9,1.4,3.51,Graduate
STU-03240,1,1,1,10,1,1,1,3,1,5,10,0,0,0,1,0,1,0,18,0,6,7,6,13.166666666666666,0,0,6,6,6,12.5,0,12.4,0.5,1.79,Graduate
STU-02253,1,4,1,6,1,15,1,5,3,3,3,0,0,1,1,1,0,0,27,8,13,13,8,13.5,2,5,11,12,5,14.4,0,11.1,0.6,2.02,Dropout
STU-02062,1,8,5,13,1,1,1,13,14,10,9,1,0,0,1,0,1,0,19,0,7,8,7,13.385714285714286,0,0,8,8,8,13.3875,0,10.8,1.4,1.74,Graduate
STU-00108,1,1,1,6,1,1,1,1,1,5,5,1,0,0,1,0,0,0,20,0,6,15,4,14.2,0,0,6,17,4,13.25,0,15.5,2.8,-4.06,Dropout
STU-02603,1,1,3,10,1,1,1,23,14,6,9,1,0,0,1,0,0,0,19,0,6,7,6,12.285714285714286,0,0,6,7,6,12.833333333333334,0,12.4,0.5,1.79,Graduate
STU-02051,1,1,1,10,1,1,1,22,28,10,4,0,0,0,1,0,0,0,18,0,6,13,4,11.0,0,0,6,12,5,10.833333333333334,0,15.5,2.8,-4.06,Graduate
STU-02796,2,12,1,12,1,13,1,22,27,10,4,0,0,0,1,1,0,0,37,0,7,8,7,12.828571428571427,0,0,8,8,8,12.6875,0,13.9,-0.3,0.79,Graduate
STU-00172,1,8,2,13,1,1,1,22,27,4,11,0,0,0,1,0,0,0,20,0,7,8,7,12.457142857142856,0,0,8,8,8,13.5625,0,15.5,2.8,-4.06,Graduate
STU-01663,1,1,1,12,1,1,1,13,1,5,5,0,0,0,1,0,0,0,18,0,7,10,7,15.145,0,0,8,8,8,15.7425,0,15.5,2.8,-4.06,Graduate
STU-00049,1,15,1,3,0,14,1,1,14,10,10,0,0,0,1,0,1,0,21,3,6,6,6,11.5,0,2,6,7,6,13.285714285714286,0,12.4,0.5,1.79,Graduate
STU-00854,2,12,1,12,1,1,1,1,14,10,10,0,0,0,1,1,1,0,34,0,8,8,7,13.842857142857143,0,0,8,8,7,13.842857142857143,0,12.7,3.7,-1.7,Graduate
STU-03944,5,12,1,9,1,1,1,1,1,5,9,0,0,1,0,0,0,0,24,0,5,0,0,0.0,0,0,5,0,0,0.0,0,13.9,-0.3,0.79,Dropout
STU-03828,1,15,1,4,1,14,1,22,27,10,7,1,0,0,1,1,1,0,20,0,6,10,5,12.6,0,0,6,6,5,13.2,0,12.4,0.5,1.79,Graduate
STU-03033,1,9,2,12,1,1,1,13,1,6,6,1,0,0,1,0,1,0,19,0,7,8,6,12.648333333333332,0,0,8,9,8,12.205555555555556,0,11.1,0.6,2.02,Graduate
STU-04036,2,4,1,8,1,2,1,13,14,5,9,1,0,0,1,1,0,0,37,0,6,9,0,0.0,0,0,6,6,0,0.0,0,16.2,0.3,-0.92,Dropout
STU-00258,1,8,3,5,1,1,1,22,27,10,10,0,0,0,1,0,0,0,18,0,6,6,6,11.833333333333334,0,0,6,6,6,12.5,0,7.6,2.6,0.32,Enrolled
STU-00884,1,12,1,4,1,1,1,22,27,5,8,0,0,1,0,1,0,0,32,0,6,8,3,13.0,0,4,10,14,6,11.428571428571429,0,16.2,0.3,-0.92,Dropout
STU-02570,1,1,2,15,1,1,1,13,1,4,10,1,0,0,1,0,1,0,18,0,6,6,6,13.666666666666666,0,0,6,6,6,14.666666666666666,0,16.2,0.3,-0.92,Graduate
STU-00971,1,14,1,14,1,1,1,19,24,1,1,0,0,0,1,1,0,0,25,0,5,5,4,13.75,0,0,5,5,4,14.75,0,7.6,2.6,0.32,Graduate
STU-01230,1,17,1,6,1,16,1,1,1,5,4,1,0,1,1,0,0,0,21,7,9,10,8,13.25,0,4,9,14,5,12.2,0,8.9,1.4,3.51,Enrolled
STU-00703,1,4,1,13,1,4,1,5,5,3,3,1,0,0,1,1,0,0,43,4,4,4,4,13.875,0,1,1,1,1,12.5,0,11.1,0.6,2.02,Dropout
STU-03108,1,1,1,12,1,1,1,1,14,10,11,1,0,0,1,0,0,0,19,0,7,7,7,13.79857142857143,0,0,8,8,8,14.75625,0,11.1,0.6,2.02,Graduate
STU-01220,1,9,2,9,1,1,1,13,28,10,8,1,0,0,1,0,1,0,18,0,5,8,5,13.75,0,0,5,6,5,12.166666666666666,0,13.9,-0.3,0.79,Graduate
STU-03225,1,12,1,9,1,9,1,13,27,8,10,0,0,0,1,0,0,0,31,0,5,8,1,13.0,2,0,5,9,4,12.25,0,10.8,1.4,1.74,Dropout
STU-00156,1,1,1,16,1,1,1,23,27,7,7,0,0,0,1,0,0,0,19,0,6,8,6,12.0,0,0,6,10,4,11.5,0,7.6,2.6,0.32,Dropout
STU-01421,1,8,4,16,1,1,1,22,27,10,6,1,0,0,1,0,0,0,18,0,6,7,5,11.8,0,0,6,7,5,11.4,0,10.8,1.4,1.74,Dropout
STU-02361,1,12,1,7,1,1,1,13,14,10,8,0,0,1,1,1,0,0,24,0,5,12,1,10.0,0,0,5,11,1,11.0,0,8.9,1.4,3.51,Enrolled
STU-01952,1,14,2,11,1,1,1,13,14,10,10,1,0,0,1,0,0,0,19,0,6,0,0,0.0,0,0,6,12,0,0.0,0,10.8,1.4,1.74,Dropout
STU-03753,1,1,2,15,1,1,1,1,1,10,5,1,0,0,1,0,0,0,18,0,6,6,6,11.666666666666666,0,0,6,6,5,12.2,0,12.7,3.7,-1.7,Graduate
STU-02833,2,12,1,4,1,1,1,3,3,3,3,0,0,1,0,0,0,0,34,1,6,10,6,14.333333333333334,0,0,6,9,6,12.833333333333334,0,11.1,0.6,2.02,Enrolled
STU-03775,1,1,1,10,1,1,1,1,14,5,8,1,0,0,1,0,1,0,18,0,6,6,6,13.166666666666666,0,0,6,7,6,14.142857142857142,0,11.1,0.6,2.02,Graduate
STU-02977,1,1,2,11,1,1,1,1,14,10,10,1,0,0,1,0,1,0,19,0,6,8,6,13.0,0,0,6,6,6,12.166666666666666,0,8.9,1.4,3.51,Graduate
STU-01698,1,12,1,6,1,1,1,19,1,1,3,0,0,0,1,1,0,0,25,0,5,5,0,0.0,0,0,5,5,0,0.0,0,7.6,2.6,0.32,Dropout
STU-02917,2,4,1,3,0,3,1,22,27,10,10,0,0,0,1,0,0,0,39,9,13,19,12,13.416666666666666,0,4,10,10,10,14.5,0,16.2,0.3,-0.92,Graduate
STU-00489,1,8,3,12,1,1,1,22,27,10,8,1,0,0,1,0,1,0,19,0,7,8,7,14.70625,0,0,8,8,8,14.4775,0,15.5,2.8,-4.06,Graduate
STU-01791,2,12,1,12,1,1,1,22,27,10,5,0,0,0,1,1,0,0,26,0,8,8,7,13.075714285714286,0,0,8,8,7,13.075714285714286,0,10.8,1.4,1.74,Graduate
STU-00271,1,15,1,4,1,14,1,22,28,5,9,0,0,0,1,0,1,0,21,0,6,9,6,12.666666666666666,0,0,6,8,5,12.8,0,13.9,-0.3,0.79,Graduate
STU-00196,1,12,1,17,0,15,1,13,1,4,5,1,0,0,1,0,0,0,27,0,5,0,0,0.0,0,0,5,0,0,0.0,0,8.9,1.4,3.51,Dropout
STU-03523,1,1,1,14,1,1,1,1,1,10,9,1,0,0,1,1,1,0,17,0,6,8,6,14.875,0,0,6,8,6,13.428571428571429,0,11.1,0.6,2.02,Graduate
STU-01686,1,1,5,5,1,1,1,3,3,3,3,1,0,0,1,1,0,0,22,0,6,6,6,14.666666666666666,0,0,6,6,6,15.0,0,9.4,-0.8,-3.12,Graduate
STU-04040,1,1,1,16,1,1,1,3,14,3,4,0,0,0,1,0,0,0,18,0,7,9,7,11.857142857142858,0,0,7,7,7,11.857142857142858,0,16.2,0.3,-0.92,Graduate
STU-01446,1,1,2,11,1,1,1,4,14,5,4,1,0,0,0,1,0,0,18,0,5,6,0,0.0,0,0,5,5,0,0.0,0,12.7,3.7,-1.7,Dropout
STU-02031,1,8,2,12,1,1,1,13,14,10,11,1,0,0,1,0,0,0,19,0,7,7,7,14.125714285714285,0,0,8,8,8,14.36875,0,11.1,0.6,2.02,Graduate
STU-01169,1,8,2,15,1,1,1,3,1,3,8,1,0,0,1,0,1,0,20,0,6,6,6,14.0,0,0,6,7,6,13.857142857142858,0,15.5,2.8,-4.06,Dropout
STU-04379,2,12,1,16,1,12,1,22,27,10,10,0,0,0,1,0,1,0,32,0,7,10,7,13.428571428571429,0,2,8,8,8,13.25,0,13.9,-0.3,0.79,Graduate
STU-03073,1,15,1,10,1,14,1,1,14,5,6,0,0,1,0,1,0,0,27,3,6,8,5,11.6,0,2,6,9,5,12.0,0,13.9,-0.3,0.79,Dropout
STU-02785,1,1,1,5,1,1,1,22,27,6,8,0,0,0,1,0,1,0,18,1,6,8,6,13.571428571428571,1,0,6,11,6,12.375,0,13.9,-0.3,0.79,Graduate
STU-02116,1,8,2,14,1,1,1,1,14,6,6,1,0,0,1,0,0,0,21,0,6,0,0,0.0,0,0,6,0,0,0.0,0,8.9,1.4,3.51,Dropout
STU-03363,1,1,4,9,1,1,1,1,1,10,8,1,0,0,1,0,1,0,18,0,5,7,5,12.0,0,0,5,10,5,11.4,0,8.9,1.4,3.51,Graduate
STU-00291,1,8,4,6,1,1,1,13,14,5,11,1,0,0,1,0,0,0,19,0,6,14,6,15.666666666666666,0,0,6,9,6,14.5,0,15.5,2.8,-4.06,Graduate
STU-00051,1,12,1,11,1,1,1,13,28,10,8,0,0,0,1,0,1,0,24,0,6,6,6,13.666666666666666,0,0,6,6,6,14.166666666666666,0,12.4,0.5,1.79,Graduate
STU-02858,1,1,1,2,1,1,1,1,1,5,4,1,0,0,1,0,1,0,18,0,0,0,0,0.0,0,0,0,0,0,0.0,0,13.9,-0.3,0.79,Dropout
STU-04061,1,3,1,8,1,1,1,5,33,3,3,1,0,0,1,0,0,0,18,0,6,6,6,15.0,0,0,6,6,6,14.833333333333334,0,8.9,1.4,3.51,Graduate
STU-02890,1,8,4,14,1,1,1,23,14,10,7,1,0,0,1,0,1,0,18,0,6,6,6,14.0,0,0,6,9,5,13.8,0,8.9,1.4,3.51,Graduate
STU-01161,1,12,1,17,0,12,1,22,27,10,10,0,0,0,1,0,0,0,41,0,5,8,5,11.0,0,0,5,6,5,11.8,1,7.6,2.6,0.32,Graduate
STU-03533,1,1,1,9,1,1,1,1,28,5,8,1,0,0,1,1,0,0,18,0,5,5,5,13.4,0,0,5,5,5,15.0,0,8.9,1.4,3.51,Graduate
STU-02791,1,8,1,9,1,1,1,13,27,6,8,1,0,0,0,1,0,0,19,0,5,7,2,12.5,0,0,5,13,1,11.0,0,9.4,-0.8,-3.12,Dropout
STU-01913,1,1,2,13,1,1,1,23,1,10,4,1,0,0,1,0,0,0,18,0,7,8,7,13.428571428571429,0,0,8,8,8,15.3125,0,16.2,0.3,-0.92,Graduate
STU-01931,1,1,4,12,1,1,1,13,1,2,2,1,0,0,1,0,0,0,18,0,7,10,7,13.03,0,0,8,8,8,13.21875,0,15.5,2.8,-4.06,Graduate
STU-00438,1,1,1,14,1,1,1,13,27,5,6,0,0,0,1,0,1,0,18,0,6,6,6,14.5,0,0,6,8,6,13.666666666666666,0,12.7,3.7,-1.7,Graduate
STU-04131,1,1,5,12,1,1,1,22,27,10,6,1,0,0,1,0,1,0,19,0,7,10,7,14.368,0,0,8,8,8,14.44875,0,15.5,2.8,-4.06,Graduate
STU-03452,1,12,1,12,1,1,1,13,14,6,7,0,0,1,1,0,0,0,28,0,7,12,4,13.375,0,0,7,7,5,13.5,0,13.9,-0.3,0.79,Enrolled
STU-00725,1,4,3,8,1,3,1,22,18,12,11,0,0,0,0,1,0,0,41,0,5,9,0,0.0,4,0,5,9,0,0.0,3,10.8,1.4,1.74,Dropout
STU-01326,1,1,2,12,1,1,1,22,27,10,10,1,0,0,1,0,0,0,18,0,7,7,6,14.333333333333334,0,0,7,7,6,14.333333333333334,0,7.6,2.6,0.32,Graduate
STU-03863,1,1,1,15,1,1,1,13,28,10,10,0,0,0,1,1,1,0,18,0,6,6,5,12.0,0,0,6,6,6,12.833333333333334,0,12.7,3.7,-1.7,Graduate
STU-02498,2,1,2,3,0,1,1,22,1,10,11,1,0,0,1,0,0,0,43,0,6,6,6,13.0,0,0,6,6,6,12.5,0,9.4,-0.8,-3.12,Graduate
STU-04289,1,15,1,4,1,14,1,1,3,10,3,1,0,1,0,1,0,0,23,0,6,12,2,11.333333333333334,0,0,6,8,2,13.0,0,13.9,-0.3,0.79,Dropout
STU-03501,1,1,1,9,1,1,1,1,14,10,10,1,0,0,1,1,1,0,19,0,5,8,5,12.6,0,0,5,9,5,13.6,0,8.9,1.4,3.51,Dropout
STU-01486,1,9,2,10,1,1,1,13,1,5,4,1,0,0,1,0,1,0,19,0,6,8,4,10.75,0,0,6,11,5,11.5,0,15.5,2.8,-4.06,Graduate
STU-02553,1,1,1,3,0,1,1,23,27,6,6,0,0,0,1,0,0,0,19,0,6,6,6,12.5,0,0,6,6,6,11.5,0,12.7,3.7,-1.7,Graduate
STU-03684,1,9,1,2,1,1,1,13,2,6,6,1,0,1,1,1,1,0,20,0,0,0,0,0.0,0,0,0,0,0,0.0,0,12.4,0.5,1.79,Graduate
STU-01765,1,17,1,9,1,16,1,1,1,7,7,0,0,0,1,1,1,0,21,6,11,11,11,12.636363636363637,0,3,9,11,9,12.6,0,8.9,1.4,3.51,Graduate
STU-04362,1,8,1,12,1,1,1,3,3,3,4,0,0,0,1,0,0,0,19,0,8,8,8,13.3475,0,0,8,8,8,13.3475,0,9.4,-0.8,-3.12,Graduate
STU-03860,1,14,1,17,0,1,1,22,14,4,11,0,0,0,1,1,1,0,42,0,5,14,1,10.0,0,0,5,14,1,11.0,0,13.9,-0.3,0.79,Dropout
STU-02470,2,12,2,9,1,1,1,22,27,10,10,1,0,0,1,1,0,0,36,0,4,4,0,0.0,0,0,5,9,0,0.0,0,10.8,1.4,1.74,Dropout
STU-03845,1,1,1,8,1,1,1,6,9,5,6,0,0,0,1,1,0,0,21,0,5,8,3,14.0,0,0,5,5,5,12.8,0,7.6,2.6,0.32,Graduate
STU-01235,1,8,6,12,1,1,1,1,27,2,2,1,0,0,1,0,0,0,19,0,8,8,7,13.925714285714283,0,0,8,8,7,13.925714285714283,0,10.8,1.4,1.74,Graduate
STU-01953,1,1,1,2,1,1,1,13,27,8,8,1,0,0,0,0,0,0,19,0,0,0,0,0.0,0,0,0,0,0,0.0,0,10.8,1.4,1.74,Dropout
STU-01785,1,4,2,12,1,3,1,22,28,10,10,0,0,0,1,1,0,0,28,0,7,7,7,14.114285714285714,0,0,8,9,8,15.91111111111111,0,16.2,0.3,-0.92,Dropout
STU-04203,1,8,1,2,1,1,1,1,1,8,4,1,0,0,1,0,0,0,20,0,0,0,0,0.0,0,0,0,0,0,0.0,0,15.5,2.8,-4.06,Enrolled
STU-04291,1,1,1,2,1,1,1,1,10,5,5,1,0,0,1,1,1,0,20,8,14,15,12,10.923076923076923,0,7,13,14,11,12.181818181818182,0,11.1,0.6,2.02,Graduate
STU-01846,1,1,1,8,1,1,1,3,14,3,5,1,0,0,1,1,0,0,19,0,6,8,4,11.6,0,0,6,14,2,13.0,0,11.1,0.6,2.02,Dropout
STU-01270,1,12,1,14,1,1,1,22,27,7,7,0,0,0,1,0,0,0,28,0,6,8,1,10.0,0,0,6,9,0,0.0,0,10.8,1.4,1.74,Dropout
STU-01941,1,1,2,11,1,1,1,1,1,10,5,1,0,0,1,0,1,0,18,0,6,9,6,13.571428571428571,0,0,6,6,6,12.166666666666666,0,8.9,1.4,3.51,Graduate
STU-02175,1,14,1,10,1,1,1,1,28,5,4,0,0,0,1,0,1,0,20,8,11,12,11,12.0,0,6,11,14,11,12.75,0,13.9,-0.3,0.79,Graduate
STU-02324,1,12,1,12,1,1,1,1,27,10,10,1,0,0,1,1,0,0,27,0,7,7,7,14.085714285714284,0,0,7,7,7,14.085714285714284,0,7.6,2.6,0.32,Enrolled
STU-03503,1,6,1,14,1,1,1,22,10,10,10,1,0,0,0,1,0,0,19,0,6,6,6,13.0,0,0,6,8,6,13.0,0,13.9,-0.3,0.79,Graduate
STU-03439,1,12,2,13,1,12,1,22,27,4,8,0,0,0,1,0,0,0,24,0,7,10,6,11.416666666666666,0,0,8,9,8,11.9625,0,13.9,-0.3,0.79,Graduate
STU-02764,1,14,1,3,0,3,1,7,7,12,12,0,0,0,1,0,0,0,26,8,11,16,10,11.8,0,3,7,7,7,13.285714285714286,0,7.6,2.6,0.32,Graduate
STU-00241,1,1,3,12,1,1,1,3,1,5,5,1,0,0,1,0,0,0,19,0,7,10,6,12.471428571428572,0,0,7,8,7,11.4625,0,12.4,0.5,1.79,Enrolled
STU-00799,1,1,1,8,1,1,1,1,27,10,10,1,0,0,1,0,1,0,19,0,6,8,6,13.333333333333334,0,0,6,7,6,13.666666666666666,0,8.9,1.4,3.51,Graduate
STU-01651,1,1,1,12,1,1,1,3,1,10,10,0,0,0,1,0,0,0,19,0,8,8,7,14.514285714285714,0,0,8,8,7,14.514285714285714,0,12.7,3.7,-1.7,Enrolled
STU-00617,1,8,2,10,1,3,1,22,27,8,9,1,0,0,1,0,1,0,20,0,6,6,6,12.333333333333334,0,0,6,6,6,10.666666666666666,0,9.4,-0.8,-3.12,Graduate
STU-03691,1,8,6,9,1,1,1,13,1,10,5,1,0,0,1,1,0,0,19,0,5,8,5,11.6,1,0,5,10,4,10.75,0,9.4,-0.8,-3.12,Graduate
STU-03404,1,8,5,12,1,1,1,13,14,10,8,1,0,0,1,0,1,0,18,0,7,8,7,13.56875,0,0,8,8,8,14.02625,0,15.5,2.8,-4.06,Graduate
STU-02755,1,4,1,17,0,15,1,23,28,10,8,0,0,0,1,1,0,0,38,10,10,10,10,13.6,0,5,10,10,5,13.6,0,8.9,1.4,3.51,Dropout
STU-04088,1,12,1,12,1,1,1,23,27,6,8,1,0,0,1,0,1,0,25,0,8,11,7,13.29,3,0,8,11,7,13.29,3,9.4,-0.8,-3.12,Enrolled
STU-02610,2,14,1,17,0,1,1,22,27,10,10,0,0,0,1,0,0,0,34,3,8,9,3,11.0,0,2,7,7,2,10.0,0,9.4,-0.8,-3.12,Dropout
STU-00589,1,1,3,11,1,1,1,22,27,10,4,1,0,0,1,0,0,0,19,0,6,12,6,11.666666666666666,0,0,6,14,3,12.0,0,7.6,2.6,0.32,Graduate
STU-04047,1,1,1,11,1,1,1,13,1,10,9,1,0,0,1,0,1,0,18,0,6,7,6,12.857142857142858,0,0,6,10,4,13.0,0,12.7,3.7,-1.7,Graduate
STU-02344,1,8,2,17,0,1,1,22,14,10,5,0,0,0,1,1,0,0,23,0,5,6,4,13.0,0,0,5,5,5,13.0,0,7.6,2.6,0.32,Graduate
STU-04228,1,1,6,10,1,1,1,23,1,8,5,1,0,0,1,0,1,0,19,0,6,6,6,13.5,0,0,6,7,6,13.285714285714286,0,11.1,0.6,2.02,Graduate
STU-02846,1,15,1,4,1,14,1,23,28,10,7,1,0,0,1,0,0,0,20,0,6,7,6,13.571428571428571,0,0,6,9,6,12.714285714285714,0,12.4,0.5,1.79,Graduate
STU-03556,1,15,1,6,1,14,1,23,28,5,2,1,0,0,1,1,0,0,20,1,6,11,6,13.8,0,1,6,7,6,13.142857142857142,0,16.2,0.3,-0.92,Graduate
STU-00560,1,13,1,12,1,1,1,1,3,10,11,1,0,0,1,1,0,0,23,0,8,8,8,12.5075,0,0,8,8,8,12.5075,0,9.4,-0.8,-3.12,Graduate
STU-00045,1,12,1,17,0,1,1,22,27,10,10,0,0,0,1,0,0,0,29,0,5,0,0,0.0,0,0,5,0,0,0.0,0,16.2,0.3,-0.92,Dropout
STU-03096,1,1,4,10,1,1,1,13,28,10,10,0,0,0,1,0,1,0,18,0,6,7,6,12.285714285714286,0,0,6,8,6,11.428571428571429,0,12.4,0.5,1.79,Graduate
STU-00137,1,8,1,14,1,1,1,13,14,6,6,1,0,0,1,0,0,0,20,0,5,7,4,12.2,0,0,5,5,4,11.5,0,7.6,2.6,0.32,Graduate
STU-01081,1,1,1,5,1,1,1,1,14,5,1,0,1,0,1,0,1,0,20,0,6,6,6,13.166666666666666,0,0,6,6,6,12.666666666666666,0,11.1,0.6,2.02,Graduate
STU-04002,1,13,1,7,1,1,1,3,3,4,3,1,0,0,1,1,0,0,22,0,5,0,0,0.0,0,0,5,0,0,0.0,0,10.8,1.4,1.74,Dropout
STU-04276,1,8,1,7,1,1,1,22,1,10,3,1,0,0,1,1,0,0,18,0,5,10,4,13.0,0,0,5,10,3,12.333333333333334,3,7.6,2.6,0.32,Enrolled
STU-00670,1,13,1,12,1,1,1,13,27,6,8,1,0,0,1,0,0,0,28,12,17,21,17,13.394736842105264,0,11,17,19,17,13.554736842105264,0,16.2,0.3,-0.92,Graduate
STU-01405,1,15,1,9,1,14,9,2,27,3,9,0,0,1,0,1,0,1,25,0,5,6,0,0.0,0,0,5,5,0,0.0,0,15.5,2.8,-4.06,Dropout
STU-02184,1,13,1,16,1,1,1,22,14,10,4,0,0,0,1,0,0,0,20,6,14,22,12,12.153846153846152,0,5,12,18,10,12.9,0,10.8,1.4,1.74,Dropout
STU-00868,1,12,1,7,1,12,1,22,28,4,8,0,0,0,1,1,1,0,29,0,5,6,0,0.0,0,0,5,7,0,0.0,0,12.4,0.5,1.79,Dropout
STU-04396,1,8,3,15,1,1,1,19,24,13,13,1,0,1,1,0,1,0,19,0,6,8,6,12.166666666666666,0,0,6,8,5,12.4,0,9.4,-0.8,-3.12,Dropout
STU-00059,1,8,1,12,1,1,1,23,28,8,11,1,0,0,1,0,0,0,18,0,8,8,8,14.935,0,0,8,8,8,14.935,0,9.4,-0.8,-3.12,Graduate
STU-02938,1,14,5,16,1,1,1,19,24,1,1,1,0,0,0,0,0,0,28,0,6,9,4,12.75,1,0,5,5,0,0.0,5,9.4,-0.8,-3.12,Dropout
STU-03468,1,8,1,16,1,1,1,13,14,4,5,0,0,0,1,0,0,0,29,2,8,10,7,11.142857142857142,0,2,8,11,8,11.375,0,12.7,3.7,-1.7,Graduate
STU-03663,1,1,1,6,1,1,1,23,28,10,11,1,0,0,1,0,0,0,18,0,5,7,3,12.333333333333334,0,0,5,9,5,12.6,0,10.8,1.4,1.74,Graduate
STU-02240,1,12,1,6,1,9,1,23,14,10,9,1,0,1,0,1,0,0,25,0,6,6,0,0.0,0,0,6,6,0,0.0,0,8.9,1.4,3.51,Enrolled
STU-01793,1,12,1,17,0,1,1,3,5,3,3,0,0,1,1,1,0,0,29,1,5,9,3,11.0,0,0,5,11,2,13.5,0,12.7,3.7,-1.7,Dropout
STU-03447,1,7,1,6,1,1,1,3,3,3,2,1,0,0,1,0,0,0,19,0,6,7,6,15.714285714285714,0,0,6,6,6,14.666666666666666,0,13.9,-0.3,0.79,Dropout
STU-02803,1,1,1,15,1,1,1,13,27,5,8,0,0,0,1,0,1,0,19,0,6,7,6,14.714285714285714,0,0,6,6,6,15.166666666666666,0,13.9,-0.3,0.79,Graduate
STU-00028,1,1,1,6,1,1,1,13,14,4,4,1,0,0,1,0,0,0,18,0,5,9,5,12.666666666666666,2,0,5,7,4,13.0,0,9.4,-0.8,-3.12,Enrolled
STU-00320,1,8,1,12,1,1,1,23,28,8,8,0,0,0,1,0,0,0,20,0,7,11,6,11.757142857142856,0,0,8,12,6,13.083333333333334,0,15.5,2.8,-4.06,Enrolled
STU-03566,2,12,1,17,0,1,1,1,3,2,3,0,0,0,0,1,1,0,26,0,5,12,3,10.666666666666666,0,0,5,11,3,10.666666666666666,0,9.4,-0.8,-3.12,Dropout
STU-03475,1,1,5,7,1,1,1,23,14,6,4,0,0,0,1,0,0,0,18,0,5,11,0,0.0,0,0,5,8,0,0.0,0,9.4,-0.8,-3.12,Dropout
STU-00208,1,1,4,15,1,1,1,3,14,2,5,1,0,0,1,0,1,0,18,0,6,6,6,13.833333333333334,0,0,6,6,6,14.166666666666666,0,16.2,0.3,-0.92,Graduate
STU-00565,1,1,6,5,1,6,1,1,1,10,10,1,0,0,1,1,0,0,22,0,6,6,6,14.166666666666666,0,0,6,8,6,13.625,0,10.8,1.4,1.74,Graduate
STU-00775,1,1,1,6,1,1,1,3,1,3,9,1,0,0,1,0,0,0,19,0,6,13,4,11.8,0,0,6,18,4,12.2,0,12.4,0.5,1.79,Enrolled
STU-04325,1,1,1,12,1,1,1,13,14,8,10,0,0,0,1,0,1,0,19,0,8,8,7,14.4,0,0,8,8,7,14.4,0,12.7,3.7,-1.7,Graduate
STU-00827,1,8,1,16,1,1,1,1,1,6,8,1,0,0,1,0,0,0,18,0,7,8,7,11.571428571428571,0,0,7,9,6,13.166666666666666,0,11.1,0.6,2.02,Dropout
STU-01949,1,1,1,15,1,1,1,23,28,10,10,1,0,0,1,0,1,0,18,0,6,6,6,13.333333333333334,0,0,6,6,6,13.333333333333334,0,9.4,-0.8,-3.12,Graduate
STU-01218,1,15,1,3,0,14,1,13,27,8,7,1,0,0,1,0,0,0,22,3,6,6,6,12.5,0,2,6,7,6,13.285714285714286,0,12.4,0.5,1.79,Graduate
STU-00001,1,8,5,2,1,1,1,13,10,6,10,1,0,0,1,1,0,0,20,0,0,0,0,0.0,0,0,0,0,0,0.0,0,10.8,1.4,1.74,Dropout
STU-04344,1,8,2,12,1,1,1,1,1,6,11,1,0,0,1,0,0,0,18,0,7,9,5,14.06,0,0,7,9,6,12.571428571428571,0,12.4,0.5,1.79,Enrolled
STU-00448,1,1,2,12,1,1,1,1,14,8,8,1,0,0,1,0,0,0,18,0,7,8,7,12.92875,0,0,8,8,8,14.0625,0,15.5,2.8,-4.06,Dropout
STU-02831,1,8,5,9,1,1,1,13,28,4,11,1,0,0,1,0,0,0,19,0,5,8,5,12.6,0,0,5,9,4,11.6,0,8.9,1.4,3.51,Graduate
STU-02671,1,8,5,7,1,1,1,13,14,6,6,1,0,1,1,1,0,0,18,0,5,9,4,12.5,0,0,5,11,5,11.285714285714286,0,12.4,0.5,1.79,Enrolled
STU-04230,2,12,1,6,1,1,1,21,26,13,6,0,0,0,0,0,1,0,28,0,5,14,1,12.0,3,0,5,5,0,0.0,5,9.4,-0.8,-3.12,Dropout
STU-01037,1,8,1,10,1,1,1,1,28,10,8,0,0,0,1,0,0,0,18,0,6,0,0,0.0,0,0,6,0,0,0.0,0,11.1,0.6,2.02,Dropout
STU-01760,1,1,4,12,1,1,1,1,1,5,8,1,0,0,1,0,1,0,18,0,7,7,7,13.117142857142856,0,0,8,9,7,12.6,0,11.1,0.6,2.02,Graduate
STU-01050,1,1,1,12,1,1,1,23,28,6,6,0,0,0,1,0,0,0,18,0,7,7,7,15.014285714285714,0,0,8,8,8,16.0875,0,12.4,0.5,1.79,Graduate
STU-02548,1,1,5,12,1,1,1,13,27,8,8,1,0,0,1,0,0,0,19,0,8,9,8,13.2325,1,0,8,9,8,13.2325,1,9.4,-0.8,-3.12,Graduate
STU-04235,1,1,2,9,1,1,1,23,28,10,6,1,0,0,1,1,0,0,20,0,5,12,3,10.5,0,0,5,10,4,11.25,0,12.4,0.5,1.79,Enrolled
STU-01923,1,1,1,16,1,1,1,13,1,10,2,0,0,0,1,0,0,0,18,0,6,8,5,12.8,0,0,6,14,3,10.0,0,9.4,-0.8,-3.12,Enrolled
STU-02347,1,14,1,14,1,1,1,3,14,5,9,0,0,0,1,1,0,0,19,0,6,17,4,12.5,0,0,6,8,4,13.25,0,13.9,-0.3,0.79,Enrolled
STU-01152,1,8,1,2,1,1,1,22,27,10,2,1,0,0,1,0,0,0,19,0,0,0,0,0.0,0,0,0,0,0,0.0,0,15.5,2.8,-4.06,Dropout
STU-00677,1,8,4,5,1,1,1,1,14,6,8,1,0,0,1,0,0,0,18,0,6,6,6,14.0,0,0,6,6,6,15.0,0,11.1,0.6,2.02,Graduate
STU-04169,1,1,2,15,1,1,1,19,28,1,6,1,0,0,1,0,0,0,20,0,6,10,4,10.5,0,0,6,8,4,11.75,0,7.6,2.6,0.32,Graduate
STU-03308,1,4,1,3,0,3,1,13,27,6,4,0,0,0,1,0,0,0,32,7,11,13,11,13.454545454545457,0,5,11,13,7,12.428571428571429,0,12.7,3.7,-1.7,Graduate
STU-00997,1,1,3,12,1,1,1,3,1,19,26,1,0,0,1,0,1,0,20,0,7,10,5,14.46,0,0,7,8,6,13.55,0,12.4,0.5,1.79,Enrolled
STU-00002,1,6,1,11,1,1,1,1,3,4,4,1,0,0,0,1,0,0,19,0,6,6,6,14.0,0,0,6,6,6,13.666666666666666,0,13.9,-0.3,0.79,Graduate
STU-03995,1,1,1,2,1,1,1,3,1,3,5,1,0,0,1,0,0,0,20,5,12,13,12,11.23076923076923,0,3,11,18,9,12.77777777777778,0,11.1,0.6,2.02,Graduate
STU-00113,1,1,1,6,1,1,1,13,14,10,10,1,0,0,1,0,0,0,19,0,5,6,5,13.4,0,0,5,5,5,12.8,0,10.8,1.4,1.74,Graduate
STU-03532,1,13,1,4,1,14,1,3,1,3,7,1,0,0,1,1,0,0,24,4,9,13,8,13.333333333333334,0,5,10,12,9,13.11111111111111,0,16.2,0.3,-0.92,Enrolled
STU-03672,1,8,1,6,1,1,6,22,27,10,10,1,0,0,1,0,0,1,19,0,6,13,6,16.0,0,0,6,8,6,14.5,0,15.5,2.8,-4.06,Graduate
STU-02220,1,1,1,5,1,1,1,22,1,10,9,1,0,0,1,1,0,0,22,0,6,9,6,14.666666666666666,0,0,6,12,6,14.666666666666666,0,12.7,3.7,-1.7,Graduate
STU-04242,1,1,3,12,1,1,1,22,27,10,10,1,0,1,0,0,0,0,19,0,8,8,7,13.327142857142857,0,0,8,8,7,13.327142857142857,0,10.8,1.4,1.74,Dropout
STU-03021,1,8,1,8,1,1,1,13,7,6,4,0,0,0,1,0,0,0,19,0,5,8,3,12.0,0,0,5,7,5,12.833333333333334,0,7.6,2.6,0.32,Graduate
STU-03880,2,12,1,17,0,1,1,22,27,10,10,0,0,0,1,0,0,0,35,0,5,5,5,11.6,0,0,5,6,5,11.166666666666666,0,15.5,2.8,-4.06,Graduate
STU-04283,1,9,2,9,1,1,1,22,27,6,10,1,0,0,1,1,0,0,20,0,5,7,4,10.75,0,0,5,12,3,10.571428571428571,0,10.8,1.4,1.74,Dropout
STU-01121,1,12,1,10,1,1,1,23,14,10,10,1,0,0,1,0,0,0,24,0,6,9,4,15.75,0,0,6,10,5,16.4,0,9.4,-0.8,-3.12,Enrolled
STU-01234,1,8,2,15,1,1,1,3,1,5,6,1,0,0,1,0,0,0,19,0,6,6,6,12.833333333333334,0,0,6,6,6,12.666666666666666,0,16.2,0.3,-0.92,Graduate
STU-00052,1,1,1,12,1,1,1,22,28,7,7,1,0,0,1,0,1,0,19,0,8,10,6,11.833333333333334,0,0,8,10,6,11.833333333333334,0,9.4,-0.8,-3.12,Enrolled
STU-03336,1,8,4,15,1,1,1,3,1,3,8,1,0,0,1,1,0,0,21,0,6,7,0,0.0,0,0,6,11,1,10.0,0,10.8,1.4,1.74,Enrolled
STU-00886,1,13,1,15,1,6,1,19,24,1,1,1,0,0,1,0,0,0,34,8,10,11,10,12.2,0,5,10,12,9,12.333333333333334,0,7.6,2.6,0.32,Graduate
STU-02087,1,4,1,3,0,3,1,1,1,5,5,0,0,0,1,0,0,0,30,0,6,0,0,0.0,0,0,6,0,0,0.0,0,10.8,1.4,1.74,Dropout
STU-00007,1,1,1,12,1,1,1,13,28,8,11,1,0,0,1,0,1,0,18,0,7,9,7,13.3,0,0,8,8,8,14.345,0,15.5,2.8,-4.06,Graduate
STU-03687,1,1,1,9,1,1,1,19,24,1,1,0,0,0,1,1,0,0,26,11,15,15,11,10.818181818181818,0,12,14,15,11,11.636363636363637,1,7.6,2.6,0.32,Dropout
STU-03157,1,14,1,4,1,1,1,1,28,5,8,1,0,0,1,0,0,0,21,9,14,23,9,12.0,2,6,12,21,8,11.25,0,15.5,2.8,-4.06,Graduate
STU-03559,1,1,4,5,1,1,1,4,14,3,11,1,0,0,1,1,0,0,19,0,6,7,6,12.666666666666666,0,0,6,8,6,12.142857142857142,0,9.4,-0.8,-3.12,Enrolled
STU-01033,1,1,1,15,1,1,1,22,27,9,9,0,0,0,1,0,0,0,18,0,6,7,6,13.428571428571429,0,0,6,7,6,14.142857142857142,0,13.9,-0.3,0.79,Graduate
STU-04290,1,1,1,10,1,1,1,13,1,8,4,1,0,0,1,1,0,0,18,0,6,10,5,11.6,0,0,6,6,6,11.166666666666666,0,10.8,1.4,1.74,Graduate
STU-01851,1,4,1,12,1,3,1,1,1,8,11,1,0,0,0,1,0,0,23,0,7,0,0,0.0,0,0,8,0,0,0.0,0,12.7,3.7,-1.7,Dropout
STU-00263,1,14,1,7,1,1,1,22,28,10,10,0,0,1,0,0,0,0,30,8,12,17,8,11.75,0,6,12,19,6,12.166666666666666,2,7.6,2.6,0.32,Dropout
STU-02349,1,12,1,14,1,1,1,13,14,4,4,0,1,0,1,1,1,0,30,0,6,0,0,0.0,0,0,6,0,0,0.0,0,12.4,0.5,1.79,Dropout
STU-03121,2,1,1,17,0,2,1,22,27,7,4,0,0,0,1,0,0,0,31,4,10,16,5,11.4,0,4,10,10,6,12.833333333333334,0,9.4,-0.8,-3.12,Dropout
STU-03418,1,1,1,11,1,1,1,23,14,4,4,0,0,0,1,0,0,0,21,0,6,16,2,11.0,0,0,6,12,0,0.0,0,12.7,3.7,-1.7,Dropout
STU-01921,1,15,1,6,1,14,1,1,1,4,8,1,0,0,1,0,0,0,20,2,6,11,5,14.2,0,0,6,12,2,13.5,0,13.9,-0.3,0.79,Enrolled
STU-00849,1,1,1,6,1,1,1,1,1,3,6,1,0,0,1,0,0,0,18,0,5,9,4,14.25,0,0,5,8,5,12.714285714285714,0,10.8,1.4,1.74,Enrolled
STU-02567,1,8,1,12,1,1,1,23,1,6,5,0,0,0,1,0,1,0,18,0,7,7,7,13.464285714285714,0,0,8,9,8,14.788888888888888,0,12.4,0.5,1.79,Graduate
STU-03887,1,1,1,11,1,1,1,13,14,8,9,1,0,0,1,0,1,0,20,0,6,6,6,14.5,0,0,6,7,5,15.0,0,12.4,0.5,1.79,Enrolled
STU-01190,1,1,1,14,1,1,1,1,14,5,5,0,0,0,1,0,1,0,18,0,6,8,6,14.0,0,0,6,7,6,13.142857142857142,0,11.1,0.6,2.02,Graduate
STU-04180,1,8,4,12,1,1,1,3,14,5,8,1,0,0,1,0,1,0,18,0,7,8,7,14.15,0,0,8,8,8,14.51125,0,15.5,2.8,-4.06,Graduate
STU-03744,1,16,1,6,1,15,1,3,3,5,3,0,0,0,1,0,0,0,28,0,6,8,6,14.428571428571429,0,0,6,12,4,15.6,0,11.1,0.6,2.02,Enrolled
STU-03256,1,8,6,14,1,1,1,1,12,5,6,1,0,0,1,0,0,0,18,0,5,7,4,11.4,0,0,5,5,4,11.25,0,9.4,-0.8,-3.12,Graduate
STU-02475,1,1,1,15,1,1,1,3,14,3,6,0,0,0,1,1,0,0,20,0,6,6,6,14.333333333333334,0,0,6,7,6,15.0,0,15.5,2.8,-4.06,Graduate
STU-03200,1,1,1,12,1,1,1,1,1,10,10,1,0,0,1,1,0,0,20,0,8,8,7,12.84142857142857,0,0,8,8,7,12.84142857142857,0,10.8,1.4,1.74,Graduate
STU-04351,1,15,1,6,1,14,1,3,1,5,4,1,0,0,1,0,1,0,20,2,6,11,6,11.833333333333334,0,1,6,17,5,11.857142857142858,0,12.4,0.5,1.79,Graduate
STU-01363,1,12,1,5,1,1,1,23,28,6,6,0,0,0,1,1,0,0,28,0,6,0,0,0.0,0,0,6,0,0,0.0,0,12.4,0.5,1.79,Dropout
STU-01590,1,8,2,3,0,1,1,1,14,5,13,1,0,0,1,1,0,0,22,0,6,7,6,12.666666666666666,0,0,6,6,6,12.166666666666666,0,7.6,2.6,0.32,Graduate
STU-02011,1,9,1,16,1,1,1,22,27,10,6,0,0,0,1,0,1,0,18,0,7,9,6,12.333333333333334,0,0,7,7,6,12.666666666666666,0,11.1,0.6,2.02,Graduate
STU-04217,1,1,6,15,1,1,1,1,27,4,4,1,0,1,0,0,0,0,20,0,4,4,0,0.0,0,0,5,5,0,0.0,0,12.4,0.5,1.79,Dropout
STU-04208,1,1,1,12,1,1,1,23,27,8,9,0,0,0,1,0,1,0,18,0,7,7,7,14.652857142857142,0,0,8,9,8,14.755555555555556,0,12.4,0.5,1.79,Graduate
STU-03170,1,1,3,12,1,1,1,1,27,9,8,1,0,0,1,1,1,0,18,0,7,12,7,11.716666666666663,0,0,8,13,4,10.868,0,15.5,2.8,-4.06,Graduate
STU-00350,1,1,2,3,0,1,1,3,1,4,10,0,0,0,1,0,0,0,20,0,6,10,5,12.0,0,0,6,9,4,11.25,0,9.4,-0.8,-3.12,Enrolled
STU-03366,1,1,1,10,1,1,1,19,27,6,6,0,0,0,0,0,0,0,21,0,6,12,2,11.5,0,0,6,13,1,13.0,0,9.4,-0.8,-3.12,Dropout
STU-03130,1,1,1,15,1,1,1,1,28,5,10,0,0,0,1,0,1,0,18,0,6,6,6,12.666666666666666,0,0,6,6,6,12.833333333333334,0,11.1,0.6,2.02,Graduate
STU-02683,1,4,1,17,0,3,1,22,27,7,8,0,0,1,0,1,0,0,46,0,5,5,0,0.0,0,0,5,5,1,10.0,0,11.1,0.6,2.02,Dropout
STU-03563,1,12,1,8,1,12,1,19,24,13,13,0,0,0,1,1,0,0,31,0,5,5,0,0.0,0,0,5,5,0,0.0,0,7.6,2.6,0.32,Dropout
STU-01344,1,1,1,16,1,1,1,22,27,10,8,1,0,0,1,0,1,0,18,0,6,8,5,13.0,0,0,6,9,5,13.5,0,9.4,-0.8,-3.12,Graduate
STU-03271,2,1,1,11,1,1,1,22,27,10,10,0,0,0,1,0,1,0,45,0,6,10,4,11.5,0,0,6,16,2,10.5,0,7.6,2.6,0.32,Dropout
STU-02202,1,12,1,12,1,1,1,23,3,10,2,0,0,0,1,1,0,0,24,0,7,11,7,11.294444444444444,0,0,8,22,2,12.6,0,15.5,2.8,-4.06,Graduate
STU-02788,1,1,3,14,1,1,1,22,27,8,8,1,0,0,1,1,0,0,19,0,5,7,3,11.333333333333334,0,0,5,7,4,11.0,0,9.4,-0.8,-3.12,Enrolled
STU-03255,1,6,1,6,1,1,14,3,3,5,3,0,0,0,1,0,0,1,18,0,6,13,6,13.0,0,0,6,15,6,12.25,0,11.1,0.6,2.02,Graduate
STU-04268,1,1,1,11,1,1,1,1,1,6,6,1,0,0,1,1,1,0,21,0,6,6,6,11.666666666666666,0,0,6,7,5,12.2,0,10.8,1.4,1.74,Graduate
STU-01292,1,1,1,12,1,1,1,23,28,10,10,0,0,0,1,1,0,0,19,0,8,8,7,14.285714285714286,0,0,8,8,7,14.285714285714286,0,12.7,3.7,-1.7,Graduate
STU-03712,1,15,1,2,1,14,1,13,28,10,10,1,0,1,1,1,1,0,21,0,0,0,0,0.0,0,0,0,0,0,0.0,0,15.5,2.8,-4.06,Dropout
STU-00104,4,12,1,4,1,9,1,22,27,10,7,0,0,0,1,0,0,0,43,13,18,19,18,14.63157894736842,0,10,13,14,13,14.23076923076923,1,15.5,2.8,-4.06,Graduate
STU-02222,1,1,2,12,1,1,1,1,3,6,11,1,0,0,1,1,0,0,19,0,7,9,7,11.975,0,0,8,9,7,13.12857142857143,0,13.9,-0.3,0.79,Graduate
STU-02185,1,8,2,10,1,1,1,2,1,4,5,1,0,0,1,0,0,0,19,0,6,14,1,11.5,0,0,6,12,2,10.5,0,7.6,2.6,0.32,Enrolled
STU-03990,1,14,1,10,1,1,1,23,14,10,5,0,0,1,1,0,0,0,28,15,16,16,13,12.076923076923077,0,13,13,13,11,12.090909090909092,0,16.2,0.3,-0.92,Graduate
STU-00727,1,16,1,14,1,1,1,10,5,4,4,0,0,0,1,1,0,0,19,2,6,7,6,14.428571428571429,0,1,7,8,7,14.375,0,11.1,0.6,2.02,Graduate
STU-03914,1,1,2,14,1,1,1,15,21,1,6,1,0,1,1,0,0,0,19,0,5,8,4,12.25,0,0,5,7,4,12.75,2,7.6,2.6,0.32,Graduate
STU-02166,1,15,1,10,1,14,1,1,1,10,4,1,0,0,1,0,0,0,20,3,6,6,6,12.833333333333334,0,2,6,6,6,13.833333333333334,0,12.4,0.5,1.79,Graduate
STU-03853,1,14,1,4,1,1,1,22,27,6,10,1,0,0,1,1,0,0,39,0,6,8,0,0.0,0,1,6,8,2,11.0,0,16.2,0.3,-0.92,Dropout
STU-00305,1,8,2,10,1,1,1,1,9,5,4,1,0,0,1,0,0,0,19,0,6,11,0,0.0,0,0,6,0,0,0.0,0,9.4,-0.8,-3.12,Dropout
STU-02995,1,8,1,15,1,1,1,1,28,10,9,1,0,0,1,0,0,0,18,0,6,7,6,12.571428571428571,0,0,6,8,6,11.857142857142858,0,13.9,-0.3,0.79,Graduate
STU-01841,1,5,1,15,1,1,9,23,27,1,6,1,0,0,1,0,0,1,18,0,6,12,0,0.0,1,0,6,0,0,0.0,0,9.4,-0.8,-3.12,Dropout
STU-00949,2,14,1,14,1,1,1,19,24,1,1,0,0,0,1,1,0,0,32,6,10,12,10,11.4,0,4,9,9,4,11.5,0,7.6,2.6,0.32,Graduate
STU-01305,1,1,2,15,1,1,1,1,14,8,8,1,0,0,1,0,1,0,19,0,6,7,6,14.714285714285714,0,0,6,6,6,15.0,0,13.9,-0.3,0.79,Graduate
STU-00931,1,1,5,9,1,1,1,22,28,8,8,1,0,0,1,0,0,0,18,0,5,9,1,11.0,0,0,5,9,2,12.5,0,7.6,2.6,0.32,Enrolled
STU-04099,1,8,2,13,1,1,1,22,27,6,6,1,0,0,1,0,0,0,32,0,7,7,0,0.0,0,0,8,8,0,0.0,0,16.2,0.3,-0.92,Dropout
STU-03682,5,12,1,9,1,1,1,13,14,10,10,0,0,0,1,1,0,0,26,0,5,9,5,12.0,0,0,5,5,5,10.2,0,11.1,0.6,2.02,Enrolled
STU-04126,1,14,1,12,1,1,1,23,14,6,6,1,0,0,1,0,1,0,24,0,8,8,7,11.971428571428572,0,0,8,8,7,11.971428571428572,0,12.7,3.7,-1.7,Enrolled
STU-02012,2,12,1,17,0,1,1,22,27,10,5,0,0,0,1,0,0,0,44,0,5,5,5,11.8,0,0,5,5,5,12.4,0,15.5,2.8,-4.06,Graduate
STU-00676,1,8,1,16,1,1,1,22,27,10,10,1,0,0,1,0,0,0,23,0,6,11,2,10.0,0,0,6,15,2,11.0,0,7.6,2.6,0.32,Dropout
STU-01588,1,8,2,7,1,1,1,1,2,4,4,1,0,0,1,1,0,0,21,0,5,10,5,11.166666666666666,0,0,5,10,3,10.8,0,12.4,0.5,1.79,Enrolled
STU-03827,1,12,1,11,1,12,1,22,27,10,5,0,0,0,1,1,0,0,27,0,6,11,3,11.333333333333334,0,0,6,10,3,14.75,0,16.2,0.3,-0.92,Dropout
STU-01388,1,1,3,9,1,1,1,22,27,10,6,1,0,0,1,1,0,0,19,0,5,8,5,13.25,0,0,5,6,5,11.833333333333334,0,13.9,-0.3,0.79,Graduate
STU-03455,1,8,1,9,1,1,1,22,27,10,10,0,0,0,0,0,0,0,22,0,5,9,2,10.0,1,0,5,11,1,10.0,0,9.4,-0.8,-3.12,Dropout
STU-03355,1,1,1,12,1,1,1,23,27,10,10,0,0,0,1,1,1,0,18,0,8,8,8,15.3,0,0,8,8,8,15.3,0,9.4,-0.8,-3.12,Graduate
STU-01926,1,8,1,10,1,1,1,1,1,5,11,0,0,0,1,0,0,0,19,4,8,8,8,13.875,0,1,6,8,5,14.0,0,11.1,0.6,2.02,Graduate
STU-00576,2,12,1,6,1,7,1,1,1,5,5,1,0,0,0,1,0,0,29,0,5,12,0,0.0,4,0,5,8,0,0.0,1,9.4,-0.8,-3.12,Dropout
STU-01202,2,12,1,3,0,12,1,22,27,5,9,0,0,0,1,0,0,0,32,0,6,8,5,13.8,0,0,6,7,6,12.166666666666666,0,9.4,-0.8,-3.12,Graduate
STU-01460,1,9,1,9,1,1,1,22,27,8,8,1,0,0,0,1,0,0,20,0,5,5,0,0.0,0,0,5,0,0,0.0,0,9.4,-0.8,-3.12,Dropout
STU-03667,2,13,1,5,1,1,1,22,17,1,5,0,0,0,1,1,0,0,47,8,10,14,8,14.625,0,5,7,7,5,13.4,0,9.4,-0.8,-3.12,Dropout
STU-02952,1,1,3,6,1,1,1,1,1,5,9,1,0,0,1,0,0,0,18,0,6,7,6,14.666666666666666,0,0,6,12,6,13.833333333333334,0,8.9,1.4,3.51,Graduate
STU-02929,1,1,1,2,1,1,1,22,27,10,4,1,0,0,1,0,0,0,20,0,0,0,0,0.0,0,0,0,0,0,0.0,0,9.4,-0.8,-3.12,Dropout
STU-03789,1,15,1,4,1,14,1,3,1,5,7,0,0,0,1,1,0,0,19,0,6,8,5,11.5,0,0,6,11,6,11.333333333333334,0,12.4,0.5,1.79,Enrolled
STU-01563,1,1,4,9,1,1,1,1,1,4,5,1,0,0,1,0,1,0,22,0,5,6,3,14.0,0,0,5,8,5,12.4,0,11.1,0.6,2.02,Graduate
STU-02857,1,1,1,15,1,1,1,1,3,4,4,1,0,0,1,0,0,0,19,0,6,6,6,15.0,0,0,6,6,6,13.333333333333334,0,11.1,0.6,2.02,Graduate
STU-02724,1,8,2,9,1,1,1,13,1,10,4,1,0,0,1,0,1,0,18,0,5,15,2,10.0,0,0,5,14,2,12.0,0,13.9,-0.3,0.79,Dropout
STU-03629,1,1,1,2,1,1,1,3,27,10,10,1,0,0,1,0,0,0,18,0,0,0,0,0.0,0,0,0,0,0,0.0,0,16.2,0.3,-0.92,Dropout
STU-01494,1,12,1,14,1,12,1,13,1,6,9,1,0,0,1,1,1,0,24,0,6,10,4,11.6,0,0,6,8,5,13.0,0,11.1,0.6,2.02,Graduate
STU-00398,1,15,1,6,1,14,1,23,27,5,7,1,0,0,1,0,1,0,22,3,6,11,6,13.142857142857142,0,2,6,10,3,12.0,0,13.9,-0.3,0.79,Graduate
STU-02350,4,12,1,11,1,1,1,22,14,10,10,1,0,0,1,1,0,0,44,0,6,6,6,12.666666666666666,0,0,6,6,6,11.5,0,12.4,0.5,1.79,Graduate
STU-03371,1,4,1,9,1,3,1,22,27,10,10,0,0,0,1,0,0,0,25,0,5,0,0,0.0,0,0,5,0,0,0.0,0,12.7,3.7,-1.7,Dropout
STU-03889,1,8,1,6,1,1,1,23,28,6,4,0,0,0,1,0,0,0,19,0,5,7,5,13.0,1,0,5,7,5,13.333333333333334,0,7.6,2.6,0.32,Graduate
STU-02010,1,1,6,15,1,1,1,1,1,12,12,0,0,0,1,0,0,0,22,0,6,0,0,0.0,0,0,6,0,0,0.0,0,7.6,2.6,0.32,Dropout
STU-01999,1,12,1,3,0,1,1,22,28,5,8,1,0,0,1,0,0,0,24,0,6,10,1,10.0,0,0,6,12,0,0.0,0,9.4,-0.8,-3.12,Dropout
STU-01560,1,1,3,12,1,1,1,3,14,3,11,1,0,0,1,1,0,0,18,0,8,8,8,13.24875,0,0,8,8,8,13.24875,0,9.4,-0.8,-3.12,Graduate
STU-03006,1,1,4,12,1,1,1,13,28,8,8,1,0,0,1,0,1,0,18,0,7,7,7,14.572857142857142,0,0,8,9,8,14.955555555555556,0,12.4,0.5,1.79,Graduate
STU-01804,1,14,2,14,1,1,1,13,1,5,5,1,0,0,1,1,0,0,22,4,6,6,6,11.833333333333334,0,0,6,11,4,11.142857142857142,0,10.8,1.4,1.74,Dropout
STU-02216,1,1,2,15,1,1,1,3,1,3,5,0,0,0,1,1,0,0,19,0,6,9,5,12.6,0,6,10,16,8,11.0,1,8.9,1.4,3.51,Enrolled
STU-01667,1,8,1,10,1,1,1,1,1,6,7,0,0,0,1,0,1,0,20,0,6,9,6,11.333333333333334,0,0,6,6,6,12.333333333333334,0,10.8,1.4,1.74,Graduate
STU-01020,1,8,3,15,1,1,1,1,1,5,10,1,0,1,1,0,1,0,19,0,6,6,6,11.833333333333334,0,0,6,7,6,12.285714285714286,0,15.5,2.8,-4.06,Graduate
STU-04050,1,17,1,13,1,16,1,1,14,5,6,0,0,0,1,0,1,0,22,1,7,10,6,13.314285714285717,0,2,8,10,7,12.875,0,8.9,1.4,3.51,Graduate
STU-02960,5,12,1,11,1,1,1,2,2,3,3,0,0,0,1,0,0,0,62,0,6,7,6,15.0,0,0,6,10,6,12.833333333333334,0,10.8,1.4,1.74,Graduate
STU-03069,1,12,1,13,1,1,1,22,27,10,9,1,0,0,1,0,1,0,36,0,7,11,6,12.35,0,0,7,12,5,12.5,0,8.9,1.4,3.51,Graduate
STU-01129,1,1,1,9,1,1,1,22,27,10,7,0,0,0,1,0,1,0,18,0,5,5,5,14.0,0,0,5,6,5,13.6,0,12.4,0.5,1.79,Graduate
STU-01367,1,16,1,7,1,1,1,1,14,4,6,1,0,0,1,1,0,0,20,4,9,12,9,13.454545454545457,0,2,7,9,6,13.875,0,11.1,0.6,2.02,Dropout
STU-01318,1,1,5,15,1,1,1,19,28,1,9,1,0,0,0,0,1,0,18,0,6,12,3,12.0,0,0,6,15,3,10.666666666666666,0,7.6,2.6,0.32,Dropout
STU-02302,1,8,1,5,1,1,1,13,14,8,8,0,0,0,1,1,0,0,18,0,6,7,6,12.333333333333334,0,0,6,10,5,10.8,4,16.2,0.3,-0.92,Enrolled
STU-01565,1,8,4,6,1,1,1,22,1,4,10,0,0,0,1,0,0,0,20,0,6,9,6,13.166666666666666,0,0,6,8,4,14.0,0,13.9,-0.3,0.79,Enrolled
STU-00871,1,1,1,11,1,1,1,1,1,29,44,0,0,0,1,1,0,0,20,0,6,8,6,13.142857142857142,0,0,6,7,6,12.5,0,8.9,1.4,3.51,Graduate
STU-03092,1,8,1,16,1,1,1,23,28,10,8,1,0,0,1,0,1,0,20,0,6,10,5,13.2,0,0,6,12,5,12.833333333333334,0,9.4,-0.8,-3.12,Enrolled
STU-04402,1,4,1,6,1,3,1,13,27,12,12,0,0,0,1,1,0,0,24,3,5,10,3,14.666666666666666,1,0,5,5,0,0.0,0,7.6,2.6,0.32,Dropout
STU-03421,1,1,1,12,1,1,1,1,1,10,5,0,0,0,1,0,1,0,21,0,8,8,8,13.2575,0,0,8,8,8,13.2575,0,9.4,-0.8,-3.12,Graduate
STU-02562,1,1,3,12,1,1,1,13,27,8,8,1,0,0,1,0,0,0,18,0,8,8,8,13.07375,0,0,8,8,8,13.07375,0,9.4,-0.8,-3.12,Graduate
STU-00583,1,8,1,14,1,1,1,1,14,9,8,1,0,0,1,0,0,0,19,0,6,6,6,14.833333333333334,0,0,6,8,6,13.285714285714286,0,8.9,1.4,3.51,Enrolled
STU-01106,1,1,4,2,1,1,1,22,28,10,10,1,0,0,1,0,0,0,19,0,0,0,0,0.0,0,0,0,0,0,0.0,0,10.8,1.4,1.74,Dropout
STU-00105,1,9,1,16,1,1,1,13,14,10,8,1,0,0,1,0,0,0,19,0,6,0,0,0.0,0,0,6,0,0,0.0,0,11.1,0.6,2.02,Dropout
STU-02596,1,8,1,5,1,1,1,13,27,6,10,0,0,0,1,0,1,0,18,0,6,6,6,12.666666666666666,0,0,6,6,6,12.166666666666666,0,16.2,0.3,-0.92,Graduate
STU-01575,5,4,1,17,0,2,1,22,27,7,7,0,0,0,1,0,0,0,46,6,8,12,8,12.375,0,4,9,11,5,12.4,0,8.9,1.4,3.51,Graduate
STU-04407,1,1,1,5,1,1,1,1,28,6,8,1,0,0,1,1,0,0,20,0,6,6,4,12.0,0,0,6,8,2,11.333333333333334,0,10.8,1.4,1.74,Enrolled
STU-00116,1,14,1,12,1,1,1,23,28,10,6,0,0,0,1,0,0,0,20,0,7,11,6,11.616666666666667,0,0,7,7,7,13.0,0,13.9,-0.3,0.79,Enrolled
STU-00933,2,4,1,14,1,3,1,22,27,8,8,0,0,0,1,0,0,0,32,4,11,15,8,13.6,0,2,8,10,8,15.11111111111111,0,13.9,-0.3,0.79,Graduate
STU-00462,1,16,1,5,1,1,1,13,14,6,8,0,0,0,1,0,1,0,20,5,11,11,11,13.818181818181818,0,5,11,11,11,13.454545454545457,0,11.1,0.6,2.02,Graduate
STU-04041,1,1,1,6,1,1,1,3,1,3,5,0,0,0,1,0,0,0,18,0,5,12,5,14.5,2,0,5,5,5,13.6,0,9.4,-0.8,-3.12,Graduate
STU-00133,1,1,4,9,1,1,1,1,14,5,9,1,0,0,1,0,0,0,19,0,5,7,5,12.4,0,0,5,5,5,14.6,0,8.9,1.4,3.51,Graduate
STU-01715,1,8,4,10,1,1,1,13,27,10,10,1,0,0,1,0,1,0,18,0,6,8,6,12.75,0,0,6,10,6,12.166666666666666,0,12.7,3.7,-1.7,Graduate
STU-00240,1,12,1,6,1,12,1,13,14,10,8,0,0,1,0,0,0,0,24,2,6,11,3,11.75,0,1,6,14,3,10.333333333333334,0,16.2,0.3,-0.92,Dropout
STU-01554,1,1,2,6,1,1,1,1,28,6,6,1,0,0,1,0,0,0,18,0,5,10,5,14.333333333333334,2,0,5,8,5,13.0,1,9.4,-0.8,-3.12,Graduate
STU-00164,1,8,5,16,1,1,1,10,10,5,5,1,0,0,1,0,0,0,21,0,6,13,4,11.5,0,0,6,10,3,11.0,0,10.8,1.4,1.74,Dropout
STU-01070,1,1,2,14,1,1,1,13,14,10,10,1,0,0,1,0,0,0,18,0,6,9,4,13.2,0,0,6,10,5,12.8,0,12.4,0.5,1.79,Graduate
STU-02998,1,8,1,9,1,1,1,3,3,3,3,0,0,0,1,0,0,0,20,0,5,10,4,11.0,0,0,5,7,4,11.5,0,15.5,2.8,-4.06,Enrolled
STU-00017,1,9,1,10,1,1,1,13,28,6,9,1,0,0,1,0,0,0,18,0,6,10,1,12.0,0,0,6,14,2,11.0,0,10.8,1.4,1.74,Enrolled
STU-01461,1,12,1,14,1,1,1,23,27,8,8,0,0,0,1,1,0,0,24,0,6,15,4,10.5,0,0,6,16,4,12.5,0,15.5,2.8,-4.06,Dropout
STU-01652,1,1,3,12,1,1,1,1,1,5,8,1,0,0,1,0,0,0,18,0,8,8,7,14.7,0,0,8,8,7,14.7,0,10.8,1.4,1.74,Graduate
STU-01395,1,8,5,15,1,1,1,23,28,29,39,1,0,1,1,0,0,0,19,0,6,6,5,11.6,0,0,6,6,6,12.5,0,8.9,1.4,3.51,Graduate
STU-00229,1,12,2,14,1,1,1,19,24,1,1,1,0,0,1,0,0,0,28,0,5,5,0,0.0,0,0,5,5,0,0.0,0,7.6,2.6,0.32,Dropout
STU-03702,1,1,1,9,1,1,1,19,24,13,13,0,0,1,1,1,1,0,21,0,5,5,5,12.6,0,0,5,9,3,12.833333333333334,0,10.8,1.4,1.74,Enrolled
STU-01691,1,4,1,7,1,1,1,19,24,1,1,0,0,0,1,1,0,0,24,0,5,0,0,0.0,0,0,5,0,0,0.0,0,7.6,2.6,0.32,Dropout
STU-01965,1,8,1,6,1,1,1,1,3,5,2,1,0,0,1,0,0,0,19,0,5,10,4,11.25,1,0,5,10,3,10.333333333333334,0,12.7,3.7,-1.7,Graduate
STU-01029,1,8,2,12,1,1,1,13,14,10,5,1,0,0,1,0,0,0,18,0,7,8,7,13.175,0,0,8,8,8,14.875,0,13.9,-0.3,0.79,Graduate
STU-00813,1,8,1,12,1,1,1,13,28,10,10,0,0,0,1,0,1,0,18,0,7,7,7,14.145714285714286,0,0,8,9,8,13.627777777777778,0,11.1,0.6,2.02,Graduate
STU-03766,1,1,1,12,1,1,1,22,28,7,7,1,0,0,1,0,1,0,22,0,7,9,6,13.081666666666669,0,0,8,12,6,13.15,0,11.1,0.6,2.02,Graduate
STU-02261,1,1,2,14,1,1,1,1,14,5,5,0,0,0,1,1,1,0,19,0,6,10,6,13.125,0,0,6,9,6,12.714285714285714,0,11.1,0.6,2.02,Enrolled
STU-00629,1,8,2,15,1,1,1,1,28,6,7,1,0,0,1,0,0,0,18,0,6,6,6,13.0,0,0,6,6,6,14.166666666666666,0,12.4,0.5,1.79,Graduate
STU-01036,1,1,3,5,1,1,1,1,28,10,8,0,0,0,1,0,1,0,18,0,6,6,6,14.333333333333334,0,0,6,7,6,14.0,0,11.1,0.6,2.02,Enrolled
STU-01119,1,12,2,13,1,1,1,22,27,10,10,1,0,0,1,0,0,0,25,0,7,11,7,11.857142857142858,0,0,8,21,5,11.7,0,12.4,0.5,1.79,Enrolled
STU-02459,1,8,2,7,1,1,1,10,14,6,6,0,0,0,1,1,0,0,19,0,5,0,0,0.0,0,0,5,0,0,0.0,0,12.4,0.5,1.79,Dropout
STU-02411,1,4,1,7,1,3,1,19,24,12,12,0,0,0,1,1,0,0,26,0,5,5,0,0.0,0,0,5,6,0,0.0,0,10.8,1.4,1.74,Dropout
STU-03728,1,8,6,14,1,1,1,23,1,10,8,1,0,0,1,1,0,0,20,0,6,8,4,14.25,0,0,6,10,5,14.0,0,10.8,1.4,1.74,Graduate
STU-03384,4,4,1,9,1,3,1,13,1,6,6,0,0,0,1,0,0,0,35,0,5,5,0,0.0,0,0,5,5,0,0.0,0,11.1,0.6,2.02,Dropout
STU-00340,1,8,1,8,1,1,1,2,7,4,6,0,0,0,1,0,0,0,18,0,5,9,4,11.25,0,0,5,6,4,12.5,0,7.6,2.6,0.32,Graduate
STU-02634,1,1,4,12,1,1,1,13,1,5,5,1,0,0,1,1,0,0,19,0,8,8,7,12.665714285714284,0,0,8,8,7,12.665714285714284,0,10.8,1.4,1.74,Graduate
STU-01741,1,9,1,8,1,1,1,3,3,6,3,0,0,0,1,1,0,0,18,0,6,11,5,13.6,0,0,6,13,3,12.666666666666666,0,13.9,-0.3,0.79,Dropout
STU-00480,1,8,1,10,1,1,1,23,14,29,39,1,0,0,1,0,1,0,21,0,6,8,5,13.2,0,0,6,7,5,11.8,0,8.9,1.4,3.51,Enrolled
STU-01485,1,12,1,12,1,12,1,22,27,10,8,0,0,0,1,0,1,0,26,0,7,8,6,10.983333333333334,0,0,7,8,6,10.983333333333334,0,7.6,2.6,0.32,Graduate
STU-02623,1,16,1,3,0,16,1,13,27,19,44,1,0,1,1,0,1,0,21,13,13,13,11,12.727272727272728,0,9,11,11,10,12.6,0,8.9,1.4,3.51,Graduate
STU-02415,1,14,2,9,1,1,1,19,27,10,10,1,0,0,1,1,0,0,23,5,10,19,8,11.625,1,4,10,16,10,11.181818181818182,3,7.6,2.6,0.32,Graduate
STU-03454,1,1,6,12,1,1,1,22,28,10,10,1,0,0,1,0,1,0,19,0,8,8,7,12.657142857142857,0,0,8,8,7,12.657142857142857,0,12.7,3.7,-1.7,Graduate
STU-01506,1,8,5,15,1,1,1,23,28,8,8,1,0,0,0,0,0,0,19,0,6,12,3,11.0,0,0,6,12,3,12.0,0,9.4,-0.8,-3.12,Dropout
STU-03306,1,1,3,15,1,1,1,1,1,4,6,1,0,0,1,0,0,0,18,0,6,6,6,13.666666666666666,0,0,6,7,6,13.0,0,15.5,2.8,-4.06,Graduate
STU-03253,1,14,1,8,1,6,1,1,20,5,12,1,0,0,1,0,1,0,21,0,5,7,0,0.0,0,0,5,5,0,0.0,0,7.6,2.6,0.32,Dropout
STU-01820,1,8,3,12,1,1,1,3,2,4,4,1,0,0,1,0,0,0,18,0,7,7,7,13.884285714285712,0,0,8,9,8,14.75,0,11.1,0.6,2.02,Dropout
STU-02531,1,8,1,15,1,1,1,1,1,5,8,1,0,1,1,0,0,0,18,0,6,6,6,11.666666666666666,0,0,6,6,6,12.333333333333334,0,16.2,0.3,-0.92,Graduate
STU-04330,1,8,1,10,1,1,1,22,1,10,6,1,0,0,1,0,1,0,20,0,6,10,5,11.857142857142858,0,0,6,8,6,11.666666666666666,0,12.7,3.7,-1.7,Graduate
STU-02517,1,8,1,5,1,1,1,1,1,2,6,0,0,0,1,0,1,0,22,0,6,7,6,12.166666666666666,0,0,6,9,4,12.0,0,9.4,-0.8,-3.12,Graduate
STU-02194,1,8,1,7,1,1,1,13,28,10,8,0,0,0,1,1,0,0,18,0,5,10,3,11.0,0,0,5,6,3,11.0,1,16.2,0.3,-0.92,Enrolled
STU-00602,1,8,5,5,1,1,1,13,28,6,8,0,0,1,0,0,0,0,21,0,6,6,4,13.0,0,0,6,8,4,11.6,0,10.8,1.4,1.74,Dropout
STU-01369,1,1,1,9,1,1,1,13,14,8,4,1,0,0,1,1,0,0,21,0,5,8,3,10.0,0,0,5,10,4,11.0,0,12.7,3.7,-1.7,Dropout
STU-00878,1,12,2,13,1,1,1,13,14,5,6,0,0,0,1,1,1,0,25,0,7,7,2,10.0,0,0,7,7,0,0.0,0,15.5,2.8,-4.06,Dropout
STU-04394,1,12,1,17,0,1,1,23,28,6,8,0,0,0,1,0,0,0,27,0,5,10,3,12.333333333333334,0,0,5,10,3,10.666666666666666,0,11.1,0.6,2.02,Graduate
STU-03070,1,12,1,6,1,9,1,22,27,11,10,0,0,0,1,1,0,0,51,0,6,0,0,0.0,0,0,6,0,0,0.0,0,12.4,0.5,1.79,Dropout
STU-01954,1,1,4,11,1,1,1,1,28,6,7,1,0,0,1,0,1,0,18,0,6,7,6,12.285714285714286,0,0,6,6,6,12.0,0,8.9,1.4,3.51,Graduate
STU-02466,1,12,1,8,1,12,1,22,27,10,11,1,0,1,1,1,0,0,44,0,6,9,5,11.571428571428571,0,0,6,11,0,0.0,0,13.9,-0.3,0.79,Dropout
STU-03690,1,14,1,8,1,1,1,1,1,2,2,1,0,0,1,1,0,0,33,0,5,12,1,13.0,2,0,5,7,3,14.0,0,9.4,-0.8,-3.12,Enrolled
STU-03755,1,12,1,6,1,12,1,13,27,8,12,0,0,0,1,0,0,0,26,0,5,11,1,12.0,1,0,5,12,0,0.0,4,10.8,1.4,1.74,Dropout
STU-03233,1,1,2,15,1,1,1,13,28,4,10,1,0,0,1,0,0,0,18,0,6,8,4,12.5,0,0,6,6,5,12.6,0,12.7,3.7,-1.7,Graduate
STU-01009,1,1,1,12,1,1,1,13,27,6,6,0,0,0,1,0,1,0,18,0,8,8,7,14.428571428571429,0,0,8,8,7,14.428571428571429,0,12.7,3.7,-1.7,Graduate
STU-02931,1,12,1,17,0,7,1,22,24,12,12,1,0,0,1,0,0,0,39,0,5,9,0,0.0,0,0,5,5,2,12.5,0,7.6,2.6,0.32,Dropout
STU-02685,1,4,1,4,1,3,1,1,14,6,10,0,0,0,1,1,0,0,27,0,6,8,0,0.0,0,0,6,10,0,0.0,0,16.2,0.3,-0.92,Dropout
STU-01156,1,1,1,9,1,1,1,1,2,11,11,1,0,0,1,0,0,0,19,0,5,9,4,12.25,0,0,5,10,4,12.0,0,8.9,1.4,3.51,Enrolled
STU-00941,1,1,3,15,1,1,1,13,14,6,6,1,0,0,1,0,0,0,19,0,6,6,6,13.0,0,0,6,8,5,12.4,0,12.4,0.5,1.79,Graduate
STU-01467,1,8,2,7,1,1,1,8,10,10,10,1,0,0,1,1,0,0,20,0,5,6,3,11.0,0,0,5,6,0,0.0,0,10.8,1.4,1.74,Dropout
STU-04311,1,15,1,6,1,14,1,23,27,10,5,1,0,0,1,1,1,0,22,0,6,9,6,13.428571428571429,0,1,6,12,6,13.625,0,12.4,0.5,1.79,Graduate
STU-04069,1,1,1,14,1,1,1,1,1,6,8,0,0,0,1,0,1,0,18,0,5,6,5,11.8,0,0,5,5,5,12.6,0,9.4,-0.8,-3.12,Graduate
STU-03299,1,8,1,10,1,1,1,1,28,10,8,0,0,0,1,0,0,0,19,0,6,10,6,14.25,0,0,6,7,6,14.0,0,16.2,0.3,-0.92,Graduate
STU-03770,1,1,3,15,1,1,1,1,1,5,5,1,0,0,1,0,1,0,18,0,6,6,6,13.166666666666666,0,0,6,7,5,13.2,0,12.4,0.5,1.79,Dropout
STU-00611,1,1,2,16,1,1,1,22,27,29,41,1,0,1,1,0,1,0,20,0,7,7,7,13.857142857142858,0,0,7,8,7,12.571428571428571,0,8.9,1.4,3.51,Graduate
STU-02811,1,1,1,16,1,1,1,23,27,10,10,0,0,0,1,0,1,0,19,0,6,6,6,12.5,0,0,6,6,6,12.833333333333334,0,12.7,3.7,-1.7,Graduate
STU-04044,1,8,2,12,1,1,1,2,28,4,9,1,0,0,1,0,0,0,18,0,8,12,7,12.285714285714286,0,0,8,12,7,12.285714285714286,0,12.7,3.7,-1.7,Enrolled
STU-03879,1,14,4,12,1,6,1,23,27,6,10,1,0,0,1,0,1,0,19,0,7,7,6,13.55,0,0,7,7,6,13.55,0,7.6,2.6,0.32,Graduate
STU-00154,1,1,1,16,1,1,1,22,27,10,10,1,0,0,1,0,0,0,18,0,6,7,6,13.333333333333334,0,0,6,8,5,11.8,0,7.6,2.6,0.32,Graduate
STU-02826,1,8,1,8,1,1,1,13,14,5,5,1,0,0,1,0,0,0,19,0,6,8,6,11.333333333333334,0,0,6,12,4,13.75,0,8.9,1.4,3.51,Dropout
STU-00934,2,12,1,9,1,1,1,22,27,10,10,1,0,0,1,0,0,0,31,0,5,8,3,11.0,0,0,5,9,2,11.5,0,7.6,2.6,0.32,Dropout
STU-00896,2,15,1,17,0,14,1,1,27,5,10,0,0,0,0,0,0,0,21,0,5,12,3,11.333333333333334,0,0,5,10,1,13.0,0,15.5,2.8,-4.06,Dropout
STU-01520,1,12,1,9,1,9,1,1,1,10,5,1,0,1,0,1,0,0,24,0,5,5,0,0.0,0,0,5,5,0,0.0,0,12.7,3.7,-1.7,Dropout
STU-01772,1,12,1,9,1,1,14,23,28,10,9,0,0,0,1,0,0,1,24,0,5,12,2,10.5,0,0,5,9,4,10.0,2,16.2,0.3,-0.92,Enrolled
STU-03469,1,1,1,17,0,1,1,22,27,10,10,0,0,0,1,0,0,0,29,0,5,11,5,11.4,0,0,5,10,4,10.25,0,15.5,2.8,-4.06,Enrolled
STU-00917,2,12,1,17,0,1,1,19,24,12,12,1,0,0,1,0,0,0,28,0,5,10,0,0.0,0,0,5,5,0,0.0,0,7.6,2.6,0.32,Dropout
STU-02113,1,1,2,13,1,1,1,13,14,10,10,1,0,0,1,0,0,0,18,0,7,9,7,15.155555555555557,0,0,8,8,8,16.8,0,12.7,3.7,-1.7,Graduate
STU-01141,1,1,6,12,1,1,1,23,14,6,7,1,0,0,1,0,0,0,18,0,7,11,7,13.37,0,0,8,13,7,12.833333333333334,0,15.5,2.8,-4.06,Graduate
STU-04199,1,3,1,16,1,1,1,1,28,6,9,1,0,0,1,0,0,0,22,0,6,11,3,15.0,0,0,6,11,4,10.25,0,9.4,-0.8,-3.12,Enrolled
STU-00148,1,8,1,11,1,1,1,1,27,10,11,1,0,0,1,0,0,0,20,0,6,8,5,11.2,0,0,6,12,3,11.666666666666666,0,7.6,2.6,0.32,Dropout
STU-02393,1,1,1,9,1,1,1,23,14,10,6,0,0,0,1,1,0,0,18,0,5,11,2,13.5,0,0,5,11,3,12.333333333333334,0,8.9,1.4,3.51,Enrolled
STU-00214,1,12,1,17,0,1,1,22,27,10,10,0,0,0,1,0,1,0,26,0,5,7,0,0.0,0,0,5,8,0,0.0,0,16.2,0.3,-0.92,Dropout
STU-01555,1,12,1,3,0,1,1,22,27,10,10,0,0,0,1,0,1,0,30,0,7,7,6,14.666666666666666,1,0,6,7,6,14.333333333333334,0,10.8,1.4,1.74,Graduate
STU-03659,1,1,1,17,0,1,1,13,27,6,9,0,0,0,1,0,1,0,20,0,5,5,5,12.4,0,0,5,6,5,12.833333333333334,0,10.8,1.4,1.74,Graduate
STU-03202,1,1,1,15,1,1,1,1,3,5,2,1,0,0,1,1,0,0,18,0,6,7,6,14.166666666666666,0,0,6,6,6,12.833333333333334,0,9.4,-0.8,-3.12,Graduate
STU-00096,1,6,1,7,1,1,12,23,3,10,3,1,0,0,1,1,0,1,19,0,5,9,5,14.0,0,0,5,11,3,13.25,0,13.9,-0.3,0.79,Enrolled
STU-03905,1,9,6,12,1,1,1,23,27,10,6,1,0,0,0,0,0,0,19,0,7,14,0,0.0,0,0,8,0,0,0.0,0,11.1,0.6,2.02,Dropout
STU-00194,1,16,1,16,1,1,1,1,1,5,11,0,0,0,1,0,0,0,21,0,6,0,0,0.0,0,0,6,0,0,0.0,0,12.4,0.5,1.79,Dropout
STU-03742,1,12,1,7,1,1,1,22,14,10,4,0,0,0,1,1,1,0,28,0,5,16,3,14.333333333333334,0,0,5,9,5,12.428571428571429,0,9.4,-0.8,-3.12,Enrolled
STU-00667,1,8,2,15,1,1,1,22,28,6,6,1,0,1,0,0,0,0,18,0,6,9,5,12.2,0,0,6,9,4,11.75,0,10.8,1.4,1.74,Dropout
STU-01916,1,1,4,12,1,1,1,1,27,5,9,1,0,0,1,0,0,0,18,0,7,7,6,13.45,0,0,7,7,6,13.45,0,7.6,2.6,0.32,Graduate
STU-01637,2,12,1,8,1,1,1,1,14,7,7,1,0,0,1,1,0,0,37,1,5,12,3,12.0,2,1,5,8,4,13.0,1,10.8,1.4,1.74,Graduate
STU-02818,1,1,1,9,1,1,1,22,27,10,8,0,0,0,1,0,1,0,19,0,5,6,4,11.0,0,0,5,9,4,13.857142857142858,0,10.8,1.4,1.74,Enrolled
STU-01511,1,8,1,11,1,1,1,1,1,5,9,1,0,0,0,1,0,0,22,0,1,1,0,0.0,0,0,6,0,0,0.0,0,12.4,0.5,1.79,Dropout
STU-01197,1,4,1,5,1,3,1,22,2,10,4,0,0,0,0,0,0,0,23,0,3,3,2,10.0,0,0,6,0,0,0.0,0,10.8,1.4,1.74,Dropout
STU-02005,1,4,1,16,1,3,1,19,24,1,1,1,0,0,0,0,0,0,24,0,6,12,0,0.0,0,0,5,10,0,0.0,0,9.4,-0.8,-3.12,Dropout
STU-04145,1,14,1,13,1,1,1,23,28,8,9,1,0,0,1,0,0,0,22,0,7,14,6,10.744444444444444,1,0,8,10,8,11.8375,0,12.7,3.7,-1.7,Enrolled
STU-01264,2,12,1,16,1,1,1,22,14,8,4,0,0,1,1,0,1,0,34,0,6,7,6,16.142857142857142,0,0,6,10,6,16.2,0,9.4,-0.8,-3.12,Graduate
STU-03878,1,9,2,12,1,1,10,1,1,5,4,1,0,0,1,0,1,1,20,0,8,8,8,14.2,0,0,8,8,8,14.2,0,9.4,-0.8,-3.12,Graduate
STU-03119,1,8,1,11,1,1,1,13,14,4,11,0,0,0,1,0,0,0,20,0,6,8,5,10.8,0,0,6,9,4,11.5,0,9.4,-0.8,-3.12,Graduate
STU-00242,1,7,1,2,1,1,1,3,3,4,4,1,0,0,1,0,0,0,24,11,17,19,11,12.909090909090908,0,9,13,15,9,13.555555555555555,0,12.4,0.5,1.79,Enrolled
STU-02722,1,8,2,9,1,1,1,2,3,3,3,1,0,0,1,0,0,0,19,0,5,10,3,11.0,0,0,5,9,4,11.75,0,12.7,3.7,-1.7,Enrolled
STU-02268,1,1,4,9,1,1,1,3,1,4,5,1,0,0,1,1,0,0,19,0,5,5,0,0.0,0,0,5,5,0,0.0,0,12.4,0.5,1.79,Dropout
STU-00570,1,12,1,4,1,1,1,3,4,3,3,0,0,0,1,1,0,0,27,0,6,10,5,13.0,0,0,6,13,5,11.5,0,16.2,0.3,-0.92,Graduate
STU-02304,1,9,5,7,1,1,1,3,2,3,4,1,0,0,1,1,0,0,19,0,5,9,5,11.833333333333334,0,0,5,9,5,14.714285714285714,0,12.4,0.5,1.79,Enrolled
STU-03437,1,1,1,15,1,1,1,1,28,5,8,0,0,0,1,0,1,0,18,0,6,7,6,13.428571428571429,0,0,6,10,6,13.5,0,13.9,-0.3,0.79,Graduate
STU-02334,1,1,6,2,1,1,1,8,8,5,5,1,0,0,1,1,1,0,18,0,0,0,0,0.0,0,0,0,0,0,0.0,0,9.4,-0.8,-3.12,Dropout
STU-00972,4,13,1,9,1,1,1,22,28,8,4,1,0,0,1,1,0,0,33,0,5,5,1,10.0,0,0,5,5,0,0.0,0,7.6,2.6,0.32,Dropout
STU-03901,1,1,3,12,1,1,1,22,28,10,10,1,0,0,1,0,1,0,22,0,7,7,6,13.9,0,0,7,7,6,13.9,0,7.6,2.6,0.32,Graduate
STU-03138,1,12,1,6,1,3,1,2,3,5,8,1,0,0,1,0,0,0,25,1,6,7,6,16.857142857142858,0,1,6,6,6,16.5,0,13.9,-0.3,0.79,Graduate
STU-02709,1,3,3,5,1,1,1,3,1,10,7,1,0,0,1,0,0,0,18,0,6,6,6,12.666666666666666,0,0,6,8,6,14.125,0,10.8,1.4,1.74,Graduate
STU-01176,1,8,4,11,1,1,1,13,1,6,6,1,0,0,1,1,0,0,18,0,6,7,4,11.0,0,0,6,7,3,11.25,0,16.2,0.3,-0.92,Dropout
STU-04262,2,14,1,17,0,2,1,22,27,10,10,0,0,0,0,0,0,0,38,9,12,12,9,12.22222222222222,2,9,12,12,9,13.0,0,9.4,-0.8,-3.12,Dropout
STU-01260,1,1,1,6,1,1,1,13,28,10,10,1,0,0,1,0,0,0,19,0,6,7,6,16.0,0,0,6,8,6,15.875,0,12.4,0.5,1.79,Graduate
STU-02105,1,1,1,10,1,1,1,13,28,10,10,0,1,0,1,0,1,0,20,0,6,9,6,11.875,0,0,6,7,6,14.428571428571429,0,16.2,0.3,-0.92,Graduate
STU-01084,1,1,1,16,1,1,1,1,14,10,5,1,0,0,1,0,1,0,19,0,7,7,7,13.428571428571429,0,0,7,7,7,14.857142857142858,0,11.1,0.6,2.02,Graduate
STU-03337,1,15,1,4,1,14,1,13,14,5,5,1,0,0,0,1,0,0,21,0,6,17,2,12.5,0,0,6,10,0,0.0,0,16.2,0.3,-0.92,Dropout
STU-00270,1,1,5,12,1,1,1,1,1,10,10,0,0,0,1,0,1,0,18,0,8,8,7,13.671428571428573,0,0,8,8,7,13.671428571428573,0,12.7,3.7,-1.7,Graduate
STU-03866,1,8,2,15,1,1,1,1,1,5,6,0,0,0,1,1,0,0,20,0,6,15,2,12.0,0,0,6,12,0,0.0,0,10.8,1.4,1.74,Dropout
STU-03506,1,8,3,9,1,1,1,22,27,6,8,0,0,0,1,1,0,0,18,0,5,10,0,0.0,1,0,5,13,0,0.0,0,9.4,-0.8,-3.12,Dropout
STU-03906,4,12,1,11,1,1,1,22,27,10,9,0,0,0,1,0,1,0,36,0,6,10,6,11.0,0,0,6,14,3,11.333333333333334,0,10.8,1.4,1.74,Graduate
STU-00855,1,8,4,7,1,1,1,13,14,6,6,1,0,1,0,1,0,0,18,0,5,12,0,0.0,0,0,5,8,0,0.0,0,9.4,-0.8,-3.12,Enrolled
STU-03032,1,14,1,12,1,1,1,23,3,6,3,0,0,0,1,0,0,0,21,3,7,8,7,13.3875,0,2,8,8,8,15.9,0,13.9,-0.3,0.79,Graduate
STU-00737,1,14,1,15,1,1,1,3,27,4,8,0,0,0,1,1,0,0,32,6,11,15,7,11.285714285714286,0,5,7,10,6,12.333333333333334,0,13.9,-0.3,0.79,Enrolled
STU-02103,1,1,6,12,1,1,1,22,27,10,9,1,0,0,1,0,1,0,18,0,7,8,7,13.26,0,0,8,8,8,14.28625,0,15.5,2.8,-4.06,Graduate
STU-02420,1,12,1,4,1,1,3,1,1,30,29,0,0,0,1,1,0,1,24,0,7,7,7,13.571428571428571,0,0,6,9,5,13.4,0,8.9,1.4,3.51,Enrolled
STU-02231,1,1,4,2,1,1,1,1,28,5,9,1,0,0,1,1,0,0,19,0,0,0,0,0.0,0,0,0,0,0,0.0,0,11.1,0.6,2.02,Graduate
STU-03721,1,15,1,4,1,1,1,1,3,22,21,0,0,0,1,1,0,0,19,0,6,17,1,11.0,0,0,6,19,0,0.0,0,16.2,0.3,-0.92,Enrolled
STU-02681,4,14,1,12,1,12,1,19,24,1,1,0,0,0,1,1,0,0,30,11,14,26,12,12.52608695652174,1,11,14,26,12,12.52608695652174,1,7.6,2.6,0.32,Graduate
STU-01929,1,1,1,5,1,1,1,23,28,10,6,0,0,0,0,0,1,0,18,0,6,7,5,11.8,0,0,6,7,5,13.0,0,8.9,1.4,3.51,Enrolled
STU-03068,1,1,3,12,1,1,3,2,3,6,3,1,0,0,1,0,0,1,19,0,7,9,5,12.32,0,0,7,9,5,11.9,0,12.4,0.5,1.79,Enrolled
STU-00979,1,12,1,17,0,12,1,13,27,8,6,1,0,1,0,1,0,0,39,0,5,6,5,10.6,0,0,5,7,5,14.666666666666666,0,10.8,1.4,1.74,Dropout
STU-03401,1,1,1,10,1,1,1,23,28,10,10,1,1,0,1,0,1,0,18,0,6,8,6,11.714285714285714,0,0,6,6,6,14.666666666666666,0,12.7,3.7,-1.7,Graduate
STU-00102,1,1,4,2,1,1,1,1,1,10,11,1,0,0,1,0,0,0,20,0,0,0,0,0.0,0,0,0,0,0,0.0,0,16.2,0.3,-0.92,Graduate
STU-00158,1,8,2,10,1,1,1,1,27,8,10,1,0,0,1,0,1,0,18,0,6,8,6,12.25,0,0,6,7,6,11.857142857142858,0,12.7,3.7,-1.7,Graduate
STU-02675,1,8,1,14,1,1,1,13,27,6,6,1,0,0,1,1,1,0,19,0,6,7,4,13.75,0,0,6,10,6,11.555555555555555,0,10.8,1.4,1.74,Graduate
STU-01221,1,1,2,2,1,1,1,24,1,4,5,1,0,1,1,0,0,0,19,0,0,0,0,0.0,0,0,0,0,0,0.0,0,12.4,0.5,1.79,Dropout
STU-00456,2,12,1,3,0,1,1,19,24,13,13,0,0,0,1,0,0,0,44,0,6,9,6,11.166666666666666,0,1,6,15,2,11.0,1,7.6,2.6,0.32,Graduate
STU-03945,5,12,1,4,1,1,1,1,1,5,9,0,0,1,0,0,0,0,27,0,6,6,0,0.0,0,0,6,7,0,0.0,0,8.9,1.4,3.51,Dropout
STU-01705,1,12,1,14,1,1,1,1,14,5,10,0,0,0,1,1,1,0,25,0,6,8,6,12.285714285714286,0,0,6,6,6,13.0,0,15.5,2.8,-4.06,Graduate
STU-01623,2,12,1,13,1,1,1,22,27,10,5,0,0,0,0,0,0,0,50,0,7,18,6,10.25,0,0,7,14,4,11.25,0,12.7,3.7,-1.7,Dropout
STU-02892,1,12,1,17,0,1,1,3,1,4,10,0,0,0,1,0,0,0,27,0,5,5,0,0.0,0,0,5,6,0,0.0,0,12.4,0.5,1.79,Dropout
STU-03024,1,1,2,2,1,1,1,23,14,10,10,1,0,0,1,0,1,0,24,0,0,0,0,0.0,0,0,0,0,0,0.0,0,11.1,0.6,2.02,Graduate
STU-02712,1,14,1,3,0,1,1,22,27,1,7,0,0,0,0,0,0,0,41,0,6,6,0,0.0,6,0,6,12,0,0.0,0,9.4,-0.8,-3.12,Dropout
STU-02868,1,12,1,4,1,12,1,22,27,10,10,0,0,0,1,0,0,0,60,0,6,10,6,12.75,0,0,6,6,4,14.75,0,13.9,-0.3,0.79,Graduate
STU-02357,1,1,1,2,1,1,1,1,1,5,4,0,0,0,1,1,0,0,19,0,0,0,0,0.0,0,0,0,0,0,0.0,0,7.6,2.6,0.32,Graduate
STU-02159,1,1,2,16,1,1,1,3,1,4,6,0,0,0,1,0,0,0,21,0,6,8,5,13.2,0,0,6,9,5,14.333333333333334,0,9.4,-0.8,-3.12,Graduate
STU-03535,1,12,1,17,0,1,1,19,24,1,1,1,0,0,1,1,0,0,30,0,5,5,2,11.0,0,0,5,5,0,0.0,0,7.6,2.6,0.32,Dropout
STU-03738,1,1,1,11,1,1,1,3,1,3,5,0,0,0,1,1,0,0,21,0,6,10,5,11.333333333333334,0,0,6,14,2,11.5,0,12.7,3.7,-1.7,Enrolled
STU-03733,1,1,3,2,1,1,1,4,3,2,2,1,0,0,1,1,0,0,19,0,0,0,0,0.0,0,0,0,0,0,0.0,0,12.7,3.7,-1.7,Graduate
STU-00014,1,17,1,11,1,16,1,1,1,5,8,1,0,0,1,0,1,0,21,0,6,7,6,10.571428571428571,0,0,6,8,5,11.0,0,8.9,1.4,3.51,Graduate
STU-01738,1,1,5,12,1,1,1,1,3,10,11,1,0,0,1,1,0,0,18,0,7,10,6,12.035714285714286,0,0,8,9,7,13.75,0,13.9,-0.3,0.79,Enrolled
STU-03415,1,8,3,12,1,1,1,1,14,8,9,1,0,0,1,0,1,0,18,0,7,8,6,13.271666666666668,0,0,8,11,7,12.94375,0,12.4,0.5,1.79,Graduate
STU-00092,1,8,2,15,1,1,14,13,1,10,10,1,0,0,0,0,0,1,21,0,6,6,6,14.0,0,0,6,6,6,13.5,0,8.9,1.4,3.51,Graduate
STU-04116,1,1,3,5,1,1,1,13,14,4,4,1,0,0,1,0,0,0,20,0,6,6,6,11.833333333333334,0,0,6,6,3,13.333333333333334,0,9.4,-0.8,-3.12,Enrolled
STU-03611,1,15,1,7,1,14,1,23,14,10,6,1,0,0,1,1,0,0,19,0,5,9,2,12.5,0,0,5,10,3,11.6,0,12.4,0.5,1.79,Enrolled
STU-02954,1,12,1,2,1,1,1,22,27,10,10,0,1,0,1,0,0,0,26,0,0,0,0,0.0,0,0,0,0,0,0.0,0,16.2,0.3,-0.92,Dropout
STU-03963,1,8,3,12,1,1,1,22,27,5,4,1,0,0,1,0,0,0,20,0,7,7,6,13.383333333333333,0,0,7,7,6,13.383333333333333,0,7.6,2.6,0.32,Graduate
STU-03038,1,1,1,14,1,1,1,1,1,10,11,1,0,0,1,0,1,0,20,0,6,6,6,14.166666666666666,0,0,6,9,6,13.0,0,8.9,1.4,3.51,Graduate
STU-00510,1,1,2,9,1,1,1,1,14,5,7,0,1,0,1,0,0,0,21,0,5,6,0,0.0,0,0,5,5,0,0.0,0,15.5,2.8,-4.06,Dropout
STU-02251,1,15,1,10,1,14,1,1,1,5,4,0,0,0,1,1,0,0,22,3,6,7,6,12.333333333333334,0,2,6,6,2,14.0,0,13.9,-0.3,0.79,Dropout
STU-01873,1,16,1,12,1,1,1,1,1,5,11,0,0,0,1,1,0,0,20,0,7,7,7,15.66,0,7,10,11,9,15.011111111111113,0,11.1,0.6,2.02,Graduate
STU-03771,1,15,1,8,1,14,1,1,14,5,9,0,0,0,1,0,0,0,19,0,6,0,0,0.0,0,0,6,0,0,0.0,0,12.7,3.7,-1.7,Dropout
STU-03826,1,1,1,2,1,1,1,1,28,8,9,1,0,0,1,1,0,0,26,0,0,0,0,0.0,0,0,0,0,0,0.0,0,11.1,0.6,2.02,Dropout
STU-00060,1,1,3,2,1,1,1,23,27,5,10,1,0,0,1,0,0,0,18,0,0,0,0,0.0,0,0,0,0,0,0.0,0,7.6,2.6,0.32,Enrolled
STU-02390,1,12,2,10,1,1,1,13,1,6,6,0,0,0,1,1,0,0,28,0,5,6,0,0.0,0,0,5,5,0,0.0,0,13.9,-0.3,0.79,Dropout
STU-03926,1,14,1,9,1,1,11,1,5,10,11,1,0,0,1,1,0,1,23,0,5,6,1,10.0,0,0,5,5,0,0.0,0,15.5,2.8,-4.06,Enrolled
STU-04284,1,12,1,9,1,12,1,23,14,8,10,0,0,1,0,1,0,0,28,0,5,7,1,11.0,0,0,5,9,0,0.0,0,10.8,1.4,1.74,Dropout
STU-02885,1,4,1,4,1,3,1,22,27,7,7,0,0,0,1,0,0,0,54,9,13,13,13,14.307692307692308,0,5,12,15,12,15.23076923076923,0,15.5,2.8,-4.06,Graduate
STU-01280,1,8,1,10,1,1,1,13,27,10,10,1,0,0,1,0,1,0,20,0,6,7,6,11.714285714285714,0,0,6,8,6,12.625,0,13.9,-0.3,0.79,Graduate
STU-04156,1,1,5,6,1,1,1,3,14,3,4,1,0,0,1,0,0,0,19,0,6,12,5,15.0,0,0,6,9,6,13.428571428571429,0,16.2,0.3,-0.92,Graduate
STU-01254,1,1,1,10,1,1,1,23,28,8,9,1,0,0,1,0,0,0,19,0,6,11,4,12.75,0,0,6,7,6,11.333333333333334,0,7.6,2.6,0.32,Graduate
STU-00637,1,1,5,12,1,1,1,22,27,10,10,0,0,0,1,0,1,0,18,0,8,12,7,12.62857142857143,0,0,8,12,7,12.62857142857143,0,12.7,3.7,-1.7,Graduate
STU-01313,1,1,1,15,1,1,1,23,27,10,6,1,0,0,1,0,1,0,24,0,6,7,6,13.666666666666666,0,0,6,6,6,12.833333333333334,0,10.8,1.4,1.74,Graduate
STU-02883,2,12,1,17,0,1,1,22,27,10,10,0,0,0,1,0,0,0,33,0,5,14,1,10.0,0,0,5,13,2,12.0,0,12.4,0.5,1.79,Dropout
STU-02967,1,13,1,12,1,1,1,3,3,4,4,0,0,0,1,0,0,0,18,0,7,8,7,13.55,0,0,8,8,8,14.1875,0,13.9,-0.3,0.79,Graduate
STU-01185,1,1,2,12,1,1,1,13,28,30,43,1,0,0,1,0,0,0,19,0,7,10,6,13.598333333333334,0,0,8,11,6,11.933333333333332,0,11.1,0.6,2.02,Enrolled
STU-02196,1,1,2,15,1,1,1,23,14,5,8,1,0,0,1,1,1,0,19,0,6,8,4,12.0,0,0,6,8,6,12.285714285714286,0,15.5,2.8,-4.06,Enrolled
STU-01174,1,12,1,17,0,1,1,1,1,5,11,0,0,0,1,1,0,0,24,0,5,5,4,12.0,0,0,5,6,5,12.666666666666666,0,12.4,0.5,1.79,Enrolled
STU-03185,1,1,1,6,1,1,1,1,28,6,10,0,0,0,1,1,1,0,19,0,6,9,6,13.833333333333334,0,0,6,12,5,13.666666666666666,0,11.1,0.6,2.02,Graduate
STU-03536,1,16,1,17,0,14,1,1,4,5,11,0,0,0,1,1,0,0,28,13,15,17,13,12.0,0,9,13,13,9,11.333333333333334,0,8.9,1.4,3.51,Dropout
STU-02958,2,12,1,3,0,3,1,22,27,10,10,0,0,0,1,0,0,0,38,8,11,11,11,12.636363636363637,0,5,8,8,8,11.0,0,13.9,-0.3,0.79,Graduate
STU-02322,1,14,1,5,1,1,1,1,2,5,3,0,0,0,1,1,0,0,38,1,6,9,5,16.0,1,0,6,11,4,16.5,0,13.9,-0.3,0.79,Enrolled
STU-03261,1,1,1,6,1,1,1,2,1,5,11,1,0,0,1,0,0,0,19,0,5,7,4,12.75,0,0,5,5,5,12.0,0,10.8,1.4,1.74,Graduate
STU-00255,1,8,1,9,1,1,1,1,1,5,5,0,0,0,1,0,0,0,18,0,5,8,5,12.4,0,0,5,6,5,10.8,0,8.9,1.4,3.51,Graduate
STU-01859,1,8,3,5,1,1,1,1,4,5,3,0,0,0,1,1,0,0,20,0,6,6,6,14.166666666666666,0,0,6,8,6,12.333333333333334,0,11.1,0.6,2.02,Graduate
STU-00706,5,12,1,17,0,1,1,22,27,10,10,0,0,0,1,1,1,0,37,0,5,8,5,13.0,0,0,5,11,4,13.333333333333334,2,16.2,0.3,-0.92,Dropout
STU-00225,1,9,1,12,1,1,1,1,28,5,6,1,0,0,1,0,1,0,19,0,7,8,6,13.741666666666667,0,0,8,9,7,14.9125,0,16.2,0.3,-0.92,Graduate
STU-00047,1,8,2,10,1,1,1,13,14,10,10,1,0,0,1,0,0,0,18,0,6,6,6,11.666666666666666,0,0,6,8,5,13.2,0,11.1,0.6,2.02,Graduate
STU-03209,1,1,1,10,1,1,1,1,28,5,7,0,1,1,0,1,0,0,19,0,6,6,4,11.5,0,0,6,6,5,11.0,0,8.9,1.4,3.51,Dropout
STU-00063,1,8,3,2,1,1,1,1,27,5,8,1,0,0,1,1,1,0,19,0,0,0,0,0.0,0,0,0,0,0,0.0,0,10.8,1.4,1.74,Enrolled
STU-02186,1,8,1,11,1,1,1,13,14,8,6,1,0,0,1,0,1,0,19,0,6,10,4,12.25,0,0,6,9,3,12.333333333333334,0,9.4,-0.8,-3.12,Graduate
STU-03868,1,8,1,12,1,1,1,13,14,5,10,0,0,0,1,1,0,0,21,0,8,8,7,14.54,0,0,8,8,7,14.54,0,10.8,1.4,1.74,Graduate
STU-00888,1,14,2,10,1,1,1,22,27,10,8,1,0,0,1,0,1,0,53,4,7,16,6,11.0,0,2,7,9,7,11.0,0,9.4,-0.8,-3.12,Graduate
STU-04340,1,13,1,12,1,1,1,3,27,3,7,1,0,0,1,0,0,0,25,0,14,14,12,13.291666666666666,1,0,14,14,12,13.291666666666666,1,7.6,2.6,0.32,Graduate
STU-04401,2,12,1,17,0,1,1,22,27,7,4,0,0,1,1,1,0,0,37,0,5,10,4,10.75,0,0,5,12,3,13.333333333333334,0,9.4,-0.8,-3.12,Dropout
STU-03390,1,14,1,10,1,1,1,13,27,6,6,0,0,0,1,0,1,0,21,0,6,15,2,10.5,0,0,6,8,5,12.4,0,10.8,1.4,1.74,Enrolled
STU-02099,1,9,1,12,1,1,1,22,14,6,6,0,0,0,1,0,1,0,19,0,8,9,8,13.78125,1,0,8,9,8,13.78125,1,9.4,-0.8,-3.12,Graduate
STU-00268,1,1,2,15,1,1,1,23,28,10,10,1,0,0,1,0,1,0,19,0,6,7,5,11.4,0,0,6,8,5,12.8,0,12.7,3.7,-1.7,Graduate
STU-02104,1,1,2,15,1,1,1,19,14,4,1,1,0,0,0,0,0,0,20,0,6,10,4,12.0,0,0,6,15,3,10.666666666666666,0,7.6,2.6,0.32,Dropout
STU-03783,1,8,2,16,1,1,1,1,14,6,6,1,0,0,1,0,0,0,18,0,7,10,7,12.142857142857142,0,0,7,7,7,13.142857142857142,0,12.4,0.5,1.79,Graduate
STU-03758,1,1,2,12,1,1,1,1,3,5,4,0,0,0,1,0,0,0,18,0,7,10,7,13.398,0,0,8,8,8,13.5425,0,15.5,2.8,-4.06,Graduate
STU-03330,1,8,1,9,1,1,1,1,1,5,5,0,0,0,1,1,0,0,21,0,5,5,5,11.0,0,0,5,11,3,11.428571428571429,0,10.8,1.4,1.74,Enrolled
STU-01695,1,12,1,7,1,3,1,3,3,4,11,0,0,0,1,1,0,0,31,0,5,0,0,0.0,0,0,5,0,0,0.0,0,10.8,1.4,1.74,Dropout
STU-00054,1,1,3,8,1,1,1,22,27,12,12,0,0,0,1,0,0,0,19,0,5,7,5,14.714285714285714,0,0,5,5,5,15.8,0,7.6,2.6,0.32,Graduate
STU-00128,1,1,1,16,1,1,1,13,28,10,4,1,0,0,1,0,1,0,18,0,6,8,5,12.8,0,0,6,7,5,13.4,0,9.4,-0.8,-3.12,Enrolled
STU-01170,1,1,1,14,1,1,1,13,27,6,8,0,0,0,1,1,0,0,21,0,5,7,4,11.5,0,0,5,6,4,11.75,0,9.4,-0.8,-3.12,Graduate
STU-02303,1,1,1,9,1,1,1,22,27,10,10,0,0,1,1,1,1,0,22,0,5,8,5,10.666666666666666,0,0,5,11,2,11.0,0,15.5,2.8,-4.06,Enrolled
STU-02900,1,8,2,2,1,1,1,2,1,4,4,1,0,0,1,0,0,0,20,0,0,0,0,0.0,0,0,0,0,0,0.0,0,9.4,-0.8,-3.12,Graduate
STU-01617,1,1,1,6,1,1,1,22,28,7,10,0,0,0,1,0,0,0,19,0,5,9,4,13.75,1,0,5,8,4,14.5,0,7.6,2.6,0.32,Graduate
STU-02363,1,1,5,9,1,1,1,13,14,10,10,1,0,0,1,1,0,0,20,0,5,9,3,10.333333333333334,0,0,5,6,5,12.8,0,12.4,0.5,1.79,Graduate
STU-04157,1,1,3,12,1,1,1,22,27,10,10,1,0,0,1,0,1,0,18,0,8,8,7,13.242857142857144,0,0,8,8,7,13.242857142857144,0,12.7,3.7,-1.7,Enrolled
STU-02117,1,1,1,10,1,1,1,1,14,5,5,0,0,0,1,0,0,0,19,0,6,7,6,12.285714285714286,0,0,6,7,6,12.0,0,12.4,0.5,1.79,Graduate
STU-02142,1,8,4,6,1,1,1,23,27,5,10,1,0,0,1,0,0,0,20,0,5,12,2,13.5,0,0,5,12,5,11.285714285714286,1,10.8,1.4,1.74,Graduate
STU-00580,1,1,4,5,1,1,1,22,27,10,9,1,0,0,1,0,0,0,20,0,6,6,4,13.5,0,0,6,8,6,13.625,0,10.8,1.4,1.74,Graduate
STU-01334,1,1,1,10,1,1,1,13,27,8,8,1,0,0,1,0,0,0,20,0,6,13,3,11.2,0,0,6,9,4,12.0,0,16.2,0.3,-0.92,Enrolled
STU-02226,1,14,3,11,1,1,1,22,27,10,10,1,0,0,1,1,0,0,19,1,6,16,2,10.5,0,0,6,15,4,10.0,0,7.6,2.6,0.32,Dropout
STU-04166,1,1,6,12,1,1,1,13,14,10,10,0,0,0,1,0,0,0,18,0,7,7,7,13.557142857142855,0,0,8,9,8,13.2,0,12.4,0.5,1.79,Graduate
STU-00498,1,8,1,11,1,1,1,1,14,5,4,1,0,0,1,0,0,0,18,0,6,10,5,11.8,0,0,6,10,5,12.2,0,11.1,0.6,2.02,Graduate
STU-00772,1,8,6,15,1,1,1,1,14,6,6,1,0,0,1,0,0,0,18,0,6,0,0,0.0,0,0,6,0,0,0.0,0,12.4,0.5,1.79,Dropout
STU-01203,2,12,2,9,1,1,1,13,27,10,8,0,0,1,0,0,0,0,29,0,5,8,3,10.666666666666666,0,0,5,14,2,14.8,0,10.8,1.4,1.74,Dropout
STU-00210,1,12,1,11,1,12,1,3,14,3,4,0,0,0,1,0,1,0,36,0,6,7,6,13.714285714285714,0,0,6,6,5,12.8,0,16.2,0.3,-0.92,Dropout
STU-03496,1,1,1,4,1,1,1,23,14,10,8,0,0,0,1,1,0,0,19,0,6,8,6,15.5,0,0,6,10,6,14.1,0,16.2,0.3,-0.92,Graduate
STU-01611,1,1,1,9,1,1,1,1,28,5,8,1,0,0,1,1,0,0,18,0,5,10,3,10.666666666666666,1,0,5,11,2,12.5,0,9.4,-0.8,-3.12,Dropout
STU-04089,2,14,1,17,0,1,1,22,27,4,11,0,0,0,1,0,0,0,33,8,10,15,8,10.375,0,7,10,13,9,10.444444444444445,0,7.6,2.6,0.32,Enrolled
STU-02602,1,8,1,11,1,1,1,1,1,5,10,1,0,0,1,0,0,0,22,0,6,14,4,12.25,0,0,6,11,3,11.333333333333334,0,7.6,2.6,0.32,Enrolled
STU-00682,1,15,1,10,1,14,14,1,1,5,7,0,0,1,1,0,1,1,23,3,6,7,6,13.142857142857142,0,2,6,6,6,14.0,0,12.4,0.5,1.79,Graduate
STU-02873,2,14,1,17,0,1,1,23,27,6,7,0,0,0,1,0,0,0,28,6,10,15,6,10.666666666666666,0,5,10,17,9,11.333333333333334,1,7.6,2.6,0.32,Enrolled
STU-03425,1,1,1,6,1,1,1,7,14,5,2,1,0,0,1,0,0,0,20,0,5,13,0,0.0,5,0,5,5,0,0.0,5,9.4,-0.8,-3.12,Dropout
STU-00233,1,1,2,14,1,1,1,1,3,5,4,0,0,0,1,0,0,0,19,0,5,5,5,13.0,0,0,5,5,5,13.2,0,9.4,-0.8,-3.12,Graduate
STU-01626,1,12,1,17,0,1,1,22,27,8,11,0,0,0,0,0,0,0,48,0,5,5,1,10.0,0,0,5,5,0,0.0,0,15.5,2.8,-4.06,Dropout
STU-02200,1,12,2,13,1,1,1,1,1,10,11,0,0,0,1,1,0,0,24,0,7,18,0,0.0,0,0,7,13,0,0.0,1,11.1,0.6,2.02,Dropout
STU-01980,1,1,1,14,1,1,1,10,1,10,10,1,0,0,1,0,1,0,18,0,6,8,5,13.5,0,0,6,6,6,14.5,0,12.4,0.5,1.79,Graduate
STU-00420,1,1,4,12,1,1,1,1,14,5,6,0,0,0,1,0,0,0,18,0,7,0,0,0.0,0,0,8,0,0,0.0,0,12.7,3.7,-1.7,Dropout
STU-04251,4,12,1,12,1,12,1,22,27,6,8,0,0,0,0,0,0,0,40,0,8,11,5,11.832,4,0,8,11,5,11.832,4,9.4,-0.8,-3.12,Dropout
STU-01595,1,8,1,9,1,1,1,1,28,10,10,1,0,0,1,1,0,0,19,0,5,10,2,10.5,0,0,5,5,4,11.75,0,12.4,0.5,1.79,Enrolled
STU-00481,1,1,1,12,1,1,1,1,1,5,5,0,0,0,1,0,0,0,19,0,7,10,6,11.614285714285714,0,0,8,8,8,14.0375,0,13.9,-0.3,0.79,Graduate
STU-03557,1,12,1,11,1,9,1,22,27,6,8,1,0,0,1,1,0,0,25,0,6,7,6,11.166666666666666,0,0,6,11,4,11.8,0,9.4,-0.8,-3.12,Enrolled
STU-02102,1,9,1,3,0,1,1,1,1,5,4,0,0,1,1,0,0,0,20,0,6,13,4,10.8,0,0,6,15,4,12.0,0,16.2,0.3,-0.92,Graduate
STU-03852,4,12,1,15,1,9,1,22,27,5,10,0,0,0,0,1,0,0,55,0,6,8,5,11.4,0,0,6,9,5,12.4,0,10.8,1.4,1.74,Dropout
STU-04093,1,1,1,12,1,1,1,1,1,5,11,0,0,0,1,0,0,0,18,0,7,7,6,13.861666666666666,0,0,8,16,0,0.0,1,12.4,0.5,1.79,Dropout
STU-01528,1,12,1,7,1,1,1,22,27,10,10,0,0,0,1,1,1,0,28,0,5,12,3,10.0,0,0,5,10,3,12.4,0,12.4,0.5,1.79,Graduate
STU-02128,1,1,3,12,1,1,1,12,13,2,2,1,0,0,0,0,0,0,18,0,8,9,6,12.758333333333333,1,0,8,9,6,12.758333333333333,1,9.4,-0.8,-3.12,Dropout
STU-03262,1,1,3,9,1,1,1,1,28,4,9,1,0,0,1,0,1,0,19,0,5,5,5,13.4,0,0,5,5,5,12.6,0,8.9,1.4,3.51,Graduate
STU-03457,1,4,1,10,1,3,1,22,27,10,10,1,0,0,1,0,0,0,36,10,14,21,13,13.071428571428571,0,4,11,16,11,13.0,0,16.2,0.3,-0.92,Graduate
STU-02855,1,1,1,12,1,1,1,13,14,10,11,1,0,1,1,0,0,0,19,0,7,0,0,0.0,0,0,8,0,0,0.0,0,11.1,0.6,2.02,Dropout
STU-04361,1,8,4,12,1,1,1,13,27,5,9,1,0,0,1,0,0,0,19,0,7,7,6,11.966666666666669,0,0,7,7,6,11.966666666666669,0,7.6,2.6,0.32,Graduate
STU-02023,1,8,4,2,1,1,1,23,28,10,10,1,0,0,1,1,0,0,21,0,0,0,0,0.0,0,0,0,0,0,0.0,0,10.8,1.4,1.74,Dropout
STU-00012,1,1,1,12,1,1,1,13,28,10,10,1,0,0,1,0,1,0,18,0,8,8,7,13.214285714285714,0,0,8,8,7,13.214285714285714,0,12.7,3.7,-1.7,Graduate
STU-00080,2,12,1,3,0,1,1,22,27,10,7,0,0,0,1,1,0,0,33,0,6,8,6,12.0,0,0,6,6,6,11.666666666666666,0,10.8,1.4,1.74,Graduate
STU-02131,1,1,1,6,1,1,1,13,27,4,8,0,0,0,1,0,0,0,18,0,6,13,6,12.0,0,0,6,16,4,12.75,0,11.1,0.6,2.02,Enrolled
STU-00502,1,8,2,11,1,1,1,23,28,10,10,1,0,0,1,0,0,0,18,0,6,6,6,12.666666666666666,0,0,6,7,5,14.6,0,11.1,0.6,2.02,Graduate
STU-00860,1,1,1,15,1,1,1,19,28,1,4,0,0,0,1,1,0,0,20,0,6,11,4,10.75,0,0,6,13,2,10.0,0,7.6,2.6,0.32,Dropout
STU-01256,4,12,1,8,1,1,1,3,1,6,6,1,0,0,1,0,1,0,30,0,6,7,0,0.0,0,0,6,16,1,10.0,0,11.1,0.6,2.02,Dropout
STU-00631,1,12,1,12,1,1,1,13,27,10,10,0,0,0,1,0,1,0,25,0,8,8,7,12.042857142857144,0,0,8,8,7,12.042857142857144,0,12.7,3.7,-1.7,Graduate
STU-02667,1,8,4,5,1,1,1,23,1,10,10,1,0,0,1,1,0,0,19,0,6,6,6,13.833333333333334,0,0,6,8,6,13.125,0,10.8,1.4,1.74,Graduate
STU-01089,1,8,2,16,1,1,1,1,1,5,1,1,0,0,1,0,0,0,18,0,7,11,5,11.4,0,0,7,9,6,13.333333333333334,0,13.9,-0.3,0.79,Enrolled
STU-04227,1,8,2,3,0,1,1,13,1,6,6,1,0,0,1,0,1,0,19,0,6,10,4,11.5,0,0,6,11,6,11.5,0,9.4,-0.8,-3.12,Dropout
STU-01073,1,1,1,16,1,1,1,23,27,6,6,0,0,0,1,0,0,0,19,0,6,9,4,12.5,0,0,6,9,5,12.5,0,9.4,-0.8,-3.12,Enrolled
STU-01645,1,8,4,11,1,1,1,3,3,4,4,1,0,0,1,0,0,0,20,0,5,5,5,11.4,0,0,6,11,1,11.0,0,10.8,1.4,1.74,Dropout
STU-00144,1,1,3,10,1,1,1,1,10,10,11,1,0,0,1,0,1,0,19,0,6,7,6,11.333333333333334,0,0,6,6,6,11.5,0,12.4,0.5,1.79,Graduate
STU-00687,1,12,1,6,1,14,1,22,27,2,10,1,0,0,0,1,0,0,41,3,3,3,3,12.333333333333334,0,2,2,2,2,11.0,0,12.4,0.5,1.79,Dropout
STU-00546,1,1,2,9,1,1,1,13,1,6,11,0,0,0,1,1,0,0,20,0,5,9,4,10.2,0,0,5,6,3,11.0,0,15.5,2.8,-4.06,Enrolled
STU-03051,2,12,1,13,1,1,1,22,27,10,7,0,0,0,1,0,0,0,31,0,7,21,5,10.9,3,0,8,21,3,11.7,1,12.7,3.7,-1.7,Dropout
STU-01608,1,1,6,12,1,1,1,4,3,3,2,1,0,0,1,1,0,0,18,0,8,9,8,12.8875,1,0,8,9,8,12.8875,1,9.4,-0.8,-3.12,Graduate
STU-01855,1,12,1,6,1,1,1,22,27,12,12,0,0,1,0,1,0,0,35,0,5,7,2,11.5,0,0,5,8,2,10.5,0,7.6,2.6,0.32,Dropout
STU-00823,1,1,1,6,1,1,3,1,14,5,8,1,0,0,1,0,0,1,20,0,7,9,6,14.714285714285714,0,1,7,16,6,13.2,0,12.4,0.5,1.79,Enrolled
STU-03076,1,1,1,14,1,1,1,4,2,15,17,1,0,0,1,1,0,0,20,0,6,8,5,12.8,0,0,6,10,5,11.6,0,13.9,-0.3,0.79,Enrolled
STU-01332,1,1,1,12,1,1,1,1,1,4,11,0,0,0,1,0,0,0,18,0,7,7,7,13.7,0,0,8,9,8,13.994444444444444,0,11.1,0.6,2.02,Graduate
STU-03924,4,12,1,3,0,1,1,22,27,6,6,0,0,0,1,0,1,0,38,4,9,13,8,12.88888888888889,0,2,7,9,7,13.0,0,13.9,-0.3,0.79,Graduate
STU-03375,1,1,1,10,1,1,1,13,28,10,8,1,0,0,1,0,1,0,22,0,6,6,6,12.166666666666666,0,0,6,6,6,12.5,0,12.4,0.5,1.79,Graduate
STU-00861,1,9,2,7,1,1,1,1,2,6,5,1,0,0,1,1,0,0,18,0,5,7,5,12.6,0,0,5,9,3,13.25,0,13.9,-0.3,0.79,Dropout
STU-01917,1,8,5,12,1,1,1,13,28,6,9,1,0,0,1,0,1,0,18,0,7,7,6,12.6,0,0,7,7,6,12.6,0,7.6,2.6,0.32,Graduate
STU-00650,1,1,1,14,1,1,1,1,28,6,2,1,0,0,1,0,0,0,20,0,5,6,4,11.5,0,0,5,5,4,10.75,0,9.4,-0.8,-3.12,Graduate
STU-03102,1,8,4,9,1,1,1,1,1,5,6,1,0,0,1,0,0,0,19,0,5,6,5,12.4,0,0,5,5,5,12.8,0,7.6,2.6,0.32,Graduate
STU-02494,2,12,1,4,1,1,1,22,27,9,8,0,0,0,1,1,0,0,31,0,6,10,6,15.0,0,0,6,11,5,12.5,0,13.9,-0.3,0.79,Graduate
STU-03125,1,8,3,12,1,1,1,13,27,8,8,1,0,0,1,0,1,0,19,0,7,7,7,13.714285714285714,0,0,8,11,8,14.863636363636363,0,16.2,0.3,-0.92,Graduate
STU-03037,1,1,2,12,1,1,1,3,3,3,3,1,0,0,0,0,0,0,19,0,7,0,0,0.0,0,0,8,0,0,0.0,0,12.7,3.7,-1.7,Dropout
STU-01022,1,15,1,9,1,14,1,13,1,5,10,1,0,0,1,0,0,0,21,4,7,10,6,11.333333333333334,0,1,5,6,5,11.2,0,11.1,0.6,2.02,Graduate
STU-00733,1,1,1,11,1,1,1,1,14,7,7,1,0,0,1,1,0,0,21,0,6,9,6,12.0,0,0,6,8,5,11.6,0,13.9,-0.3,0.79,Graduate
STU-02590,1,1,4,16,1,1,1,13,1,6,10,1,0,0,1,0,0,0,18,0,6,7,5,12.2,0,0,6,7,5,12.2,0,10.8,1.4,1.74,Enrolled
STU-00938,1,15,1,17,0,14,1,22,27,7,7,0,0,0,1,0,0,0,31,2,6,8,6,12.0,0,2,7,8,7,13.428571428571429,0,9.4,-0.8,-3.12,Enrolled
STU-04383,1,1,1,12,1,1,1,1,1,10,10,0,0,0,1,0,0,0,19,0,8,8,7,15.0,0,0,8,8,7,15.0,0,12.7,3.7,-1.7,Graduate
STU-01885,2,12,1,12,1,1,1,22,27,29,37,0,0,0,1,0,0,0,48,0,7,11,4,11.75,0,0,7,14,3,11.725,0,11.1,0.6,2.02,Enrolled
STU-00235,1,1,1,9,1,1,1,22,1,10,11,0,0,0,1,0,0,0,21,0,5,12,3,12.0,0,0,5,12,1,15.0,3,16.2,0.3,-0.92,Dropout
STU-03446,1,1,5,12,1,1,1,13,1,10,6,1,0,0,1,0,1,0,19,0,7,8,7,11.678571428571429,0,0,8,10,7,13.0375,0,12.4,0.5,1.79,Graduate
STU-00159,1,1,3,10,1,1,1,13,1,10,11,1,0,0,1,0,0,0,20,0,6,10,4,11.0,0,0,6,9,6,11.833333333333334,0,9.4,-0.8,-3.12,Graduate
STU-04154,1,1,1,2,1,1,1,13,4,10,3,1,0,1,1,0,0,0,19,0,0,0,0,0.0,0,0,0,0,0,0.0,0,12.7,3.7,-1.7,Enrolled
STU-01231,1,1,1,10,1,1,1,13,28,6,7,0,0,0,1,0,1,0,22,0,6,10,5,10.714285714285714,0,0,6,10,5,12.2,0,12.7,3.7,-1.7,Graduate
STU-00363,1,8,4,9,1,1,1,13,28,10,11,1,0,0,1,0,0,0,20,0,5,10,3,10.333333333333334,0,0,5,9,4,11.0,2,16.2,0.3,-0.92,Enrolled
STU-04055,1,1,2,15,1,1,1,22,27,6,6,1,1,0,1,0,1,0,20,0,6,6,6,14.666666666666666,0,0,6,7,6,14.571428571428571,0,8.9,1.4,3.51,Graduate
STU-00074,1,8,4,11,1,1,1,23,27,6,8,1,0,0,1,1,0,0,18,0,6,12,3,11.666666666666666,0,0,6,12,1,12.0,0,12.4,0.5,1.79,Dropout
STU-01090,1,14,1,2,1,1,1,13,14,6,8,0,0,0,1,0,0,0,18,0,0,0,0,0.0,0,0,0,0,0,0.0,0,15.5,2.8,-4.06,Enrolled
STU-00142,1,1,6,15,1,1,1,13,1,5,5,1,0,0,1,0,1,0,19,0,6,8,6,12.666666666666666,0,0,6,10,5,12.0,0,12.4,0.5,1.79,Graduate
STU-02542,1,1,1,16,1,1,1,13,14,5,6,0,0,0,1,0,1,0,19,0,7,8,6,12.833333333333334,0,0,6,6,0,0.0,0,13.9,-0.3,0.79,Dropout
STU-01781,1,1,1,14,1,1,1,1,27,10,11,0,0,0,1,1,0,0,21,0,6,6,5,12.8,0,0,6,9,5,12.25,0,10.8,1.4,1.74,Enrolled
STU-01767,1,12,1,4,1,1,14,1,1,10,10,0,0,1,0,0,0,1,29,3,9,9,3,14.333333333333334,0,1,7,8,1,14.0,0,15.5,2.8,-4.06,Dropout
STU-00222,2,1,4,16,1,1,1,22,27,6,8,0,1,0,1,0,1,0,19,0,6,6,6,13.333333333333334,0,0,6,6,6,14.5,0,10.8,1.4,1.74,Graduate
STU-03708,1,8,3,2,1,1,1,22,27,6,11,1,0,0,1,1,0,0,22,0,0,0,0,0.0,0,0,0,0,0,0.0,0,12.4,0.5,1.79,Graduate
STU-00811,1,1,1,10,1,1,1,1,1,10,5,1,0,1,0,0,1,0,22,0,6,0,0,0.0,0,0,6,0,0,0.0,0,12.4,0.5,1.79,Dropout
STU-03442,1,1,1,14,1,1,1,23,14,5,9,0,0,0,1,0,0,0,19,0,6,8,3,11.666666666666666,0,0,6,11,5,13.625,0,10.8,1.4,1.74,Enrolled
STU-00147,1,1,4,11,1,1,1,10,14,10,10,1,0,0,1,0,0,0,19,0,5,10,0,0.0,0,0,5,10,0,0.0,0,7.6,2.6,0.32,Dropout
STU-01147,1,1,1,2,1,1,1,13,28,5,6,1,0,0,1,0,0,0,18,0,0,0,0,0.0,0,0,0,0,0,0.0,0,7.6,2.6,0.32,Enrolled
STU-02784,1,1,1,10,1,1,1,22,27,10,8,1,0,0,1,0,0,0,20,0,6,7,5,13.2,0,0,6,6,6,12.666666666666666,0,10.8,1.4,1.74,Enrolled
STU-00994,1,15,2,10,1,14,1,3,14,5,10,1,0,0,1,0,0,0,19,3,6,6,6,14.166666666666666,0,2,6,6,6,13.5,0,12.4,0.5,1.79,Graduate
STU-00100,1,1,4,12,1,1,1,3,3,3,3,1,0,1,0,0,0,0,19,0,7,10,4,11.96,0,0,7,7,0,0.0,0,13.9,-0.3,0.79,Dropout
STU-02457,1,12,1,5,1,1,1,22,27,8,8,0,0,0,1,1,0,0,55,0,6,6,6,14.5,0,0,6,6,6,13.5,0,11.1,0.6,2.02,Graduate
STU-02078,1,8,1,12,1,1,1,13,27,5,9,1,0,0,1,0,0,0,18,0,8,9,8,14.3775,1,0,8,9,8,14.3775,1,9.4,-0.8,-3.12,Graduate
STU-02040,1,1,4,10,1,1,1,23,14,8,8,1,0,0,1,0,1,0,18,0,6,6,6,12.5,0,0,6,6,6,11.666666666666666,0,10.8,1.4,1.74,Graduate
STU-03560,1,1,1,14,1,1,1,2,1,3,5,1,0,0,1,1,0,0,20,0,5,5,5,12.6,0,0,5,6,4,14.5,1,7.6,2.6,0.32,Graduate
STU-02951,2,1,1,4,1,1,1,13,28,6,6,0,0,0,1,0,0,0,20,0,6,11,6,14.125,0,0,6,10,5,12.6,0,13.9,-0.3,0.79,Graduate
STU-04349,1,1,1,12,1,1,1,3,1,3,10,1,0,0,1,0,0,0,20,0,7,7,7,14.105714285714289,0,0,8,8,8,13.6625,0,11.1,0.6,2.02,Graduate
STU-00082,1,12,1,17,0,2,1,3,3,3,3,1,0,0,1,1,0,0,35,0,1,1,0,0.0,1,0,5,0,0,0.0,0,10.8,1.4,1.74,Dropout
STU-00686,2,14,1,17,0,1,1,22,27,10,10,0,0,0,1,1,0,0,46,6,10,13,9,12.2,0,4,10,12,10,12.8,0,7.6,2.6,0.32,Graduate
STU-02024,1,1,1,5,1,1,1,1,10,6,9,1,0,0,1,1,0,0,19,0,6,6,6,11.5,0,0,6,8,6,12.285714285714286,0,8.9,1.4,3.51,Graduate
STU-02843,2,12,1,5,1,1,1,3,1,3,6,0,0,0,1,0,1,0,30,1,6,8,6,13.0,1,0,6,9,5,12.857142857142858,0,13.9,-0.3,0.79,Graduate
STU-02389,1,8,4,9,1,1,1,23,14,6,6,1,0,0,1,1,1,0,18,0,5,8,4,10.8,0,0,5,10,2,12.5,0,11.1,0.6,2.02,Dropout
STU-02313,1,1,1,9,1,1,1,19,14,1,5,1,0,0,1,1,1,0,18,0,5,7,4,12.75,0,0,5,5,0,0.0,0,7.6,2.6,0.32,Dropout
STU-01308,1,8,3,9,1,1,1,13,28,6,8,1,0,0,1,0,1,0,18,0,5,5,5,13.4,0,0,5,6,5,12.2,0,12.7,3.7,-1.7,Graduate
STU-00306,1,1,1,14,1,1,1,1,14,5,11,1,0,0,1,0,0,0,19,0,6,8,4,11.0,0,0,6,9,4,11.0,0,10.8,1.4,1.74,Enrolled
STU-02579,1,8,4,12,1,1,1,13,27,6,9,1,0,0,1,0,0,0,18,0,7,7,6,13.983333333333334,0,0,7,7,6,13.983333333333334,0,7.6,2.6,0.32,Graduate
STU-01835,1,8,1,12,1,1,1,13,28,4,10,0,0,0,1,0,1,0,19,0,7,11,6,13.8875,0,0,8,9,8,14.864444444444445,0,15.5,2.8,-4.06,Graduate
STU-02126,1,14,1,11,1,1,1,23,28,10,10,0,0,0,1,0,1,0,19,0,6,0,0,0.0,0,0,6,11,1,10.0,0,10.8,1.4,1.74,Dropout
STU-03697,1,14,1,11,1,1,1,22,27,10,10,0,0,0,1,1,0,0,21,0,6,6,6,12.666666666666666,0,0,6,7,5,11.4,0,9.4,-0.8,-3.12,Graduate
STU-04025,1,6,1,13,1,1,12,3,14,14,29,0,0,0,1,0,0,1,20,0,7,14,0,0.0,6,0,7,12,2,11.666666666666666,0,8.9,1.4,3.51,Enrolled
STU-04139,1,8,2,16,1,1,1,22,27,6,1,0,0,0,1,0,0,0,18,0,6,11,3,12.333333333333334,0,0,6,11,4,13.5,0,7.6,2.6,0.32,Dropout
STU-03422,1,15,1,6,1,14,1,22,28,10,7,1,0,0,1,0,0,0,23,0,6,7,0,0.0,0,0,6,7,0,0.0,0,11.1,0.6,2.02,Dropout
STU-03013,1,7,1,12,1,1,1,22,27,10,10,1,0,0,1,0,0,0,20,0,7,7,6,13.755,0,0,8,9,7,13.571428571428571,0,12.4,0.5,1.79,Graduate
STU-00349,2,12,1,10,1,1,1,22,27,10,10,0,0,0,1,0,0,0,44,0,6,8,6,13.0,0,0,6,6,6,13.833333333333334,0,12.7,3.7,-1.7,Graduate
STU-03572,1,8,1,7,1,1,1,1,28,5,6,0,0,0,1,1,0,0,18,0,5,6,5,16.2,0,0,5,8,5,16.0,0,8.9,1.4,3.51,Graduate
STU-00666,1,1,1,6,1,1,5,3,3,7,7,1,0,0,1,0,1,1,19,0,5,6,5,15.4,0,0,5,5,5,16.0,0,10.8,1.4,1.74,Graduate
STU-00857,1,1,1,10,1,1,1,1,14,5,4,1,0,0,1,1,0,0,22,0,6,6,6,12.666666666666666,0,0,6,6,6,13.833333333333334,0,10.8,1.4,1.74,Dropout
STU-03615,1,6,1,7,1,1,14,2,2,3,3,0,0,1,1,1,0,1,24,2,8,8,7,13.142857142857142,0,1,6,8,6,11.833333333333334,0,8.9,1.4,3.51,Enrolled
STU-02431,1,1,1,15,1,1,1,23,28,7,4,0,0,0,1,1,1,0,18,0,6,12,4,11.5,0,0,6,10,5,12.6,0,10.8,1.4,1.74,Graduate
STU-04103,1,8,1,6,1,1,1,22,27,10,10,1,0,0,1,0,1,0,23,0,6,6,6,14.666666666666666,0,0,6,8,6,12.428571428571429,0,8.9,1.4,3.51,Graduate
STU-01279,1,12,1,3,0,1,1,1,10,5,6,0,0,0,1,1,1,0,24,0,6,6,4,12.25,0,0,6,10,4,11.5,0,12.4,0.5,1.79,Enrolled
STU-00726,4,4,1,12,1,3,1,22,28,10,8,0,0,0,1,1,0,0,51,4,7,7,7,15.2,0,6,8,8,8,16.575,0,13.9,-0.3,0.79,Graduate
STU-02365,1,1,1,4,1,1,1,13,14,10,10,0,0,0,1,1,1,0,19,0,6,9,4,12.0,2,0,6,10,4,12.5,0,15.5,2.8,-4.06,Enrolled
STU-03579,1,8,4,6,1,1,1,1,3,6,6,1,0,0,1,1,0,0,21,0,6,0,0,0.0,0,0,6,0,0,0.0,0,10.8,1.4,1.74,Dropout
STU-04280,1,8,1,11,1,1,1,13,1,10,10,0,0,0,1,1,1,0,20,0,6,6,0,0.0,0,0,6,12,0,0.0,0,10.8,1.4,1.74,Dropout
STU-02286,2,13,1,9,1,1,1,22,27,10,10,0,0,0,0,1,0,0,49,0,5,5,0,0.0,0,0,5,9,0,0.0,0,10.8,1.4,1.74,Dropout
STU-03317,1,4,1,7,1,3,1,13,14,2,2,0,0,0,0,1,0,0,40,1,5,7,1,13.0,0,2,5,5,2,14.0,0,12.7,3.7,-1.7,Dropout
STU-02124,1,8,3,10,1,1,1,1,14,5,11,1,0,0,1,0,0,0,19,0,6,10,5,11.285714285714286,0,0,6,7,0,0.0,0,16.2,0.3,-0.92,Dropout
STU-02574,1,1,4,12,1,1,1,22,14,10,10,1,0,0,1,0,0,0,19,0,7,7,6,14.983333333333334,0,0,7,7,6,14.983333333333334,0,7.6,2.6,0.32,Graduate
STU-00534,1,15,1,5,1,14,1,1,14,5,8,0,0,1,0,1,0,0,20,0,6,11,0,0.0,6,0,6,12,0,0.0,12,16.2,0.3,-0.92,Dropout
STU-00532,1,8,1,14,1,1,1,13,27,10,9,1,0,0,1,1,0,0,22,0,6,0,0,0.0,0,0,6,0,0,0.0,0,13.9,-0.3,0.79,Dropout
STU-00378,1,1,1,12,1,1,1,1,1,5,5,1,0,0,1,0,1,0,18,0,7,7,7,15.135714285714286,0,0,8,8,8,15.287499999999998,0,12.4,0.5,1.79,Graduate
STU-02521,1,1,6,11,1,1,1,23,27,6,8,1,0,0,1,0,1,0,18,0,6,7,6,13.0,0,0,6,6,6,13.0,0,12.4,0.5,1.79,Graduate
STU-00723,1,1,1,2,1,1,1,13,28,10,6,1,0,0,1,1,0,0,22,0,0,0,0,0.0,0,0,0,0,0,0.0,0,7.6,2.6,0.32,Graduate
STU-00998,1,15,1,6,1,14,3,13,1,7,5,1,0,0,1,0,0,1,22,0,6,12,5,12.8,0,0,6,19,2,11.5,0,12.4,0.5,1.79,Enrolled
STU-00321,1,4,1,6,1,15,1,13,14,10,6,0,0,1,0,0,0,0,26,0,3,3,0,0.0,0,0,6,0,0,0.0,0,8.9,1.4,3.51,Dropout
STU-03014,1,8,1,14,1,1,1,1,1,4,4,1,0,0,1,0,1,0,18,0,6,7,6,13.833333333333334,0,0,6,11,6,13.5,0,8.9,1.4,3.51,Graduate
STU-03580,1,1,1,14,1,1,1,3,27,5,8,0,0,0,1,1,1,0,20,0,6,7,6,14.833333333333334,0,0,6,6,6,14.833333333333334,0,12.7,3.7,-1.7,Graduate
STU-01606,1,17,1,4,1,16,1,23,28,10,10,1,0,1,1,1,0,0,20,7,12,16,11,12.545454545454543,0,5,10,12,8,11.625,0,8.9,1.4,3.51,Enrolled
STU-00976,1,8,3,7,1,1,1,1,14,10,4,1,0,1,0,1,0,0,18,0,5,10,3,12.0,0,0,5,8,3,10.333333333333334,0,8.9,1.4,3.51,Enrolled
STU-03161,1,1,2,2,1,1,1,23,14,10,10,1,0,0,1,1,1,0,21,0,0,0,0,0.0,0,0,0,0,0,0.0,0,10.8,1.4,1.74,Graduate
STU-00314,1,8,4,16,1,1,1,23,28,6,8,1,0,0,1,0,1,0,20,0,6,8,5,13.4,0,0,6,9,5,13.666666666666666,0,9.4,-0.8,-3.12,Graduate
STU-01761,1,1,2,10,1,1,1,13,14,29,36,1,0,1,1,0,0,0,20,0,6,7,6,12.666666666666666,0,0,6,7,6,11.833333333333334,0,8.9,1.4,3.51,Graduate
STU-03651,1,14,1,5,1,1,1,1,28,4,10,1,0,0,1,0,1,0,20,5,12,12,12,13.25,0,5,12,12,11,12.727272727272728,0,15.5,2.8,-4.06,Graduate
STU-03294,1,8,3,12,1,1,1,13,3,10,6,1,0,0,1,0,0,0,18,0,8,8,7,13.68142857142857,0,0,8,8,7,13.68142857142857,0,10.8,1.4,1.74,Enrolled
STU-00806,1,8,2,9,1,1,1,13,1,10,4,1,0,1,1,0,0,0,20,0,5,10,2,11.5,0,0,5,8,3,10.0,0,11.1,0.6,2.02,Enrolled
STU-03205,1,8,5,15,1,1,1,23,1,5,5,1,0,0,1,1,0,0,18,0,6,6,6,13.0,0,0,6,12,0,0.0,0,7.6,2.6,0.32,Dropout
STU-03055,1,8,1,10,1,1,1,23,28,10,7,0,0,0,1,0,1,0,19,0,6,8,6,14.0,0,0,6,7,6,14.571428571428571,0,16.2,0.3,-0.92,Graduate
STU-03050,1,1,2,6,1,1,1,23,27,6,8,1,0,0,1,0,0,0,18,0,5,9,4,13.0,0,0,5,8,5,13.142857142857142,0,10.8,1.4,1.74,Graduate
STU-03132,1,1,3,12,1,1,1,23,28,10,9,1,0,0,1,0,1,0,19,0,8,8,7,12.785714285714286,0,0,8,8,7,12.785714285714286,0,12.7,3.7,-1.7,Graduate
STU-02996,1,8,5,12,1,1,1,1,1,6,6,1,0,0,1,0,1,0,18,0,7,7,7,13.857142857142858,0,0,8,8,8,14.9,0,13.9,-0.3,0.79,Graduate
STU-03113,1,8,4,11,1,1,1,1,1,5,5,1,0,0,1,0,0,0,19,0,6,7,6,11.666666666666666,0,0,6,6,6,12.333333333333334,0,13.9,-0.3,0.79,Dropout
STU-04261,1,12,1,4,1,1,1,22,27,10,10,0,0,1,0,0,0,0,48,0,6,6,0,0.0,0,0,6,6,0,0.0,0,11.1,0.6,2.02,Dropout
STU-04418,1,1,1,5,1,1,1,1,1,10,10,1,0,0,1,0,1,0,20,0,6,6,6,13.833333333333334,0,0,6,6,6,13.5,0,16.2,0.3,-0.92,Graduate
STU-01144,1,1,1,16,1,1,1,13,14,10,6,0,0,1,1,0,1,0,18,0,6,6,6,13.333333333333334,0,0,6,7,6,12.571428571428571,0,12.7,3.7,-1.7,Graduate
STU-01961,1,1,1,10,1,1,1,1,1,5,10,1,0,1,1,0,1,0,19,0,6,6,6,12.833333333333334,0,0,6,6,6,12.666666666666666,0,9.4,-0.8,-3.12,Graduate
STU-03623,1,1,2,10,1,1,1,13,27,10,10,1,0,0,1,0,1,0,18,0,6,6,6,13.166666666666666,0,0,6,6,6,16.0,0,10.8,1.4,1.74,Graduate
STU-04222,1,1,1,10,1,1,1,22,27,10,10,0,0,0,1,0,0,0,18,0,6,10,6,17.0,0,0,6,11,6,16.0,0,12.4,0.5,1.79,Graduate
STU-02342,1,8,4,7,1,1,1,22,14,10,5,1,0,0,1,1,0,0,18,0,5,8,4,12.5,0,0,5,7,3,14.666666666666666,1,7.6,2.6,0.32,Enrolled
STU-00141,1,1,5,12,1,1,1,22,27,10,10,1,0,0,1,0,0,0,19,0,7,7,6,12.666666666666666,0,0,7,7,6,12.666666666666666,0,7.6,2.6,0.32,Graduate
STU-00175,1,8,2,11,1,1,1,22,27,10,9,1,0,1,0,0,0,0,20,0,6,8,4,11.75,0,0,6,6,6,13.166666666666666,0,11.1,0.6,2.02,Dropout
STU-03269,2,12,1,12,1,1,1,22,28,10,9,0,0,0,1,0,0,0,30,0,7,0,0,0.0,0,0,8,0,0,0.0,0,13.9,-0.3,0.79,Dropout
STU-03793,1,9,1,7,1,1,1,13,1,12,4,1,0,1,0,1,0,0,24,0,5,8,0,0.0,0,0,5,5,0,0.0,0,9.4,-0.8,-3.12,Dropout
STU-04378,2,14,1,17,0,1,1,22,27,10,10,0,0,0,1,0,0,0,28,14,15,15,14,11.071428571428571,0,12,14,16,12,11.333333333333334,1,9.4,-0.8,-3.12,Dropout
STU-02065,1,8,4,9,1,1,1,23,14,10,10,1,0,0,1,0,0,0,21,0,5,5,5,12.6,0,0,5,5,5,13.2,0,8.9,1.4,3.51,Graduate
STU-00555,1,8,2,9,1,1,1,1,1,5,5,0,0,0,1,1,0,0,20,0,5,14,0,0.0,0,0,5,5,0,0.0,0,11.1,0.6,2.02,Dropout
STU-02084,1,1,3,15,1,1,1,3,1,3,4,1,0,0,1,0,0,0,18,0,6,7,6,14.857142857142858,0,0,6,6,6,14.666666666666666,0,13.9,-0.3,0.79,Graduate
STU-01683,1,1,2,14,1,1,1,13,1,10,5,1,0,1,1,1,0,0,20,0,5,5,4,12.0,0,0,5,6,5,11.6,0,9.4,-0.8,-3.12,Dropout
STU-00069,1,1,3,9,1,1,1,1,28,8,8,0,0,1,1,1,0,0,19,0,5,8,5,11.2,0,0,5,10,4,10.75,3,16.2,0.3,-0.92,Dropout
STU-00252,1,1,3,15,1,1,1,23,27,8,8,1,0,0,1,0,1,0,18,0,6,6,6,15.0,0,0,6,6,6,12.833333333333334,0,8.9,1.4,3.51,Dropout
STU-03874,1,1,2,5,1,1,1,13,14,4,4,1,1,0,0,1,0,0,19,0,6,9,4,12.5,0,0,6,6,0,0.0,0,9.4,-0.8,-3.12,Dropout
STU-00740,1,16,1,15,1,1,1,1,14,9,9,1,0,0,1,1,0,0,20,1,7,7,6,13.833333333333334,0,1,6,7,5,13.0,0,8.9,1.4,3.51,Dropout
STU-00212,1,1,1,12,1,1,1,22,27,10,10,0,0,0,1,0,1,0,18,0,7,7,6,12.916666666666666,0,0,7,7,6,12.916666666666666,0,7.6,2.6,0.32,Graduate
STU-03714,1,14,1,1,1,1,1,22,27,2,2,1,0,0,1,1,0,0,32,0,7,7,0,0.0,0,0,7,8,0,0.0,0,13.9,-0.3,0.79,Dropout
STU-00768,1,4,1,17,0,15,1,1,27,5,2,0,0,0,1,0,0,0,26,8,9,11,9,12.333333333333334,0,4,7,7,7,12.571428571428571,0,12.4,0.5,1.79,Graduate
STU-00079,1,8,4,12,1,1,1,23,27,10,10,0,0,0,1,1,1,0,22,0,7,7,7,14.842857142857142,0,0,8,9,8,15.055555555555555,0,16.2,0.3,-0.92,Graduate
STU-04388,2,1,1,17,0,1,1,22,27,10,10,0,0,0,0,0,0,0,29,0,5,6,4,12.25,0,0,5,6,5,10.166666666666666,0,10.8,1.4,1.74,Dropout
STU-00283,2,16,1,17,0,1,1,22,27,9,5,0,0,0,1,0,0,0,31,1,5,5,5,14.0,0,0,5,5,5,13.8,0,8.9,1.4,3.51,Graduate
STU-00952,2,12,1,17,0,1,1,22,27,10,10,0,0,1,0,1,0,0,45,0,5,9,0,0.0,0,0,5,11,0,0.0,0,12.4,0.5,1.79,Dropout
STU-02030,1,1,1,15,1,1,1,22,28,10,7,1,0,0,1,1,0,0,18,0,6,6,6,13.833333333333334,0,0,6,6,6,13.666666666666666,0,12.7,3.7,-1.7,Graduate
STU-00369,1,1,1,16,1,1,1,23,27,29,46,1,0,0,1,0,1,0,19,0,7,8,7,13.857142857142858,0,0,7,8,6,13.666666666666666,0,8.9,1.4,3.51,Graduate
STU-00050,1,1,1,10,1,1,1,22,28,10,10,0,0,0,1,0,1,0,19,0,6,7,5,12.333333333333334,0,0,6,7,6,12.833333333333334,0,12.7,3.7,-1.7,Graduate
STU-01537,1,12,1,12,1,1,1,22,14,10,9,1,0,0,1,0,0,0,27,0,7,14,0,0.0,0,0,7,14,0,0.0,0,11.1,0.6,2.02,Dropout
STU-02946,2,12,1,16,1,1,1,22,14,10,6,0,0,0,1,0,0,0,45,0,7,12,4,10.25,0,0,7,10,3,13.0,0,11.1,0.6,2.02,Dropout
STU-02736,1,1,1,12,1,1,1,22,27,10,10,1,0,1,1,0,0,0,20,0,7,7,6,15.4,0,0,7,7,6,15.4,0,7.6,2.6,0.32,Graduate
STU-01542,2,12,1,16,1,9,1,22,27,8,9,0,0,0,1,0,0,0,41,0,6,0,0,0.0,0,0,6,0,0,0.0,0,16.2,0.3,-0.92,Dropout
STU-02893,1,1,2,14,1,1,1,1,14,5,8,1,0,0,1,0,1,0,18,0,6,6,6,13.166666666666666,0,0,6,8,6,12.428571428571429,0,8.9,1.4,3.51,Graduate
STU-01053,1,8,3,12,1,1,1,3,3,5,6,1,0,0,1,0,0,0,18,0,7,8,7,14.85,0,0,8,8,8,15.2,0,13.9,-0.3,0.79,Dropout
STU-02571,1,1,4,12,1,1,1,13,27,10,8,0,0,1,1,0,0,0,18,0,8,9,8,14.4025,1,0,8,9,8,14.4025,1,9.4,-0.8,-3.12,Graduate
STU-03586,1,12,1,1,1,1,1,13,27,10,10,0,0,0,1,1,0,0,25,0,7,13,2,15.0,0,0,7,12,2,11.5,0,12.4,0.5,1.79,Dropout
STU-00517,2,12,1,4,1,1,1,22,14,10,5,0,0,0,1,0,0,0,50,0,6,7,6,12.5,0,0,6,15,5,12.4,0,8.9,1.4,3.51,Graduate
STU-03399,2,1,5,12,1,1,1,1,14,5,5,0,0,0,1,0,0,0,19,0,7,7,6,14.35,0,0,7,7,6,14.35,0,7.6,2.6,0.32,Graduate
STU-00024,1,1,4,14,1,1,1,1,28,5,8,1,0,0,1,0,1,0,19,0,6,8,6,13.375,0,0,6,7,6,12.285714285714286,0,11.1,0.6,2.02,Graduate
STU-01107,1,1,2,12,1,1,1,19,24,1,1,1,0,0,1,0,1,0,20,0,8,8,7,14.901428571428571,1,0,8,8,7,14.901428571428571,1,9.4,-0.8,-3.12,Dropout
STU-00734,2,12,2,9,1,1,1,13,27,5,8,0,0,0,1,1,0,0,34,0,5,10,3,11.666666666666666,1,0,5,7,4,12.75,0,9.4,-0.8,-3.12,Graduate
STU-02301,1,15,1,7,1,14,1,5,31,4,3,0,0,0,1,1,0,0,23,3,7,12,3,14.0,0,1,6,12,1,14.0,0,12.4,0.5,1.79,Enrolled
STU-02751,1,12,1,7,1,1,1,1,28,5,8,0,0,0,0,1,0,0,25,0,5,8,0,0.0,0,0,5,5,0,0.0,0,9.4,-0.8,-3.12,Dropout
STU-00230,1,14,1,12,1,1,1,1,1,6,9,1,0,0,1,0,1,0,19,0,8,15,7,11.571428571428571,0,0,8,15,7,11.571428571428571,0,12.7,3.7,-1.7,Graduate
STU-03514,4,12,1,14,1,12,1,22,27,10,8,0,0,1,1,1,1,0,29,0,6,16,1,14.0,0,0,6,7,0,0.0,0,11.1,0.6,2.02,Dropout
STU-02354,1,8,1,14,1,1,1,22,27,10,10,1,0,0,1,1,1,0,21,0,6,8,4,14.75,0,0,6,6,5,11.8,0,12.7,3.7,-1.7,Graduate
STU-00491,1,1,1,5,1,1,1,13,1,4,9,0,0,0,1,0,0,0,23,1,6,8,6,13.0,1,0,6,8,6,11.875,0,13.9,-0.3,0.79,Graduate
STU-00494,1,1,1,6,1,1,1,22,27,10,5,1,0,1,1,0,0,0,22,0,6,9,5,13.333333333333334,0,0,6,17,4,11.4,0,12.4,0.5,1.79,Enrolled
STU-02109,1,8,1,6,1,1,1,2,14,3,10,1,0,0,1,0,0,0,18,0,5,12,2,11.5,0,0,5,12,3,11.8,2,10.8,1.4,1.74,Enrolled
STU-01724,1,1,1,15,1,1,1,2,1,10,10,1,1,0,1,0,1,0,18,0,6,9,6,11.166666666666666,0,0,6,11,5,12.4,0,10.8,1.4,1.74,Graduate
STU-02444,2,12,1,4,1,3,1,3,14,5,7,0,0,0,1,1,0,0,32,0,6,8,6,18.875,0,6,12,14,12,17.692307692307693,0,16.2,0.3,-0.92,Graduate
STU-03311,2,12,1,3,0,1,1,13,14,10,8,0,0,0,1,0,1,0,32,0,6,6,6,11.333333333333334,0,0,6,8,5,13.0,0,15.5,2.8,-4.06,Graduate
STU-04281,1,12,1,17,0,1,1,13,27,10,8,0,0,0,1,1,0,0,27,0,5,7,1,11.0,0,0,5,7,0,0.0,0,13.9,-0.3,0.79,Dropout
STU-00427,1,1,4,14,1,1,1,23,28,4,8,1,0,0,1,0,0,0,19,0,6,8,6,13.5,0,0,6,9,6,13.571428571428571,0,11.1,0.6,2.02,Graduate
STU-00469,1,1,5,12,1,1,1,13,28,5,9,1,0,0,1,0,1,0,18,0,8,9,8,13.31,1,0,8,9,8,13.31,1,9.4,-0.8,-3.12,Graduate
STU-01556,1,1,2,12,1,1,1,1,14,3,8,1,0,0,1,0,0,0,21,0,7,7,7,12.835714285714284,0,0,8,8,8,14.23125,0,11.1,0.6,2.02,Graduate
STU-04043,1,1,1,15,1,1,1,13,14,10,10,1,0,0,1,0,0,0,18,0,6,6,5,12.6,0,0,6,8,6,12.0,0,11.1,0.6,2.02,Graduate
STU-02079,1,8,2,12,1,1,1,3,3,4,7,1,0,0,1,0,0,0,18,0,7,8,7,12.5,0,0,8,9,7,13.042857142857144,0,13.9,-0.3,0.79,Graduate
STU-03158,1,1,1,9,1,1,1,13,14,6,6,1,0,0,1,0,0,0,22,0,5,8,3,10.333333333333334,0,0,5,11,2,10.0,0,7.6,2.6,0.32,Dropout
STU-02075,1,1,1,10,1,1,1,13,28,4,10,1,0,0,1,0,1,0,18,0,6,6,6,14.0,0,0,6,6,6,13.666666666666666,0,12.4,0.5,1.79,Graduate
STU-01906,1,15,1,10,1,14,1,1,27,5,9,1,0,0,1,0,1,0,20,3,6,6,6,13.333333333333334,0,2,6,6,6,14.166666666666666,0,13.9,-0.3,0.79,Graduate
STU-01224,2,12,1,3,0,12,1,1,14,2,6,0,0,1,1,0,1,0,33,0,6,9,5,13.833333333333334,0,0,6,7,6,12.5,0,9.4,-0.8,-3.12,Graduate
STU-01510,1,14,1,12,1,1,16,1,1,7,7,0,0,0,1,0,0,1,39,0,7,0,0,0.0,0,0,8,0,0,0.0,0,12.7,3.7,-1.7,Dropout
STU-03567,2,14,1,5,1,2,1,22,27,7,7,1,0,0,1,1,0,0,38,14,18,18,18,14.5,0,13,18,18,18,14.5,0,16.2,0.3,-0.92,Graduate
STU-02700,1,1,1,12,1,1,1,22,27,10,10,0,0,0,1,1,0,0,18,0,8,8,7,13.4,0,0,8,8,7,13.4,0,12.7,3.7,-1.7,Graduate
STU-01471,1,8,1,9,1,1,1,3,28,4,8,1,0,0,1,1,0,0,18,0,5,13,5,12.0,0,0,5,9,4,11.4,0,13.9,-0.3,0.79,Enrolled
STU-00338,1,1,4,12,1,1,1,23,28,8,8,1,0,0,1,0,1,0,18,0,8,8,8,13.39125,0,0,8,8,8,13.39125,0,9.4,-0.8,-3.12,Graduate
STU-00382,1,14,1,12,1,1,1,13,27,9,9,0,0,0,1,0,0,0,20,0,7,8,6,13.25,0,0,8,8,8,13.75,0,13.9,-0.3,0.79,Enrolled
STU-02016,1,1,1,10,1,1,1,13,14,7,7,1,0,0,1,0,0,0,20,0,6,6,6,11.5,0,0,6,7,6,13.285714285714286,0,11.1,0.6,2.02,Graduate
STU-02271,2,4,1,17,0,3,1,19,24,13,13,1,0,0,0,1,0,0,33,0,5,5,0,0.0,0,0,5,5,0,0.0,0,7.6,2.6,0.32,Dropout
STU-04163,4,14,1,16,1,1,16,13,16,12,12,0,0,0,1,0,0,1,33,0,6,6,6,12.166666666666666,0,0,6,9,3,11.0,0,7.6,2.6,0.32,Dropout
STU-01499,4,12,1,4,1,1,1,22,27,10,9,0,0,0,1,1,0,0,28,0,6,12,5,12.0,0,0,6,10,6,12.333333333333334,0,11.1,0.6,2.02,Enrolled
STU-00709,2,12,1,11,1,1,1,1,14,10,10,0,0,0,1,1,0,0,47,6,11,11,11,14.727272727272728,0,6,9,9,9,15.77777777777778,0,10.8,1.4,1.74,Graduate
STU-01387,1,14,1,8,1,1,1,2,3,4,3,1,0,0,0,1,0,0,22,0,6,0,0,0.0,0,0,4,6,0,0.0,2,10.8,1.4,1.74,Dropout
STU-01134,1,1,1,12,1,1,1,13,1,10,6,0,0,0,1,0,1,0,18,0,7,7,7,14.071428571428571,0,0,8,8,8,15.1625,0,13.9,-0.3,0.79,Graduate
STU-02054,1,1,6,12,1,1,1,1,28,4,10,1,0,0,1,0,0,0,19,0,7,10,5,13.44,0,0,7,8,6,13.066666666666668,0,12.4,0.5,1.79,Enrolled
STU-01453,1,1,1,2,1,1,1,1,1,5,2,1,0,0,1,1,0,0,20,0,0,0,0,0.0,0,0,0,0,0,0.0,0,10.8,1.4,1.74,Dropout
STU-02797,1,12,1,12,1,1,1,22,27,10,10,0,0,0,1,1,0,0,36,0,7,0,0,0.0,0,0,8,0,0,0.0,0,12.4,0.5,1.79,Dropout
STU-03133,1,1,1,8,1,1,1,3,1,3,5,1,0,0,1,0,0,0,18,0,6,11,6,14.444444444444445,0,0,6,6,6,13.333333333333334,0,16.2,0.3,-0.92,Graduate
STU-00411,1,1,2,12,1,1,1,13,14,8,8,1,0,0,1,0,1,0,18,0,8,8,7,14.654285714285717,0,0,8,8,7,14.654285714285717,0,10.8,1.4,1.74,Graduate
STU-03795,1,8,1,7,1,1,1,13,14,8,10,1,0,0,1,1,0,0,18,0,5,9,1,12.0,0,0,5,10,2,12.0,3,7.6,2.6,0.32,Dropout
STU-02071,1,1,1,14,1,1,1,1,27,2,11,1,0,0,1,0,0,0,19,0,6,7,6,12.833333333333334,0,0,6,10,6,11.77777777777778,0,8.9,1.4,3.51,Graduate
STU-00423,1,15,1,6,1,14,1,1,2,5,7,1,0,0,1,0,0,0,29,0,6,0,0,0.0,0,0,6,0,0,0.0,0,15.5,2.8,-4.06,Dropout
STU-02316,1,1,1,8,1,1,1,13,27,10,9,1,0,0,1,1,0,0,18,0,5,5,5,15.4,0,0,5,5,5,15.6,0,12.7,3.7,-1.7,Dropout
STU-02169,1,9,2,12,1,1,1,1,3,4,3,1,0,0,1,0,0,0,18,0,7,8,7,12.4,0,0,8,9,8,12.8,0,16.2,0.3,-0.92,Graduate
STU-03186,1,8,2,7,1,1,1,13,1,10,8,0,0,0,1,1,0,0,19,0,5,0,0,0.0,0,0,5,0,0,0.0,0,16.2,0.3,-0.92,Dropout
STU-02578,1,1,4,11,1,1,1,22,27,10,8,1,0,0,1,0,0,0,24,0,6,14,2,10.5,0,0,6,11,1,10.0,0,10.8,1.4,1.74,Dropout
STU-00621,1,1,1,15,1,1,1,3,14,5,6,1,0,0,1,0,0,0,20,0,6,6,6,13.833333333333334,0,0,6,6,6,12.5,0,12.7,3.7,-1.7,Graduate
STU-00798,1,9,3,12,1,1,1,1,1,5,9,1,0,0,1,0,0,0,18,0,7,8,7,13.087142857142856,0,0,8,8,8,12.95,0,11.1,0.6,2.02,Graduate
STU-02138,1,1,5,15,1,1,1,23,14,10,10,1,0,0,1,0,0,0,19,0,6,7,6,12.333333333333334,0,0,6,7,6,12.5,0,8.9,1.4,3.51,Graduate
STU-01060,1,1,1,12,1,1,1,13,14,5,11,0,0,0,1,0,0,0,20,0,8,8,7,12.685714285714283,0,0,8,8,7,12.685714285714283,0,12.7,3.7,-1.7,Graduate
STU-00614,1,8,3,9,1,1,1,1,14,6,8,0,0,0,1,0,0,0,20,0,5,11,4,11.0,0,0,5,7,5,13.2,0,12.4,0.5,1.79,Enrolled
STU-04143,1,14,1,3,0,9,1,19,24,1,13,0,0,0,1,0,0,0,29,0,6,10,6,11.666666666666666,0,0,6,7,6,11.0,0,7.6,2.6,0.32,Graduate
STU-02513,1,8,4,12,1,1,1,3,3,3,3,1,0,0,1,0,0,0,19,0,7,8,7,13.198571428571428,0,0,8,8,8,13.0625,0,11.1,0.6,2.02,Graduate
STU-02464,1,8,5,11,1,1,1,22,28,10,10,1,0,1,1,1,1,0,20,0,6,7,0,0.0,0,0,6,6,0,0.0,0,8.9,1.4,3.51,Dropout
STU-01713,1,13,1,12,1,1,14,3,1,4,11,1,0,0,0,0,0,1,33,1,7,10,5,12.16,0,0,6,7,5,11.34,0,12.4,0.5,1.79,Dropout
STU-00269,1,1,1,5,1,1,1,22,27,10,10,1,0,0,1,0,1,0,19,0,6,6,6,13.0,0,0,6,8,6,12.5,0,10.8,1.4,1.74,Graduate
STU-01027,1,1,1,6,1,1,1,18,14,5,12,0,0,0,1,0,0,0,18,0,5,6,5,14.2,0,0,5,7,5,11.8,0,7.6,2.6,0.32,Graduate
STU-02317,1,12,1,7,1,12,1,1,1,5,4,0,0,1,0,1,0,0,31,0,5,9,2,13.333333333333334,0,0,5,9,2,16.0,4,16.2,0.3,-0.92,Dropout
STU-00504,1,4,2,6,1,3,1,3,3,2,2,0,0,0,0,0,0,0,28,0,5,9,1,12.0,1,0,4,10,0,0.0,4,10.8,1.4,1.74,Dropout
STU-00487,1,14,2,14,1,1,1,23,14,5,4,1,0,0,1,0,0,0,20,4,6,7,6,11.5,0,0,6,10,4,10.571428571428571,0,10.8,1.4,1.74,Dropout
STU-00897,1,8,1,15,1,1,1,22,27,6,6,0,0,0,1,0,0,0,18,0,6,9,6,12.5,0,0,6,9,6,13.0,0,7.6,2.6,0.32,Graduate
STU-00873,1,13,1,17,0,1,1,13,14,6,6,0,0,0,1,1,0,0,30,11,15,15,13,11.461538461538462,0,6,11,15,10,11.583333333333334,1,16.2,0.3,-0.92,Graduate
STU-00344,1,12,1,4,1,3,1,3,3,2,3,0,0,0,1,0,0,0,35,0,6,10,6,14.0,0,0,6,11,6,13.1,0,16.2,0.3,-0.92,Graduate
STU-02213,1,1,1,7,1,1,1,23,14,6,6,0,0,0,1,1,0,0,19,0,5,7,5,10.2,0,0,5,8,3,12.0,0,10.8,1.4,1.74,Enrolled
STU-02152,1,15,1,6,1,14,1,3,1,3,10,1,0,0,1,0,0,0,21,1,6,13,3,11.75,0,1,6,13,5,12.333333333333334,0,12.4,0.5,1.79,Enrolled
STU-02924,1,12,1,14,1,1,1,19,24,1,1,0,0,0,1,0,0,0,25,0,5,6,1,11.0,0,0,5,5,0,0.0,0,7.6,2.6,0.32,Dropout
STU-03745,1,8,3,16,1,1,1,10,1,5,1,1,0,0,1,0,0,0,18,0,6,12,0,0.0,0,0,6,12,0,0.0,0,7.6,2.6,0.32,Dropout
STU-03822,1,12,1,4,1,1,1,1,28,6,7,0,0,0,1,1,0,0,26,0,6,9,0,0.0,0,0,6,6,0,0.0,0,13.9,-0.3,0.79,Dropout
STU-02059,1,1,1,9,1,1,1,1,14,6,8,1,0,0,1,0,1,0,21,0,5,6,5,12.8,1,0,5,7,4,11.25,0,9.4,-0.8,-3.12,Graduate
STU-01755,1,8,5,7,1,1,1,3,1,3,10,1,0,1,0,1,0,0,20,0,5,5,0,0.0,0,0,5,5,0,0.0,0,8.9,1.4,3.51,Dropout
STU-00581,1,12,1,3,0,1,1,19,5,1,2,1,0,0,1,0,0,0,31,0,6,12,0,0.0,0,0,6,0,0,0.0,0,7.6,2.6,0.32,Dropout
STU-02936,1,14,1,15,1,1,9,19,24,12,12,0,0,1,1,0,0,1,23,0,6,11,1,16.0,0,0,6,8,4,12.25,0,7.6,2.6,0.32,Dropout
STU-00272,1,1,2,9,1,1,1,1,14,10,10,1,0,0,0,0,0,0,20,0,5,10,2,10.0,0,0,5,12,1,13.0,0,7.6,2.6,0.32,Dropout
STU-01890,1,1,1,2,1,1,1,1,1,10,4,1,0,0,1,0,0,0,18,0,0,0,0,0.0,0,0,0,0,0,0.0,0,10.8,1.4,1.74,Graduate
STU-01204,1,1,6,10,1,1,1,1,28,32,35,1,0,1,1,0,1,0,20,0,6,8,5,11.6,0,0,6,8,4,11.75,0,8.9,1.4,3.51,Graduate
STU-02064,1,1,1,6,1,1,1,23,28,5,8,1,0,0,1,0,0,0,19,0,6,12,5,14.0,0,0,6,14,5,11.0,0,16.2,0.3,-0.92,Graduate
STU-04188,2,12,1,3,0,1,1,22,28,4,8,0,0,0,1,0,0,0,28,0,6,8,5,11.833333333333334,0,0,6,6,6,13.0,0,16.2,0.3,-0.92,Graduate
STU-01145,1,7,2,9,1,1,1,22,27,10,10,1,0,0,1,0,1,0,20,0,5,8,3,12.0,0,0,5,9,4,12.625,0,10.8,1.4,1.74,Enrolled
STU-03028,1,1,4,15,1,1,1,26,1,5,4,1,0,0,1,0,0,0,19,0,6,6,4,12.0,0,0,6,11,3,11.333333333333334,0,11.1,0.6,2.02,Dropout
STU-01123,1,13,1,12,1,1,1,1,14,5,9,1,0,0,1,0,0,0,21,4,7,9,7,14.355555555555554,0,5,8,8,8,13.49375,0,15.5,2.8,-4.06,Graduate
STU-02763,1,12,1,3,0,12,1,22,27,6,6,1,0,0,1,0,1,0,26,0,6,10,3,12.333333333333334,0,0,6,14,3,11.666666666666666,0,7.6,2.6,0.32,Enrolled
STU-01110,1,8,4,6,1,1,1,13,26,12,8,1,0,0,1,0,0,0,20,0,5,7,4,12.4,0,0,5,9,5,12.666666666666666,0,7.6,2.6,0.32,Graduate
STU-03147,1,1,1,10,1,1,1,3,1,6,6,0,0,0,1,0,1,0,18,0,6,6,6,11.333333333333334,0,0,6,8,6,11.333333333333334,0,15.5,2.8,-4.06,Graduate
STU-02529,1,8,2,15,1,1,1,3,28,3,7,1,0,0,1,0,0,0,18,0,6,6,6,15.166666666666666,0,0,6,7,6,14.285714285714286,0,12.4,0.5,1.79,Graduate
STU-02615,1,1,4,7,1,1,1,3,14,3,10,1,0,0,1,1,0,0,18,0,5,6,5,12.4,0,0,5,9,3,13.0,0,8.9,1.4,3.51,Dropout
STU-04140,1,8,1,10,1,1,1,23,14,8,8,0,0,0,1,0,1,0,21,0,6,11,4,11.25,0,0,6,12,4,11.4,0,15.5,2.8,-4.06,Graduate
STU-03749,1,1,3,12,1,1,1,1,14,5,6,1,0,1,1,0,0,0,18,0,7,0,0,0.0,0,0,8,0,0,0.0,0,13.9,-0.3,0.79,Dropout
STU-03612,1,8,1,14,1,1,1,1,1,5,5,1,0,0,1,1,0,0,20,0,6,9,6,14.666666666666666,0,0,6,7,6,13.857142857142858,0,8.9,1.4,3.51,Graduate
STU-01253,1,8,3,14,1,1,1,23,28,8,9,1,1,0,1,0,1,0,18,0,6,10,5,12.0,0,0,6,11,5,12.333333333333334,0,11.1,0.6,2.02,Graduate
STU-03204,1,8,1,15,1,1,1,3,3,3,4,1,0,0,1,1,0,0,19,0,6,12,4,10.8,0,0,6,14,3,11.0,0,13.9,-0.3,0.79,Dropout
STU-02735,1,1,4,15,1,1,1,1,10,10,11,1,0,0,1,0,1,0,22,0,6,7,5,13.2,0,0,6,7,5,13.6,0,12.4,0.5,1.79,Graduate
STU-02328,2,12,1,17,0,1,1,22,27,2,5,1,0,0,0,1,0,0,40,0,5,10,2,10.5,0,0,5,5,3,10.666666666666666,0,9.4,-0.8,-3.12,Dropout
STU-04355,4,12,1,17,0,1,1,22,28,10,10,0,0,0,1,0,0,0,30,0,5,11,3,10.333333333333334,0,0,5,10,4,12.8,0,12.4,0.5,1.79,Enrolled
STU-02959,2,12,1,16,1,12,1,22,14,4,8,0,0,0,1,0,0,0,45,0,6,11,3,12.333333333333334,0,0,6,13,2,11.0,0,7.6,2.6,0.32,Dropout
STU-01947,1,1,1,12,1,1,1,13,28,6,4,0,0,0,1,0,0,0,18,0,8,8,8,14.035,0,0,8,8,8,14.035,0,9.4,-0.8,-3.12,Graduate
STU-02920,5,12,1,4,1,12,1,13,1,10,10,0,0,1,0,0,0,0,27,0,6,6,0,0.0,0,0,6,7,0,0.0,0,8.9,1.4,3.51,Dropout
STU-03954,1,1,1,6,1,1,1,22,9,12,12,0,0,0,1,0,0,0,18,0,5,5,5,13.0,0,0,5,5,5,12.4,0,7.6,2.6,0.32,Graduate
STU-00804,1,1,1,15,1,1,1,23,28,10,10,1,0,0,1,0,0,0,18,0,6,6,6,15.5,0,0,6,6,6,14.0,0,11.1,0.6,2.02,Graduate
STU-00099,1,1,1,6,1,1,1,1,2,10,2,1,0,0,1,0,0,0,19,0,5,7,5,14.2,2,0,5,7,5,13.8,0,12.7,3.7,-1.7,Enrolled
STU-04226,1,15,1,10,1,14,1,23,14,6,1,0,0,0,1,0,0,0,21,3,6,7,6,12.571428571428571,0,2,6,6,6,13.5,0,12.4,0.5,1.79,Graduate
STU-00495,1,1,1,16,1,1,1,3,1,3,6,1,1,0,1,0,0,0,18,0,7,10,6,10.666666666666666,0,0,7,12,6,12.833333333333334,0,13.9,-0.3,0.79,Enrolled
STU-00770,1,8,5,14,1,1,1,13,14,6,6,1,0,0,1,1,0,0,21,0,6,6,6,15.166666666666666,0,0,6,9,6,14.0,0,10.8,1.4,1.74,Graduate
STU-03229,1,1,2,12,1,1,1,23,28,10,9,1,0,0,1,0,1,0,20,0,7,8,7,11.9625,0,0,8,9,8,13.044444444444444,0,13.9,-0.3,0.79,Graduate
STU-02704,1,15,1,4,1,14,1,1,28,2,10,0,0,0,1,1,0,0,25,0,6,16,3,11.25,0,0,6,14,4,11.2,0,15.5,2.8,-4.06,Dropout
STU-01349,1,17,1,6,1,16,1,13,28,9,10,1,0,1,0,0,0,0,23,7,11,18,11,13.166666666666666,0,4,9,15,8,13.333333333333334,0,8.9,1.4,3.51,Enrolled
STU-02318,1,12,1,17,0,1,1,3,1,4,4,0,0,0,1,1,0,0,28,0,5,5,0,0.0,0,0,5,5,0,0.0,0,12.7,3.7,-1.7,Dropout
STU-01858,1,6,1,10,1,1,12,13,1,10,10,1,0,1,0,1,0,1,22,0,6,10,5,11.5,0,0,6,8,5,12.4,0,13.9,-0.3,0.79,Graduate
STU-03162,1,1,1,11,1,1,14,1,1,10,10,1,0,0,1,0,1,1,20,0,6,7,6,12.857142857142858,0,0,6,8,5,11.8,0,8.9,1.4,3.51,Graduate
STU-00066,4,13,1,12,1,12,1,1,1,6,6,1,0,0,1,1,0,0,29,2,7,10,5,11.9,0,1,8,10,5,11.0,0,13.9,-0.3,0.79,Dropout
STU-02483,1,12,1,17,0,9,1,22,28,6,6,0,0,0,1,1,0,0,33,0,5,5,5,13.2,0,0,5,6,5,14.833333333333334,0,10.8,1.4,1.74,Graduate
STU-03782,1,1,3,5,1,1,1,1,28,5,8,1,0,0,1,0,1,0,19,0,6,6,6,12.833333333333334,0,0,6,6,6,12.833333333333334,0,9.4,-0.8,-3.12,Graduate
STU-04148,4,12,1,6,1,1,1,22,27,10,10,0,0,0,0,0,1,0,44,0,6,12,4,12.75,0,0,6,15,2,10.0,0,8.9,1.4,3.51,Enrolled
STU-00160,1,12,1,3,0,1,1,1,14,7,9,0,0,0,1,0,1,0,24,0,6,11,5,11.0,0,0,6,9,5,12.6,0,11.1,0.6,2.02,Graduate
STU-04173,1,14,2,9,1,1,1,13,27,6,10,1,0,0,1,0,0,0,18,0,5,10,1,14.0,0,0,5,10,1,14.0,0,7.6,2.6,0.32,Enrolled
STU-03997,1,1,1,16,1,1,1,1,1,10,10,1,0,0,1,0,0,0,18,0,6,11,3,12.0,0,0,6,13,2,12.0,0,12.7,3.7,-1.7,Dropout
STU-04066,1,14,1,3,0,1,1,23,14,6,5,0,0,0,1,0,0,0,20,2,6,6,6,12.166666666666666,0,0,6,7,5,14.0,0,12.7,3.7,-1.7,Enrolled
STU-02407,2,12,1,2,1,9,1,22,27,8,8,1,0,0,1,1,0,0,36,0,0,0,0,0.0,0,0,0,0,0,0.0,0,7.6,2.6,0.32,Graduate
STU-02864,1,14,1,16,1,1,1,22,27,7,7,0,0,1,1,0,0,0,41,20,21,23,21,12.333333333333334,0,19,19,19,19,12.105263157894736,0,12.4,0.5,1.79,Graduate
STU-02305,1,8,1,9,1,1,1,1,14,5,9,0,0,0,1,1,0,0,20,0,5,14,0,0.0,0,0,5,5,0,0.0,0,11.1,0.6,2.02,Dropout
STU-01149,1,9,2,16,1,1,1,1,1,10,1,0,0,0,1,0,0,0,18,0,7,12,6,12.0,0,0,7,11,6,12.166666666666666,0,13.9,-0.3,0.79,Enrolled
STU-00691,4,12,1,8,1,12,1,22,28,10,5,0,0,0,1,1,0,0,48,0,6,0,0,0.0,0,0,6,0,0,0.0,0,15.5,2.8,-4.06,Dropout
STU-00446,1,1,1,10,1,1,1,22,14,10,4,1,0,0,1,0,1,0,19,0,6,6,6,13.0,0,0,6,6,6,14.166666666666666,0,12.4,0.5,1.79,Graduate
STU-02779,1,4,0,4,1,3,1,1,27,5,10,1,0,0,1,0,0,0,23,10,17,28,17,13.15,2,8,12,22,12,13.214285714285714,0,15.5,2.8,-4.06,Graduate
STU-00794,1,8,3,10,1,1,1,3,1,3,6,1,0,0,1,0,0,0,18,0,6,6,6,12.0,0,0,6,6,5,13.6,0,8.9,1.4,3.51,Graduate
STU-02793,4,12,1,3,0,1,1,22,27,8,8,0,0,0,1,1,0,0,37,3,9,13,8,12.0,0,2,7,8,7,11.571428571428571,0,12.7,3.7,-1.7,Graduate
STU-03008,1,8,5,9,1,1,1,1,28,5,6,1,0,0,1,0,1,0,19,0,5,12,2,10.0,0,0,5,11,4,11.75,0,11.1,0.6,2.02,Enrolled
STU-02627,1,1,1,12,1,1,1,1,1,5,4,0,0,0,1,1,0,0,18,0,7,7,7,14.842857142857143,0,0,8,9,8,14.38888888888889,0,16.2,0.3,-0.92,Graduate
STU-04017,1,8,1,11,1,1,1,13,1,10,5,1,0,0,1,0,0,0,19,0,6,11,3,12.0,0,0,6,11,4,11.25,0,7.6,2.6,0.32,Dropout
STU-00769,2,12,1,3,0,1,1,22,27,10,8,0,0,0,1,1,0,0,54,4,9,9,9,14.333333333333334,0,2,7,7,7,13.857142857142858,0,8.9,1.4,3.51,Graduate
STU-00021,1,1,3,2,1,1,1,1,1,10,9,0,0,0,1,0,1,0,21,0,0,0,0,0.0,0,0,0,0,0,0.0,0,11.1,0.6,2.02,Graduate
STU-02182,1,8,1,10,1,1,1,13,14,6,5,0,0,0,1,0,1,0,18,0,6,8,5,10.8,0,0,6,9,6,10.5,0,12.4,0.5,1.79,Graduate
STU-03688,1,1,1,9,1,1,1,13,28,10,8,0,0,0,0,1,0,0,19,0,5,16,1,12.0,0,0,5,6,0,0.0,0,13.9,-0.3,0.79,Dropout
STU-01770,1,16,1,9,1,1,1,3,3,3,3,0,0,1,1,1,0,0,32,2,7,16,3,12.0,0,3,8,10,3,10.333333333333334,0,8.9,1.4,3.51,Enrolled
STU-00701,1,15,1,6,1,14,1,2,2,7,7,0,0,0,0,1,0,0,20,2,6,10,5,13.2,0,1,6,21,3,12.0,0,12.4,0.5,1.79,Enrolled
STU-03054,1,8,1,6,1,1,1,23,14,1,12,0,0,0,1,0,1,0,19,0,5,5,5,12.6,0,0,5,9,3,13.0,0,7.6,2.6,0.32,Dropout
STU-00919,2,15,1,4,1,14,1,22,28,10,5,0,0,0,1,0,0,0,43,0,6,8,6,14.166666666666666,0,0,6,9,6,15.0,0,15.5,2.8,-4.06,Graduate
STU-03115,1,1,1,15,1,1,1,1,14,10,8,0,0,0,1,0,0,0,19,0,6,6,6,11.666666666666666,0,0,6,6,6,11.5,0,12.7,3.7,-1.7,Graduate
STU-01343,1,8,1,6,1,1,1,13,28,8,8,1,0,0,1,0,1,0,20,0,5,8,5,12.0,1,0,5,8,4,15.0,1,12.7,3.7,-1.7,Graduate
STU-01132,1,13,1,12,1,1,1,1,2,10,4,1,0,0,1,0,0,0,22,4,8,8,7,13.285714285714286,0,4,8,8,7,13.285714285714286,0,12.7,3.7,-1.7,Graduate
STU-02201,1,12,1,3,0,1,1,22,27,10,8,1,0,1,0,1,0,0,29,0,6,11,4,12.5,0,0,6,7,0,0.0,0,12.4,0.5,1.79,Dropout
STU-04267,1,15,1,2,1,14,1,1,1,10,10,0,0,0,1,1,0,0,21,0,0,0,0,0.0,0,0,0,0,0,0.0,0,15.5,2.8,-4.06,Enrolled
STU-02455,1,9,1,7,1,1,1,3,14,4,6,0,0,0,1,1,1,0,18,0,5,5,0,0.0,0,0,5,5,0,0.0,0,9.4,-0.8,-3.12,Dropout
STU-03074,1,12,1,7,1,1,1,13,27,10,5,1,0,0,1,1,0,0,33,0,5,10,4,12.0,0,0,5,8,3,13.666666666666666,1,7.6,2.6,0.32,Enrolled
STU-04107,1,8,4,15,1,1,1,1,28,6,8,1,0,0,1,0,0,0,20,0,6,9,4,13.25,0,0,6,11,5,11.8,0,12.4,0.5,1.79,Graduate
STU-01051,1,1,1,2,1,1,1,1,28,5,9,1,0,0,1,0,1,0,18,0,0,0,0,0.0,0,0,0,0,0,0.0,0,13.9,-0.3,0.79,Graduate
STU-04165,1,14,3,2,1,1,1,22,28,8,8,1,0,0,1,0,0,0,21,0,0,0,0,0.0,0,0,0,0,0,0.0,0,9.4,-0.8,-3.12,Dropout
STU-02013,5,12,1,16,1,12,1,23,1,6,4,0,0,1,1,0,0,0,33,0,6,7,5,13.2,0,0,6,7,5,10.6,0,7.6,2.6,0.32,Dropout
STU-03618,1,1,1,10,1,1,1,13,28,10,8,1,0,1,1,0,0,0,18,0,6,7,5,13.6,0,0,6,7,5,11.8,0,8.9,1.4,3.51,Dropout
STU-02739,1,8,2,9,1,1,1,23,27,7,7,0,0,0,1,0,0,0,18,0,5,11,5,11.333333333333334,0,0,5,8,5,12.0,0,13.9,-0.3,0.79,Graduate
STU-04308,1,12,1,2,1,1,1,19,24,1,1,1,0,0,1,1,0,0,38,0,0,0,0,0.0,0,0,0,0,0,0.0,0,7.6,2.6,0.32,Dropout
STU-04075,1,9,1,12,1,1,1,23,27,5,10,1,0,0,1,0,1,0,20,0,7,10,7,12.625,0,0,8,8,8,13.0625,0,15.5,2.8,-4.06,Graduate
STU-00247,1,8,3,12,1,1,1,13,27,8,7,1,0,0,1,0,1,0,19,0,8,8,7,13.151428571428571,0,0,8,8,7,13.151428571428571,0,10.8,1.4,1.74,Graduate
STU-00445,1,8,1,14,1,1,1,13,14,2,2,0,0,0,1,0,0,0,18,0,5,5,4,11.0,0,0,5,5,4,11.0,0,9.4,-0.8,-3.12,Graduate
STU-02669,2,12,1,12,1,12,1,22,28,10,8,1,0,0,1,1,0,0,43,0,8,8,7,11.635714285714286,0,0,8,8,7,11.635714285714286,0,10.8,1.4,1.74,Enrolled
STU-01248,1,1,3,10,1,1,1,13,14,10,10,1,0,1,1,0,0,0,19,0,6,0,0,0.0,0,0,6,0,0,0.0,0,12.4,0.5,1.79,Dropout
STU-02730,1,1,1,8,1,1,1,23,28,6,9,1,0,0,1,0,0,0,20,0,5,9,4,12.0,1,0,5,6,5,13.4,0,9.4,-0.8,-3.12,Graduate
STU-02436,1,13,1,7,1,1,1,23,27,6,9,1,0,0,1,1,0,0,21,0,5,10,5,13.0,0,0,5,10,5,12.6,0,9.4,-0.8,-3.12,Graduate
STU-01449,1,15,1,4,1,14,1,22,27,10,5,0,0,0,1,1,0,0,20,0,6,12,3,11.5,0,0,6,12,3,13.666666666666666,0,12.4,0.5,1.79,Dropout
STU-04046,1,1,1,12,1,1,1,13,28,8,9,0,0,0,1,0,0,0,19,0,7,0,0,0.0,0,0,8,0,0,0.0,0,16.2,0.3,-0.92,Dropout
STU-00453,1,1,2,12,1,1,1,13,14,8,6,1,0,0,1,0,0,0,18,0,7,8,7,14.13125,0,0,8,8,8,13.98375,0,15.5,2.8,-4.06,Graduate
STU-01237,1,1,6,12,1,1,1,1,27,5,4,1,0,0,1,0,0,0,18,0,7,7,7,13.44285714285714,0,0,8,9,8,13.744444444444444,0,16.2,0.3,-0.92,Graduate
STU-02041,1,1,5,16,1,1,1,23,27,10,10,1,0,1,0,0,0,0,20,0,6,9,3,11.666666666666666,0,0,6,10,2,11.0,0,10.8,1.4,1.74,Dropout
STU-00435,1,1,1,15,1,1,1,1,14,5,9,1,0,0,1,0,0,0,19,0,6,7,5,14.2,0,0,6,7,6,14.571428571428571,0,15.5,2.8,-4.06,Graduate
STU-02351,1,9,1,12,1,1,1,13,3,5,10,0,0,0,1,1,0,0,19,0,8,8,7,13.614285714285714,0,0,8,8,7,13.614285714285714,0,12.7,3.7,-1.7,Graduate
STU-01880,1,8,1,12,1,1,1,13,3,5,10,0,0,0,1,1,0,0,18,0,8,8,7,13.55714285714286,0,0,8,8,7,13.55714285714286,0,12.7,3.7,-1.7,Graduate
STU-02172,1,15,1,6,1,14,1,1,14,5,5,0,0,0,1,0,0,0,21,2,6,9,6,13.142857142857142,0,0,6,9,6,12.166666666666666,0,13.9,-0.3,0.79,Graduate
STU-03819,1,8,1,10,1,1,1,13,27,7,7,0,0,0,1,1,0,0,22,0,6,0,0,0.0,0,0,6,0,0,0.0,0,13.9,-0.3,0.79,Dropout
STU-02723,1,14,1,6,1,1,1,3,3,3,6,0,0,0,1,0,0,0,21,0,6,11,4,11.75,0,0,6,12,3,13.666666666666666,0,13.9,-0.3,0.79,Enrolled
STU-02333,1,12,1,4,1,1,1,1,14,5,11,0,0,0,1,1,0,0,34,0,6,15,5,13.333333333333334,0,0,6,15,5,12.4,0,12.4,0.5,1.79,Graduate
STU-00553,1,14,1,5,1,1,1,10,10,2,11,0,0,1,1,1,0,0,21,5,11,12,9,11.77777777777778,0,3,8,11,3,13.666666666666666,0,15.5,2.8,-4.06,Dropout
STU-02689,1,1,1,7,1,1,1,22,14,10,10,1,0,1,1,1,0,0,20,0,5,7,0,0.0,0,0,5,5,0,0.0,0,9.4,-0.8,-3.12,Enrolled
STU-01268,1,8,2,12,1,1,1,13,27,10,8,1,0,0,1,0,1,0,20,0,8,8,7,12.464285714285714,0,0,8,8,7,12.464285714285714,0,10.8,1.4,1.74,Graduate
STU-01049,1,1,1,12,1,1,1,1,14,10,7,1,0,0,1,0,1,0,20,0,7,8,6,12.396666666666668,0,0,8,9,7,12.94285714285714,0,11.1,0.6,2.02,Graduate
STU-03603,1,1,4,15,1,1,1,13,14,10,8,1,0,0,1,1,0,0,18,0,6,6,6,12.833333333333334,0,0,6,8,6,12.833333333333334,0,12.4,0.5,1.79,Graduate
STU-01874,1,12,1,3,0,1,1,19,24,1,1,1,0,0,1,1,0,0,29,0,6,10,0,0.0,1,0,5,10,0,0.0,0,7.6,2.6,0.32,Dropout
STU-03546,1,8,3,12,1,1,1,13,27,5,10,1,0,0,1,1,1,0,18,0,7,7,6,13.266666666666666,0,0,7,7,6,13.266666666666666,0,7.6,2.6,0.32,Graduate
STU-03511,1,8,6,12,1,1,1,1,1,5,4,1,0,0,1,1,1,0,18,0,7,7,7,12.718571428571428,0,0,8,11,8,12.805555555555555,0,11.1,0.6,2.02,Dropout
STU-03117,1,1,5,12,1,1,1,22,27,8,10,1,0,1,0,0,0,0,18,0,7,0,0,0.0,0,0,8,0,0,0.0,0,9.4,-0.8,-3.12,Dropout
STU-04187,1,8,2,6,1,1,1,22,27,10,8,1,0,0,1,0,0,0,19,0,5,15,3,14.0,3,0,5,10,4,11.75,1,9.4,-0.8,-3.12,Enrolled
STU-01100,1,1,2,12,1,1,1,13,27,2,10,1,0,0,1,0,1,0,19,0,8,8,8,14.07125,0,0,8,8,8,14.07125,0,9.4,-0.8,-3.12,Graduate
STU-03983,1,8,1,12,1,1,1,1,14,5,4,1,0,0,1,0,0,0,19,0,7,13,5,12.5,0,0,8,14,7,12.166666666666666,0,15.5,2.8,-4.06,Graduate
STU-01653,1,4,1,17,0,15,1,28,3,4,4,0,0,0,1,0,0,0,27,0,5,5,5,15.2,0,0,5,6,5,14.0,0,11.1,0.6,2.02,Enrolled
STU-03762,1,4,1,10,1,3,1,1,1,5,11,0,0,1,0,0,0,0,27,0,6,8,0,0.0,0,0,5,6,0,0.0,0,16.2,0.3,-0.92,Dropout
STU-02279,1,1,1,5,1,1,1,1,1,5,10,1,0,0,1,1,0,0,19,0,6,7,5,11.4,0,0,6,10,3,11.0,3,7.6,2.6,0.32,Enrolled
STU-01383,1,4,1,4,1,3,1,1,14,5,2,1,0,0,1,1,0,0,27,14,18,21,18,11.421052631578949,0,10,13,16,13,11.076923076923077,1,15.5,2.8,-4.06,Graduate
STU-02244,1,8,4,12,1,1,1,23,27,6,8,1,0,0,1,1,1,0,18,0,7,7,7,13.462857142857144,0,0,8,8,8,13.90625,0,11.1,0.6,2.02,Graduate
STU-02865,1,8,2,15,1,1,1,1,1,6,6,1,0,0,1,0,1,0,22,0,6,11,5,12.0,0,0,6,11,5,11.0,0,7.6,2.6,0.32,Dropout
STU-03325,1,12,1,2,1,1,1,10,3,6,3,1,0,0,1,1,0,0,27,0,0,0,0,0.0,0,0,0,0,0,0.0,0,9.4,-0.8,-3.12,Dropout
STU-03493,2,12,1,17,0,12,1,23,28,8,9,0,0,0,1,1,0,0,39,0,5,9,0,0.0,0,0,5,5,1,10.0,0,12.7,3.7,-1.7,Dropout
STU-02631,1,12,1,17,0,1,1,1,1,10,8,0,0,0,1,1,0,0,28,0,5,13,2,11.0,0,0,5,12,1,12.0,0,11.1,0.6,2.02,Dropout
STU-02710,4,12,1,13,1,1,1,13,3,10,3,0,0,0,1,0,0,0,25,0,7,14,7,11.95,0,0,8,15,7,12.042857142857144,0,12.7,3.7,-1.7,Enrolled
STU-03587,1,4,1,2,1,3,1,1,2,10,3,0,0,0,0,1,0,0,18,0,0,0,0,0.0,0,0,0,0,0,0.0,0,9.4,-0.8,-3.12,Dropout
STU-02612,1,8,2,15,1,1,1,1,1,6,6,1,0,0,1,1,0,0,20,0,6,12,4,14.75,0,0,6,7,4,12.25,0,9.4,-0.8,-3.12,Graduate
STU-02435,2,14,1,6,1,1,1,22,27,10,8,0,0,0,1,1,0,0,21,0,5,11,0,0.0,2,0,5,11,3,11.666666666666666,1,9.4,-0.8,-3.12,Enrolled
STU-00675,1,1,1,11,1,1,1,23,28,6,9,1,0,0,1,0,0,0,18,0,6,8,6,12.166666666666666,0,0,6,6,6,13.5,0,11.1,0.6,2.02,Graduate
STU-00353,1,1,4,2,1,1,1,1,1,10,6,1,0,0,0,0,0,0,19,0,0,0,0,0.0,0,0,0,0,0,0.0,0,9.4,-0.8,-3.12,Dropout
STU-02742,1,8,1,3,0,1,1,19,24,1,1,0,0,0,1,0,0,0,24,0,6,7,6,12.833333333333334,0,0,6,8,6,12.0,0,7.6,2.6,0.32,Graduate
STU-01672,1,1,1,6,1,1,1,13,3,5,3,0,0,0,1,0,0,0,19,0,6,13,6,15.307692307692308,0,0,6,9,6,14.0,0,15.5,2.8,-4.06,Graduate
STU-01927,1,1,1,6,1,1,1,23,14,10,5,1,0,0,1,0,1,0,19,0,5,7,5,12.5,0,0,5,8,5,12.714285714285714,0,10.8,1.4,1.74,Graduate
STU-04080,1,1,2,14,1,1,1,22,27,10,8,1,0,0,1,0,1,0,18,0,6,8,6,13.571428571428571,0,0,6,6,5,12.8,0,12.4,0.5,1.79,Enrolled
STU-01968,1,1,3,6,1,1,1,3,2,5,4,1,0,0,1,0,0,0,18,0,5,14,3,12.333333333333334,2,0,5,8,5,11.6,0,9.4,-0.8,-3.12,Enrolled
STU-01238,1,9,1,7,1,1,1,1,27,8,8,1,0,0,1,1,0,0,18,0,5,5,1,16.0,0,0,5,5,0,0.0,0,9.4,-0.8,-3.12,Dropout
STU-01887,1,15,1,4,1,14,1,22,27,10,8,1,0,0,0,1,0,0,30,4,9,18,6,11.833333333333334,0,1,8,21,4,11.0,0,15.5,2.8,-4.06,Dropout
STU-03257,1,1,2,12,1,1,1,23,28,10,8,1,0,0,1,0,0,0,19,0,7,7,6,12.766666666666666,0,0,7,7,6,12.766666666666666,0,7.6,2.6,0.32,Graduate
STU-01735,1,1,1,9,1,1,1,1,1,10,10,0,0,0,0,1,0,0,21,0,5,7,2,11.0,0,0,5,9,3,11.428571428571429,0,10.8,1.4,1.74,Dropout
STU-03249,1,8,5,9,1,1,1,22,28,6,6,0,0,0,1,0,1,0,18,0,5,7,5,11.6,0,0,5,11,5,11.4,4,16.2,0.3,-0.92,Graduate
STU-04122,1,4,1,6,1,15,1,1,1,5,5,1,0,0,1,0,0,0,22,0,6,7,6,17.0,0,0,6,7,6,16.285714285714285,0,11.1,0.6,2.02,Graduate
STU-03178,1,1,1,14,1,1,1,23,28,10,10,1,0,0,1,1,1,0,18,0,6,6,6,13.0,0,0,6,6,6,13.0,0,13.9,-0.3,0.79,Dropout
STU-01489,1,14,1,3,0,1,1,13,27,9,6,0,0,0,1,1,0,0,24,0,6,13,0,0.0,3,0,6,6,0,0.0,0,16.2,0.3,-0.92,Dropout
STU-03607,1,15,1,5,1,14,1,1,1,5,5,0,0,0,1,1,0,0,21,2,7,7,5,11.8,0,5,9,9,5,11.0,0,12.4,0.5,1.79,Dropout
STU-00721,1,14,1,1,1,12,1,23,28,5,5,0,0,1,1,1,0,0,35,3,10,18,6,12.666666666666666,0,1,9,11,3,12.0,2,16.2,0.3,-0.92,Dropout
STU-00605,1,1,1,12,1,1,1,1,27,4,9,0,0,0,1,0,1,0,18,0,7,9,7,13.055555555555555,0,0,8,8,8,15.8125,0,13.9,-0.3,0.79,Graduate
STU-03078,1,14,1,7,1,1,1,1,1,10,3,0,0,1,0,1,0,0,27,0,5,5,0,0.0,0,0,5,7,0,0.0,0,13.9,-0.3,0.79,Enrolled
STU-01232,1,1,1,10,1,1,1,1,14,5,5,1,0,1,1,0,0,0,20,0,6,6,6,12.166666666666666,0,0,6,7,6,11.666666666666666,0,9.4,-0.8,-3.12,Graduate
STU-04329,2,14,2,16,1,1,1,23,22,5,2,0,0,0,1,0,0,0,31,3,7,8,6,13.666666666666666,0,1,6,8,5,13.5,0,9.4,-0.8,-3.12,Dropout
STU-01779,1,1,1,9,1,1,1,22,28,8,8,1,0,0,1,1,0,0,23,0,5,8,4,11.4,0,0,5,7,4,11.0,0,11.1,0.6,2.02,Graduate
STU-00936,1,1,3,2,1,1,1,1,1,4,4,1,0,0,1,0,0,0,20,6,12,12,12,13.25,0,4,11,14,11,14.333333333333334,0,8.9,1.4,3.51,Graduate
STU-04215,1,1,2,12,1,1,1,23,27,6,7,1,0,0,1,0,1,0,19,0,7,9,7,13.3125,0,0,8,8,8,15.6375,0,13.9,-0.3,0.79,Graduate
STU-01593,1,1,4,9,1,1,1,13,28,6,6,1,0,0,1,1,0,0,18,0,5,6,4,11.5,0,0,5,12,2,10.333333333333334,0,10.8,1.4,1.74,Enrolled
STU-00044,1,8,1,15,1,1,1,1,28,6,6,0,0,0,0,0,0,0,20,0,6,7,4,13.0,0,0,6,7,5,13.8,0,12.4,0.5,1.79,Dropout
STU-03689,5,12,1,10,1,1,1,13,28,10,11,0,0,0,1,1,0,0,34,0,6,8,5,12.6,0,0,6,11,4,11.25,0,12.4,0.5,1.79,Graduate
STU-03833,1,14,1,5,1,1,1,22,27,10,10,1,0,0,1,1,0,0,34,7,12,12,7,11.428571428571429,0,4,12,12,7,11.857142857142858,0,7.6,2.6,0.32,Enrolled
STU-03869,1,15,1,4,1,14,1,1,14,4,11,1,0,0,1,1,0,0,19,0,6,9,6,12.166666666666666,0,0,6,14,4,13.0,0,12.4,0.5,1.79,Graduate
STU-03387,1,1,2,12,1,1,1,3,1,5,4,0,0,0,1,0,0,0,18,0,7,7,7,13.995714285714287,0,0,8,9,8,14.955555555555556,0,11.1,0.6,2.02,Graduate
STU-04183,1,12,1,13,1,1,1,29,30,3,3,0,0,0,1,0,0,0,36,0,7,13,5,12.2,0,0,7,14,3,11.4,0,11.1,0.6,2.02,Dropout
STU-03062,1,8,2,11,1,1,1,10,27,10,10,1,0,0,1,0,0,0,18,0,6,15,2,10.0,0,0,6,12,0,0.0,0,10.8,1.4,1.74,Dropout
STU-00367,1,1,4,12,1,1,1,13,28,5,9,1,0,0,1,0,1,0,21,0,7,7,6,14.033333333333331,0,0,7,7,6,14.033333333333331,0,7.6,2.6,0.32,Graduate
STU-03236,1,1,2,12,1,1,1,22,27,10,8,1,0,0,1,0,0,0,19,0,7,10,7,13.805,0,0,8,8,8,14.2725,0,15.5,2.8,-4.06,Graduate
STU-03657,1,1,2,6,1,1,1,1,14,5,11,1,0,0,1,0,1,0,19,0,5,10,3,12.666666666666666,1,0,5,7,3,13.0,0,12.7,3.7,-1.7,Graduate
STU-04229,2,12,1,3,0,1,1,22,27,6,5,0,0,0,1,0,0,0,45,0,6,8,5,13.6,0,0,6,7,5,13.0,0,15.5,2.8,-4.06,Enrolled
STU-02546,1,1,3,15,1,1,1,3,1,3,9,1,0,0,1,0,0,0,18,0,6,6,6,16.0,0,0,6,7,6,14.333333333333334,0,12.4,0.5,1.79,Graduate
STU-00947,1,1,1,9,1,1,1,3,14,4,4,0,0,1,1,1,0,0,19,0,5,7,5,13.6,0,0,5,11,5,12.833333333333334,5,16.2,0.3,-0.92,Graduate
STU-01891,1,1,1,2,1,1,1,25,33,5,5,1,0,0,1,0,0,0,18,0,0,0,0,0.0,0,0,0,0,0,0.0,0,11.1,0.6,2.02,Graduate
STU-03206,1,12,1,17,0,1,1,22,27,8,10,0,0,0,0,1,0,0,28,0,5,0,0,0.0,0,0,5,0,0,0.0,0,8.9,1.4,3.51,Dropout
STU-02033,1,12,1,6,1,1,1,13,27,10,7,1,0,0,1,0,0,0,26,0,6,17,6,12.666666666666666,0,0,6,21,4,12.25,0,15.5,2.8,-4.06,Graduate
STU-02539,1,6,1,14,1,1,12,27,1,3,8,0,1,1,1,0,0,1,20,0,6,6,6,13.5,0,0,6,9,5,13.0,0,8.9,1.4,3.51,Graduate
STU-00426,1,1,1,12,1,1,1,22,27,10,4,0,0,0,1,0,0,0,20,0,7,7,6,13.916666666666666,0,0,7,7,6,13.916666666666666,0,7.6,2.6,0.32,Graduate
STU-03981,1,8,6,10,1,1,1,1,28,5,8,0,0,0,1,0,1,0,18,0,6,7,6,12.142857142857142,0,0,6,6,6,13.333333333333334,0,13.9,-0.3,0.79,Graduate
STU-04012,1,3,1,9,1,1,1,13,28,6,7,1,0,0,1,0,0,0,19,0,5,15,3,10.8,0,0,5,6,3,10.5,0,13.9,-0.3,0.79,Enrolled
STU-02139,1,8,2,13,1,1,1,13,28,5,9,1,0,0,1,0,1,0,19,0,7,7,7,11.971428571428572,0,0,8,8,8,14.4375,0,15.5,2.8,-4.06,Graduate
STU-02255,1,12,1,17,0,1,1,13,27,6,6,0,0,0,0,1,0,0,31,0,5,5,2,11.0,0,0,5,0,0,0.0,0,12.7,3.7,-1.7,Dropout
STU-00757,1,6,1,14,1,1,14,1,1,10,6,0,0,1,0,1,0,1,18,0,6,6,4,11.25,0,0,6,7,3,12.333333333333334,0,8.9,1.4,3.51,Dropout
STU-03550,1,1,1,12,1,1,1,2,14,4,10,0,0,0,1,1,0,0,23,0,7,7,6,13.483333333333334,0,0,7,7,6,13.483333333333334,0,7.6,2.6,0.32,Graduate
STU-01799,1,12,1,4,1,12,1,22,28,5,10,0,0,1,0,0,0,0,40,0,6,12,5,12.8,0,0,6,16,3,13.333333333333334,0,11.1,0.6,2.02,Dropout
STU-02731,1,1,1,10,1,1,1,4,1,6,6,0,0,0,1,0,0,0,18,0,6,7,6,13.833333333333334,0,0,6,7,6,13.714285714285714,0,11.1,0.6,2.02,Graduate
STU-01058,1,1,1,12,1,1,1,1,28,2,8,0,0,0,1,0,0,0,19,0,7,7,6,14.566666666666668,0,0,7,7,6,14.566666666666668,0,7.6,2.6,0.32,Graduate
STU-01640,1,1,1,5,1,1,1,3,1,3,4,1,0,0,1,1,0,0,20,5,12,12,11,14.272727272727272,0,5,12,12,11,14.818181818181818,0,16.2,0.3,-0.92,Graduate
STU-01533,2,6,1,15,1,1,14,22,27,10,7,0,0,0,1,0,0,1,59,0,6,8,6,12.166666666666666,0,0,6,7,4,11.75,0,11.1,0.6,2.02,Graduate
STU-00379,1,8,1,16,1,1,1,3,3,4,4,1,0,0,0,0,1,0,18,0,7,7,7,12.285714285714286,0,0,7,8,6,13.333333333333334,0,8.9,1.4,3.51,Enrolled
STU-00098,1,1,5,12,1,1,1,22,27,8,8,1,0,0,1,0,1,0,18,0,7,7,7,13.75,0,0,8,9,8,14.47777777777778,0,12.4,0.5,1.79,Graduate
STU-03012,1,1,1,6,1,1,1,2,2,7,7,0,0,0,1,0,0,0,18,0,6,11,5,12.285714285714286,0,0,6,19,3,14.0,1,12.4,0.5,1.79,Dropout
STU-03949,2,12,1,14,1,1,1,22,14,10,5,0,0,0,1,0,1,0,43,0,6,8,5,11.0,0,0,6,9,5,13.0,0,12.4,0.5,1.79,Graduate
STU-02332,1,12,1,4,1,1,1,13,27,10,8,1,0,0,1,1,0,0,31,0,6,8,0,0.0,0,0,6,10,0,0.0,0,16.2,0.3,-0.92,Dropout
STU-01158,1,7,4,11,1,1,1,23,27,10,8,1,0,0,1,0,1,0,21,0,6,7,6,13.571428571428571,0,0,6,6,6,12.5,0,8.9,1.4,3.51,Graduate
STU-00266,1,1,2,15,1,1,1,3,1,2,4,1,0,0,1,0,0,0,18,0,6,11,4,12.25,0,0,6,10,3,11.666666666666666,0,9.4,-0.8,-3.12,Graduate
STU-02537,1,14,1,8,1,1,14,3,4,4,3,0,0,0,1,0,0,1,19,0,5,10,5,14.857142857142858,2,0,5,7,5,15.142857142857142,0,9.4,-0.8,-3.12,Enrolled
STU-01284,1,1,1,7,1,1,1,13,14,5,5,0,0,0,1,1,1,0,18,0,5,6,5,17.333333333333332,0,0,5,8,5,18.571428571428573,0,12.4,0.5,1.79,Graduate
STU-02663,1,1,1,12,1,1,1,1,14,4,6,0,0,0,0,1,0,0,20,0,7,11,4,12.6,0,0,7,7,4,11.575,0,16.2,0.3,-0.92,Dropout
STU-01936,1,8,6,12,1,1,1,1,28,4,4,1,0,0,1,0,0,0,18,0,7,7,7,13.918571428571427,0,0,8,9,8,13.8875,0,11.1,0.6,2.02,Graduate
STU-03183,1,14,1,3,0,1,3,19,24,1,1,1,0,0,1,1,0,1,25,8,14,23,11,11.6875,0,6,10,20,8,11.142857142857142,0,9.4,-0.8,-3.12,Graduate
STU-03699,1,1,1,12,1,1,1,23,28,6,11,0,0,0,1,1,0,0,20,0,7,14,5,12.87857142857143,0,0,8,15,7,11.85625,0,15.5,2.8,-4.06,Graduate
STU-01092,1,8,3,15,1,1,1,13,14,6,9,0,0,0,1,0,0,0,18,0,6,6,0,0.0,0,0,6,0,0,0.0,0,8.9,1.4,3.51,Dropout
STU-04386,1,1,1,10,1,1,1,13,14,31,45,0,0,0,1,0,0,0,19,0,6,0,0,0.0,0,0,6,0,0,0.0,0,12.4,0.5,1.79,Dropout
STU-03244,1,1,1,12,1,1,1,22,14,8,8,1,0,0,1,0,1,0,19,0,8,8,8,14.11,0,0,8,8,8,14.11,0,9.4,-0.8,-3.12,Graduate
STU-00747,1,16,1,4,1,14,1,1,14,5,5,1,0,1,0,1,0,0,22,0,6,12,3,11.333333333333334,0,0,6,13,2,11.0,0,8.9,1.4,3.51,Dropout
STU-03022,1,1,1,12,1,1,1,3,1,3,4,0,0,0,1,0,0,0,18,0,7,8,6,13.958333333333334,0,0,8,8,8,14.71875,0,11.1,0.6,2.02,Graduate
STU-01052,1,8,2,12,1,1,1,13,27,5,8,1,0,0,1,0,0,0,19,0,7,8,7,14.05,0,0,8,8,8,15.1,0,13.9,-0.3,0.79,Graduate
STU-02783,1,14,1,15,1,1,1,13,27,6,6,1,0,0,1,0,0,0,23,0,6,11,3,11.333333333333334,0,0,6,7,2,11.0,0,16.2,0.3,-0.92,Enrolled
STU-04375,5,4,1,12,1,15,1,22,27,5,10,0,0,0,1,0,0,0,29,1,8,11,7,13.742857142857144,0,1,8,11,7,13.742857142857144,0,12.7,3.7,-1.7,Graduate
STU-04395,1,1,4,12,1,1,1,23,1,10,11,1,0,0,1,0,0,0,18,0,8,8,8,14.88875,0,0,8,8,8,14.88875,0,9.4,-0.8,-3.12,Graduate
STU-03479,1,12,1,10,1,1,1,23,1,10,4,0,0,1,1,1,0,0,28,2,8,15,7,11.0,0,0,6,17,1,10.0,0,10.8,1.4,1.74,Enrolled
STU-02819,2,4,1,3,0,3,1,22,24,1,1,0,0,0,1,0,0,0,30,8,10,11,9,12.666666666666666,0,3,7,7,7,12.428571428571429,1,7.6,2.6,0.32,Graduate
STU-01102,1,8,1,8,1,1,1,13,14,10,10,1,0,0,0,0,0,0,22,0,6,0,0,0.0,0,0,2,2,0,0.0,2,9.4,-0.8,-3.12,Dropout
STU-03553,1,14,1,9,1,1,1,22,27,6,4,0,0,0,1,1,0,0,22,0,5,9,3,13.0,0,0,5,9,3,11.666666666666666,0,12.7,3.7,-1.7,Dropout
STU-00660,1,12,1,4,1,1,1,13,14,10,10,0,0,0,1,0,0,0,25,0,6,6,0,0.0,0,0,6,6,0,0.0,0,11.1,0.6,2.02,Dropout
STU-04198,1,8,6,15,1,1,1,1,1,5,3,1,0,0,1,0,0,0,19,0,6,7,6,13.0,0,0,6,9,6,13.714285714285714,0,7.6,2.6,0.32,Graduate
STU-00343,2,12,1,3,0,1,1,22,27,10,10,1,0,0,1,0,0,0,33,0,6,7,6,12.833333333333334,0,0,6,8,6,12.857142857142858,0,12.4,0.5,1.79,Graduate
STU-01808,1,8,1,14,1,1,1,3,3,2,2,0,0,0,1,1,0,0,18,0,6,0,0,0.0,0,0,6,0,0,0.0,0,15.5,2.8,-4.06,Dropout
STU-02386,1,15,1,5,1,14,1,13,28,5,1,1,0,0,1,1,0,0,21,0,6,6,6,14.5,0,0,6,8,6,11.333333333333334,0,12.4,0.5,1.79,Graduate
STU-03110,1,1,1,9,1,1,1,1,28,4,10,0,0,0,1,0,1,0,18,0,5,6,5,16.333333333333332,0,0,5,5,5,15.4,0,15.5,2.8,-4.06,Graduate
STU-03640,1,1,1,14,1,1,1,1,14,5,5,0,0,0,1,0,1,0,18,0,6,8,6,14.0,0,0,6,7,6,13.285714285714286,0,11.1,0.6,2.02,Graduate
STU-00127,1,15,1,6,1,14,1,22,27,10,10,1,0,0,1,0,0,0,20,1,6,7,6,14.166666666666666,0,1,6,17,5,13.77777777777778,0,12.4,0.5,1.79,Graduate
STU-02770,1,1,1,12,1,1,1,1,14,10,9,1,0,0,1,0,1,0,18,0,7,9,0,0.0,0,0,7,8,1,10.0,0,15.5,2.8,-4.06,Dropout
STU-03730,1,1,1,4,1,1,1,23,28,5,9,0,0,1,1,1,0,0,21,8,12,13,12,14.538461538461538,0,4,12,14,12,14.461538461538462,0,15.5,2.8,-4.06,Graduate
STU-02762,1,14,1,3,0,1,1,22,27,10,6,0,0,0,1,0,0,0,45,5,9,13,8,11.0,0,3,7,10,6,10.833333333333334,0,12.7,3.7,-1.7,Enrolled
STU-04057,1,1,2,6,1,1,1,1,1,31,14,0,0,0,1,0,0,0,19,0,6,8,6,14.0,0,0,6,18,3,12.666666666666666,0,12.4,0.5,1.79,Graduate
STU-02894,2,14,1,3,0,1,1,19,24,1,1,0,0,0,1,0,0,0,45,10,12,12,9,12.444444444444445,3,4,7,8,6,12.0,0,9.4,-0.8,-3.12,Dropout
STU-02170,1,8,1,14,1,1,1,3,3,3,2,1,0,0,1,0,0,0,20,0,6,7,6,15.571428571428571,0,0,6,6,6,17.166666666666668,0,16.2,0.3,-0.92,Graduate
STU-01655,1,1,2,16,1,1,1,1,1,3,10,1,0,0,1,0,0,0,20,0,6,6,6,13.5,0,0,6,6,0,0.0,0,12.7,3.7,-1.7,Dropout
STU-04296,1,12,1,4,1,1,1,23,14,10,7,1,0,0,1,1,0,0,28,7,13,19,8,11.625,0,5,10,17,6,11.0,0,15.5,2.8,-4.06,Enrolled
STU-00203,1,1,4,12,1,1,1,13,14,8,8,1,0,0,1,0,0,0,18,0,8,8,7,12.324285714285711,0,0,8,8,7,12.324285714285711,0,10.8,1.4,1.74,Graduate
STU-01822,1,1,3,12,1,1,1,3,1,5,4,1,0,0,1,0,1,0,19,0,7,11,4,12.65,0,0,7,9,5,11.1,0,12.4,0.5,1.79,Enrolled
STU-02926,1,1,1,15,1,1,1,22,27,10,8,0,0,0,1,0,1,0,18,0,6,6,6,14.5,0,0,6,6,6,14.666666666666666,0,16.2,0.3,-0.92,Graduate
STU-00785,1,1,2,15,1,1,1,1,24,10,10,1,0,0,1,0,1,0,20,0,6,7,5,12.8,0,0,6,6,6,12.333333333333334,0,12.4,0.5,1.79,Graduate
STU-00119,1,1,2,6,1,1,1,22,28,10,8,0,0,0,1,0,0,0,18,0,5,12,5,13.142857142857142,2,0,5,6,5,11.4,0,9.4,-0.8,-3.12,Graduate
STU-01849,1,1,2,12,1,1,1,5,5,3,3,0,0,0,1,1,0,0,19,0,7,10,6,13.492857142857144,0,0,8,9,8,12.68888888888889,0,12.4,0.5,1.79,Graduate
STU-03806,2,14,1,17,0,1,1,22,27,10,10,1,0,0,1,0,0,0,38,4,10,14,4,10.75,0,2,10,10,2,10.0,0,7.6,2.6,0.32,Dropout
STU-01647,1,1,2,2,1,1,1,1,14,4,4,1,0,0,1,0,0,0,22,6,12,12,12,12.916666666666666,0,4,11,16,11,14.5,0,8.9,1.4,3.51,Graduate
STU-00773,1,1,3,12,1,1,1,1,14,5,10,1,0,0,1,0,0,0,19,0,7,9,6,13.411428571428573,0,0,8,12,7,13.294444444444444,0,15.5,2.8,-4.06,Enrolled
STU-01997,1,8,1,6,1,1,1,3,27,5,9,1,0,0,1,0,0,0,18,0,6,8,6,13.857142857142858,0,0,6,15,6,13.1,0,12.4,0.5,1.79,Graduate
STU-03251,1,4,1,13,1,2,1,22,27,10,10,1,0,0,1,0,1,0,36,0,7,9,1,9.8,0,0,7,7,0,0.0,0,12.7,3.7,-1.7,Dropout
STU-02430,1,13,1,7,1,1,1,19,24,1,1,1,0,0,1,1,0,0,35,6,10,12,7,11.285714285714286,0,2,8,8,5,13.0,0,9.4,-0.8,-3.12,Dropout
STU-01668,1,1,4,12,1,1,1,3,14,2,6,1,0,0,1,0,0,0,18,0,8,8,8,13.76125,0,0,8,8,8,13.76125,0,9.4,-0.8,-3.12,Graduate
STU-02824,1,8,1,14,1,1,1,1,1,5,5,1,0,0,1,0,1,0,19,0,6,7,6,13.285714285714286,0,0,6,9,5,14.6,0,12.4,0.5,1.79,Enrolled
STU-01620,1,13,1,14,1,1,1,1,1,10,11,1,0,0,1,0,1,0,20,3,7,10,6,12.833333333333334,0,2,8,8,5,11.8,0,12.7,3.7,-1.7,Graduate
STU-03075,2,2,1,9,1,2,1,22,27,10,10,0,0,0,0,1,0,0,57,12,15,17,12,11.75,0,9,14,16,9,12.22222222222222,0,9.4,-0.8,-3.12,Dropout
STU-00966,1,15,1,4,1,14,1,4,1,3,9,0,0,0,1,1,0,0,21,0,6,9,5,13.4,0,0,6,9,5,12.4,0,8.9,1.4,3.51,Graduate
STU-02130,1,1,1,5,1,1,1,13,1,6,8,1,0,0,1,0,0,0,18,0,6,6,6,12.666666666666666,0,0,6,8,6,13.25,0,10.8,1.4,1.74,Graduate
STU-03171,1,8,1,9,1,1,1,1,27,5,9,1,0,0,1,1,1,0,20,0,5,11,4,12.0,0,0,5,5,5,12.8,0,11.1,0.6,2.02,Graduate
STU-00542,1,1,1,9,1,1,1,13,14,6,8,0,0,0,1,1,0,0,20,0,5,8,5,10.0,0,0,5,10,2,12.0,0,7.6,2.6,0.32,Enrolled
STU-00178,1,1,2,12,1,1,1,19,24,12,12,1,0,0,1,0,0,0,20,0,7,8,4,11.95,0,0,7,8,4,11.95,0,7.6,2.6,0.32,Dropout
STU-01359,1,8,1,2,1,1,1,1,1,5,11,0,0,0,0,1,0,0,19,0,0,0,0,0.0,0,0,0,0,0,0.0,0,10.8,1.4,1.74,Dropout
STU-01410,1,6,1,9,1,1,1,23,1,10,2,0,0,0,1,1,0,0,19,0,5,5,5,10.6,0,0,5,8,5,11.6,0,12.4,0.5,1.79,Graduate
STU-02000,1,16,1,9,1,1,1,13,14,10,8,0,0,1,0,0,0,0,32,14,15,17,14,10.214285714285714,0,13,13,13,13,11.384615384615383,0,16.2,0.3,-0.92,Graduate
STU-01155,1,1,3,12,1,1,1,1,27,8,8,1,0,0,1,0,0,0,19,0,8,11,7,13.258571428571427,0,0,8,11,7,13.258571428571427,0,10.8,1.4,1.74,Graduate
STU-03128,1,9,1,9,1,1,1,13,14,10,6,1,0,0,1,0,0,0,19,0,5,8,5,11.0,0,0,5,6,5,15.4,0,12.4,0.5,1.79,Graduate
STU-00211,1,1,2,12,1,1,1,23,1,8,5,1,0,0,1,0,1,0,18,0,8,8,7,12.642857142857142,0,0,8,8,7,12.642857142857142,0,12.7,3.7,-1.7,Graduate
STU-00228,1,1,1,10,1,1,1,1,1,10,10,0,0,0,1,0,1,0,20,0,6,6,6,12.0,0,0,6,7,6,12.857142857142858,0,11.1,0.6,2.02,Graduate
STU-00380,1,15,1,6,1,14,1,22,28,6,7,1,0,0,1,0,0,0,21,2,6,16,5,12.666666666666666,0,1,6,15,2,13.5,0,16.2,0.3,-0.92,Enrolled
STU-02911,1,8,2,15,1,1,1,1,1,4,4,1,0,0,1,0,0,0,18,0,6,0,0,0.0,0,0,6,0,0,0.0,0,13.9,-0.3,0.79,Dropout
STU-04121,1,8,5,12,1,1,1,13,1,6,4,1,0,0,1,0,1,0,19,0,8,8,7,12.485714285714286,0,0,8,8,7,12.485714285714286,0,12.7,3.7,-1.7,Graduate
STU-01613,1,8,2,12,1,1,1,13,14,6,6,1,0,0,1,0,0,0,18,0,7,11,6,11.983333333333334,0,0,8,12,8,12.28125,0,16.2,0.3,-0.92,Graduate
STU-00361,1,8,4,16,1,1,1,13,28,5,2,1,0,0,1,0,0,0,18,0,6,7,6,11.666666666666666,0,0,6,10,6,11.833333333333334,0,10.8,1.4,1.74,Graduate
STU-01078,1,8,1,11,1,1,1,22,27,6,10,1,0,0,1,0,0,0,19,0,6,8,4,12.5,0,0,6,11,1,14.0,0,7.6,2.6,0.32,Dropout
STU-00628,1,1,3,12,1,1,1,13,27,10,8,1,0,0,1,0,0,0,19,0,7,8,7,13.025,0,0,8,9,8,13.811111111111112,0,13.9,-0.3,0.79,Graduate
STU-00509,1,1,1,8,1,1,1,5,5,3,3,0,0,0,1,0,0,0,18,0,5,12,4,13.0,2,0,5,6,5,14.0,0,9.4,-0.8,-3.12,Dropout
STU-00722,1,1,1,11,1,1,1,13,1,4,8,0,0,0,1,1,0,0,23,0,6,10,6,13.0,0,0,6,9,6,12.0,0,11.1,0.6,2.02,Enrolled
STU-02274,2,1,4,3,0,1,1,19,24,1,1,1,0,0,1,1,0,0,37,0,6,0,0,0.0,0,0,6,0,0,0.0,0,9.4,-0.8,-3.12,Dropout
STU-02896,2,1,1,3,0,1,1,22,27,10,10,0,0,0,1,0,0,0,40,0,6,7,6,11.333333333333334,0,0,6,7,6,10.5,0,10.8,1.4,1.74,Graduate
STU-04356,1,1,2,6,1,1,1,4,14,3,6,1,0,0,1,0,0,0,18,0,5,8,5,16.166666666666668,2,0,5,9,5,14.285714285714286,1,9.4,-0.8,-3.12,Graduate
STU-01336,1,8,2,16,1,1,1,1,14,3,11,1,0,0,1,0,0,0,19,0,6,9,5,13.0,0,0,6,8,5,10.4,0,7.6,2.6,0.32,Enrolled
STU-01263,1,1,2,15,1,1,1,13,14,10,10,0,0,0,1,1,0,0,19,0,6,0,0,0.0,0,0,6,0,0,0.0,0,12.4,0.5,1.79,Dropout
STU-02787,1,12,1,15,1,7,1,23,1,6,5,1,0,0,1,1,0,0,28,0,6,11,3,13.0,0,0,6,15,1,12.0,0,7.6,2.6,0.32,Dropout
STU-03029,1,12,1,3,0,1,1,22,27,10,7,0,0,0,1,0,1,0,35,2,8,8,8,13.625,0,1,7,7,7,14.0,0,8.9,1.4,3.51,Graduate
STU-02264,1,12,1,4,1,1,1,23,28,10,10,0,0,1,0,1,0,0,28,5,11,14,11,15.090909090909092,0,5,10,11,10,15.0,0,11.1,0.6,2.02,Dropout
STU-02863,2,12,1,3,0,1,1,22,27,10,10,0,0,0,1,0,0,0,50,0,6,8,6,12.666666666666666,0,0,6,6,6,11.833333333333334,0,10.8,1.4,1.74,Graduate
STU-03487,1,1,2,12,1,1,1,13,1,10,10,1,0,0,1,1,0,0,18,0,8,8,7,13.0,0,0,8,8,7,13.0,0,12.7,3.7,-1.7,Graduate
STU-01415,1,9,3,12,1,1,1,13,1,5,8,1,0,0,1,0,0,0,18,0,7,7,7,13.457142857142856,0,0,8,8,8,14.5125,0,13.9,-0.3,0.79,Graduate
STU-03818,1,8,1,4,1,1,1,23,27,6,10,1,0,0,1,1,1,0,23,17,18,19,18,11.894736842105264,0,12,13,13,13,12.923076923076923,0,15.5,2.8,-4.06,Graduate
STU-02550,1,8,2,11,1,1,1,1,2,6,4,1,0,1,1,1,1,0,19,0,6,14,2,10.0,0,0,6,6,0,0.0,0,13.9,-0.3,0.79,Dropout
STU-02269,1,14,1,12,1,1,1,3,4,3,5,0,0,0,1,1,0,0,18,0,7,12,4,12.65,0,0,7,10,3,10.666666666666666,0,16.2,0.3,-0.92,Dropout
STU-01229,1,1,5,12,1,1,1,23,28,5,9,1,0,0,1,0,0,0,18,0,8,8,8,13.76375,0,0,8,8,8,13.76375,0,9.4,-0.8,-3.12,Graduate
STU-00651,1,8,1,10,1,1,1,13,1,6,1,1,0,0,1,0,0,0,18,0,6,8,6,15.375,0,0,6,7,6,16.428571428571427,0,16.2,0.3,-0.92,Graduate
STU-02927,1,15,1,3,0,14,1,1,3,5,7,0,0,1,1,0,0,0,20,3,6,6,6,13.833333333333334,0,2,6,7,6,14.571428571428571,0,12.4,0.5,1.79,Graduate
STU-00883,1,12,1,4,1,1,1,13,27,10,7,0,0,1,0,1,0,0,31,0,6,15,1,11.0,0,0,6,10,0,0.0,0,16.2,0.3,-0.92,Dropout
STU-02804,1,1,3,6,1,1,1,13,14,10,2,1,0,0,1,0,0,0,20,0,6,7,6,16.714285714285715,0,0,6,6,6,15.333333333333334,0,13.9,-0.3,0.79,Graduate
STU-01368,1,1,6,12,1,1,1,23,28,10,10,1,0,0,1,1,0,0,19,0,8,8,7,12.2,0,0,8,8,7,12.2,0,12.7,3.7,-1.7,Graduate
STU-00072,1,8,1,12,1,1,1,22,14,9,5,0,0,0,1,1,0,0,24,0,7,8,7,11.975,0,0,8,8,8,13.75,0,13.9,-0.3,0.79,Graduate
STU-00579,2,1,1,10,1,1,1,22,27,6,6,0,0,0,1,0,0,0,20,0,6,7,6,11.5,0,0,6,6,6,11.666666666666666,0,7.6,2.6,0.32,Graduate
STU-00120,1,1,1,9,1,1,1,2,14,5,6,0,0,0,1,0,0,0,18,0,5,5,5,12.6,0,0,5,5,5,14.0,0,11.1,0.6,2.02,Graduate
STU-02008,1,7,3,6,1,1,1,22,27,10,3,1,0,0,1,0,1,0,18,0,6,14,6,14.333333333333334,0,0,6,9,6,12.0,0,15.5,2.8,-4.06,Graduate
STU-04297,1,15,1,5,1,14,1,1,28,6,6,1,1,0,1,1,1,0,21,2,7,7,4,11.5,0,5,9,10,7,12.142857142857142,0,12.4,0.5,1.79,Graduate
STU-02752,1,12,1,14,1,9,1,1,27,4,6,0,0,0,1,1,1,0,25,0,6,8,6,14.142857142857142,0,0,6,6,6,13.5,0,15.5,2.8,-4.06,Graduate
STU-00927,1,4,1,6,1,3,1,13,15,5,12,1,0,0,1,0,0,0,32,0,5,8,1,14.0,2,0,5,12,0,0.0,4,10.8,1.4,1.74,Dropout
STU-03094,1,14,1,12,1,1,1,17,28,12,4,1,0,0,1,0,1,0,22,18,23,23,20,14.575,3,18,23,23,20,14.575,3,7.6,2.6,0.32,Graduate
STU-02224,1,8,1,2,1,1,1,23,27,5,7,0,0,0,0,1,0,0,20,0,0,0,0,0.0,0,0,0,0,0,0.0,0,9.4,-0.8,-3.12,Dropout
STU-02167,1,8,1,12,1,1,1,23,27,6,10,1,0,0,1,0,1,0,18,0,8,8,7,14.962857142857144,0,0,8,8,7,14.962857142857144,0,10.8,1.4,1.74,Graduate
STU-02523,1,8,6,12,1,1,1,1,14,8,8,1,0,0,1,0,1,0,19,0,7,8,7,13.875714285714285,0,0,8,9,7,13.085714285714284,0,11.1,0.6,2.02,Graduate
STU-02375,1,12,1,8,1,1,1,13,14,10,6,1,0,0,1,1,0,0,24,0,5,13,4,13.75,1,0,5,9,3,12.0,0,9.4,-0.8,-3.12,Enrolled
STU-01496,1,4,1,7,1,15,1,3,1,3,6,0,0,0,1,1,0,0,23,0,5,5,5,13.8,0,0,5,7,5,14.142857142857142,0,11.1,0.6,2.02,Graduate
STU-02980,1,1,1,6,1,1,1,3,2,2,2,1,0,0,0,0,0,0,22,0,5,12,4,14.6,3,0,5,5,4,12.75,1,9.4,-0.8,-3.12,Dropout
STU-03480,1,1,1,11,1,1,1,23,27,10,8,0,0,0,1,1,1,0,19,0,6,6,6,13.0,0,0,6,6,6,13.166666666666666,0,12.4,0.5,1.79,Graduate
STU-02438,1,1,4,7,1,1,1,22,27,10,6,1,0,0,1,1,1,0,22,0,5,9,3,12.333333333333334,0,0,6,14,3,12.5,0,11.1,0.6,2.02,Dropout
STU-02416,1,14,2,10,1,1,1,19,21,1,6,1,0,0,1,1,0,0,22,0,6,11,0,0.0,0,0,5,10,0,0.0,0,9.4,-0.8,-3.12,Dropout
STU-00679,2,12,1,15,1,12,1,22,27,1,1,0,0,1,0,1,0,0,50,0,6,7,1,15.0,0,0,5,12,0,0.0,0,10.8,1.4,1.74,Dropout
STU-02965,1,1,1,5,1,1,1,13,14,10,10,1,0,1,1,0,1,0,19,1,6,8,6,13.285714285714286,1,0,6,8,6,12.5,0,13.9,-0.3,0.79,Dropout
STU-01632,2,12,1,15,1,12,1,13,14,10,5,0,0,1,0,1,0,0,42,0,4,5,0,0.0,0,0,4,4,0,0.0,0,13.9,-0.3,0.79,Dropout
STU-04278,1,8,1,7,1,1,1,13,27,12,6,1,0,0,1,1,0,0,21,0,5,10,1,10.0,0,0,5,8,3,13.666666666666666,3,7.6,2.6,0.32,Dropout
STU-02048,1,8,2,13,1,1,1,23,14,8,8,1,0,0,1,0,0,0,20,0,7,13,4,13.5,0,0,7,11,4,11.225,0,11.1,0.6,2.02,Dropout
STU-00455,1,1,3,9,1,1,1,13,28,10,8,1,0,0,1,0,0,0,19,0,5,5,5,11.8,0,0,5,8,4,11.25,0,9.4,-0.8,-3.12,Enrolled
STU-02189,1,8,1,11,1,1,1,3,1,3,4,0,0,0,1,0,1,0,19,0,6,15,6,11.333333333333334,0,0,6,9,3,12.666666666666666,0,9.4,-0.8,-3.12,Graduate
STU-01320,1,8,2,16,1,1,1,1,28,5,9,1,0,0,1,0,0,0,19,0,6,10,5,12.6,0,0,6,7,5,11.2,0,10.8,1.4,1.74,Graduate
STU-00437,1,8,1,11,1,1,1,13,14,6,6,0,0,0,1,0,1,0,20,0,6,10,4,11.25,0,0,6,6,6,10.5,0,12.4,0.5,1.79,Enrolled
STU-02091,1,1,5,12,1,1,1,23,27,6,8,1,0,0,1,0,0,0,18,0,7,7,6,14.233333333333334,0,0,7,7,6,14.233333333333334,0,7.6,2.6,0.32,Graduate
STU-02195,1,1,1,2,1,1,1,22,14,6,9,1,0,0,1,1,1,0,19,0,0,0,0,0.0,0,0,0,0,0,0.0,0,13.9,-0.3,0.79,Graduate
STU-02026,1,14,1,12,1,1,1,4,14,5,11,0,0,0,1,1,0,0,18,0,7,7,7,11.828571428571427,0,0,8,10,7,12.9125,0,13.9,-0.3,0.79,Graduate
STU-02364,1,15,1,7,1,14,1,1,14,5,6,1,0,0,1,1,0,0,22,0,5,9,0,0.0,0,0,5,6,2,11.666666666666666,0,10.8,1.4,1.74,Enrolled
STU-02487,4,12,1,14,1,1,1,13,14,12,13,0,0,0,1,1,0,0,42,0,6,0,0,0.0,0,0,6,0,0,0.0,0,12.7,3.7,-1.7,Dropout
STU-04110,1,1,2,10,1,1,1,1,14,5,6,0,0,0,1,0,0,0,18,0,6,10,4,11.0,0,0,6,8,5,11.2,0,10.8,1.4,1.74,Graduate
STU-00067,1,1,3,2,1,1,1,13,14,6,4,1,0,0,1,1,1,0,19,0,0,0,0,0.0,0,0,0,0,0,0.0,0,10.8,1.4,1.74,Graduate
STU-03644,1,8,1,6,1,1,1,1,27,5,10,1,0,0,1,0,1,0,19,0,5,6,4,12.0,0,0,5,8,5,13.333333333333334,1,10.8,1.4,1.74,Graduate
STU-02291,1,13,1,7,1,1,1,5,5,3,3,0,0,0,1,1,0,0,30,1,6,9,2,15.0,0,1,6,7,2,13.5,0,15.5,2.8,-4.06,Dropout
STU-01331,1,8,3,13,1,1,1,13,28,10,8,0,0,0,1,0,1,0,18,0,7,9,7,12.855555555555556,0,0,8,8,8,13.9125,0,12.7,3.7,-1.7,Graduate
STU-00346,1,1,1,15,1,1,1,13,14,8,6,1,0,0,1,0,0,0,18,0,6,7,6,13.5,0,0,6,8,6,12.5,0,9.4,-0.8,-3.12,Graduate
STU-00817,1,8,1,5,1,1,1,1,27,5,6,0,0,0,1,0,0,0,20,0,6,6,6,12.5,0,0,6,8,6,11.5,0,10.8,1.4,1.74,Enrolled
STU-02512,1,6,1,12,1,1,20,3,2,14,5,1,0,0,1,0,0,1,18,0,7,15,4,11.575,0,0,7,10,5,12.419999999999998,0,12.4,0.5,1.79,Enrolled
STU-01217,1,8,4,10,1,1,1,13,14,6,9,1,0,0,1,0,0,0,18,0,6,10,5,12.0,0,0,6,11,4,12.0,0,16.2,0.3,-0.92,Graduate
STU-01566,1,8,6,10,1,1,1,1,14,8,8,1,0,0,1,0,1,0,19,0,6,8,6,13.625,0,0,6,7,6,12.166666666666666,0,12.7,3.7,-1.7,Graduate
STU-01869,1,1,3,2,1,1,1,22,14,10,9,1,0,0,1,1,1,0,20,6,12,12,12,14.583333333333334,0,4,11,14,11,14.333333333333334,0,8.9,1.4,3.51,Graduate
STU-02518,1,1,3,12,1,1,1,13,1,10,6,1,0,0,1,0,1,0,18,0,8,8,7,12.214285714285714,0,0,8,8,7,12.214285714285714,0,12.7,3.7,-1.7,Graduate
STU-02906,1,8,1,15,1,1,1,3,1,3,4,1,0,0,1,0,0,0,19,0,6,7,6,12.5,0,0,6,7,6,12.5,0,10.8,1.4,1.74,Graduate
STU-01166,1,12,1,3,0,15,1,13,27,6,10,0,0,0,1,0,0,0,37,7,11,11,11,13.727272727272728,0,4,8,8,8,14.75,0,12.4,0.5,1.79,Graduate
STU-01306,1,1,3,15,1,1,1,13,14,10,10,1,0,0,1,0,0,0,18,0,6,6,6,12.666666666666666,0,0,6,7,6,12.833333333333334,0,12.7,3.7,-1.7,Graduate
STU-04252,1,1,1,9,1,1,1,7,16,5,4,0,0,0,1,0,0,0,20,0,5,13,2,10.0,1,0,5,10,0,0.0,0,9.4,-0.8,-3.12,Dropout
STU-03226,2,14,1,12,1,1,1,22,27,10,11,1,0,0,1,0,0,0,27,0,8,8,8,13.81375,0,0,8,8,8,13.81375,0,9.4,-0.8,-3.12,Graduate
STU-01709,1,12,1,13,1,12,1,13,1,8,11,0,0,0,1,1,0,0,25,0,7,14,4,12.95,1,0,7,11,4,13.125,1,15.5,2.8,-4.06,Dropout
STU-01924,1,8,3,9,1,1,1,22,28,6,2,0,0,0,1,0,0,0,18,0,5,5,5,13.2,0,0,5,6,4,12.5,0,9.4,-0.8,-3.12,Graduate
STU-02867,2,12,1,3,0,12,1,3,14,12,12,0,0,0,1,0,0,0,50,0,1,1,0,0.0,1,0,6,0,0,0.0,0,10.8,1.4,1.74,Dropout
STU-00496,1,4,3,8,1,3,1,13,27,12,6,0,0,1,0,0,0,0,27,1,5,6,2,11.5,0,0,5,5,1,11.0,0,12.7,3.7,-1.7,Dropout
STU-00684,4,12,1,10,1,12,1,22,27,10,11,0,0,0,0,0,0,0,44,0,6,0,0,0.0,0,0,6,0,0,0.0,0,13.9,-0.3,0.79,Dropout
STU-03167,1,8,2,16,1,1,1,3,1,3,4,1,0,0,1,0,0,0,18,0,6,7,2,14.5,0,0,6,6,1,10.0,0,15.5,2.8,-4.06,Dropout
STU-02584,1,12,1,17,0,1,1,13,27,10,9,0,0,0,1,0,0,0,26,0,5,10,4,12.0,0,0,5,9,4,11.25,0,12.7,3.7,-1.7,Enrolled
STU-00782,1,8,1,14,1,1,1,1,1,6,5,1,0,1,1,0,0,0,20,0,6,10,2,11.666666666666666,0,0,6,10,4,10.5,0,15.5,2.8,-4.06,Dropout
STU-03999,4,4,1,12,1,15,1,13,14,5,7,0,0,0,0,0,0,0,42,2,7,10,5,12.62,0,3,7,11,3,14.166666666666666,0,12.4,0.5,1.79,Dropout
STU-00982,2,12,1,17,0,1,1,13,14,5,5,0,0,0,1,1,1,0,41,0,5,9,4,11.0,0,0,5,6,5,11.4,0,8.9,1.4,3.51,Enrolled
STU-03086,2,4,1,9,1,3,1,13,1,10,10,0,0,0,1,0,0,0,33,5,8,10,6,12.833333333333334,0,2,5,8,4,12.0,0,11.1,0.6,2.02,Enrolled
STU-04305,1,1,1,9,1,1,1,13,1,8,6,1,0,0,1,1,0,0,19,0,5,6,4,13.75,0,0,5,5,0,0.0,0,12.4,0.5,1.79,Dropout
STU-01826,1,8,1,11,1,1,1,13,27,6,4,0,0,0,1,0,0,0,18,0,6,7,6,14.714285714285714,0,0,6,7,6,14.166666666666666,0,12.7,3.7,-1.7,Graduate
STU-00039,4,12,1,17,0,1,1,13,14,10,4,1,0,0,1,0,0,0,39,0,5,8,5,11.0,0,0,5,5,5,11.6,0,7.6,2.6,0.32,Graduate
STU-03549,1,12,1,14,1,1,1,22,27,10,10,1,0,0,0,1,0,0,31,0,6,14,0,0.0,0,0,6,6,0,0.0,0,12.7,3.7,-1.7,Dropout
STU-01043,4,14,1,14,1,1,1,22,27,10,7,0,0,0,1,0,0,0,40,4,8,8,8,11.625,0,3,7,12,5,11.2,0,9.4,-0.8,-3.12,Graduate
STU-04331,1,1,4,10,1,1,1,1,27,9,10,1,0,0,1,0,0,0,19,0,6,0,0,0.0,0,0,6,0,0,0.0,0,12.7,3.7,-1.7,Dropout
STU-01294,1,8,5,7,1,1,4,4,10,3,10,1,0,0,1,1,0,1,20,0,5,5,5,14.8,0,0,5,5,5,17.6,0,8.9,1.4,3.51,Graduate
STU-01901,1,14,1,15,1,1,1,1,27,4,1,0,0,1,1,0,0,0,20,0,6,7,6,13.333333333333334,0,0,6,8,6,12.666666666666666,0,12.4,0.5,1.79,Graduate
STU-00232,1,12,1,11,1,3,1,13,14,5,7,0,0,0,1,0,0,0,38,0,6,0,0,0.0,0,0,6,0,0,0.0,0,15.5,2.8,-4.06,Dropout
STU-02015,2,12,1,4,1,1,1,13,14,5,5,0,0,0,0,0,0,0,35,0,6,0,0,0.0,0,0,6,0,0,0.0,0,15.5,2.8,-4.06,Dropout
STU-02773,1,1,1,12,1,1,1,13,27,4,9,1,0,0,1,1,0,0,19,0,8,10,5,12.858,3,0,8,10,5,12.858,3,9.4,-0.8,-3.12,Enrolled
STU-02230,1,1,1,5,1,1,1,1,1,4,10,0,0,0,1,1,0,0,19,0,6,6,6,11.833333333333334,0,0,6,8,4,10.75,2,16.2,0.3,-0.92,Graduate
STU-01333,1,1,1,8,1,1,1,3,1,2,4,0,0,0,0,0,0,0,23,0,5,9,0,0.0,3,1,5,10,1,12.0,3,10.8,1.4,1.74,Dropout
STU-03429,1,14,1,3,0,1,1,22,27,10,10,0,0,0,1,0,0,0,27,0,6,6,4,12.5,0,0,6,6,6,14.333333333333334,0,13.9,-0.3,0.79,Dropout
STU-03774,1,12,1,6,1,12,1,22,27,10,10,1,0,1,0,0,1,0,26,0,6,7,0,0.0,0,0,6,6,0,0.0,0,13.9,-0.3,0.79,Dropout
STU-00822,1,1,3,2,1,1,1,10,14,10,4,1,0,0,1,0,0,0,19,0,0,0,0,0.0,0,0,0,0,0,0.0,0,13.9,-0.3,0.79,Graduate
STU-00482,1,9,6,12,1,1,1,1,14,2,2,1,0,0,1,0,1,0,18,0,8,8,7,14.314285714285717,0,0,8,8,7,14.314285714285717,0,12.7,3.7,-1.7,Graduate
STU-02144,1,1,2,2,1,1,1,3,1,3,4,1,0,0,1,0,0,0,19,0,0,0,0,0.0,0,0,0,0,0,0.0,0,12.7,3.7,-1.7,Graduate
STU-00841,1,1,1,9,1,1,14,3,3,10,10,0,0,1,0,0,0,1,19,0,5,14,0,0.0,0,0,5,5,0,0.0,0,8.9,1.4,3.51,Dropout
STU-00693,1,1,1,11,1,1,1,13,14,10,4,0,0,0,1,1,0,0,21,0,6,8,6,12.571428571428571,0,0,6,10,4,13.0,0,12.7,3.7,-1.7,Enrolled
STU-01457,1,1,1,9,1,1,1,1,14,5,6,0,0,0,1,1,0,0,20,0,5,9,5,12.0,0,0,5,9,4,13.0,0,8.9,1.4,3.51,Enrolled
STU-04358,1,12,1,3,0,1,1,13,27,8,9,0,0,1,0,0,0,0,31,0,6,14,2,10.5,0,0,6,6,3,12.333333333333334,0,11.1,0.6,2.02,Dropout
STU-00975,2,12,1,17,0,1,1,22,14,10,4,0,0,0,1,1,0,0,48,0,5,9,5,12.285714285714286,0,0,5,8,5,11.125,0,16.2,0.3,-0.92,Graduate
STU-03365,1,8,3,16,1,1,1,19,24,1,1,1,0,0,1,0,0,0,21,0,6,8,5,11.8,0,0,6,8,4,10.5,0,7.6,2.6,0.32,Dropout
STU-03570,1,12,1,6,1,12,1,3,1,3,6,0,0,0,1,1,0,0,25,0,6,0,0,0.0,0,0,6,0,0,0.0,0,10.8,1.4,1.74,Dropout
STU-04207,1,1,1,11,1,1,1,13,14,10,10,1,0,0,1,0,1,0,18,0,6,7,6,14.166666666666666,0,0,6,10,4,14.0,0,15.5,2.8,-4.06,Graduate
STU-02052,1,8,1,10,1,1,1,23,28,8,8,1,0,0,1,0,1,0,18,0,6,6,6,11.333333333333334,0,0,6,7,6,12.285714285714286,0,15.5,2.8,-4.06,Graduate
STU-04087,1,12,1,3,0,12,1,22,27,10,8,0,0,0,1,0,1,0,32,0,6,7,6,12.666666666666666,0,0,6,7,6,13.333333333333334,0,12.7,3.7,-1.7,Graduate
STU-03773,1,1,4,10,1,1,1,1,28,10,8,1,0,0,1,0,1,0,19,0,6,6,6,13.5,0,0,6,7,6,13.428571428571429,0,11.1,0.6,2.02,Graduate
STU-01527,1,8,1,15,1,1,1,1,1,6,2,0,0,1,0,1,0,0,19,0,6,6,6,12.5,0,0,6,10,4,12.6,0,15.5,2.8,-4.06,Dropout
STU-02904,1,8,1,10,1,1,1,1,1,4,4,1,0,0,1,0,1,0,18,0,6,6,6,14.0,0,0,6,6,6,13.5,0,8.9,1.4,3.51,Graduate
STU-02983,1,8,6,12,1,1,1,3,14,6,6,1,0,0,1,0,1,0,19,0,7,7,7,13.801428571428572,0,0,8,8,8,14.575,0,11.1,0.6,2.02,Graduate
STU-01222,1,1,1,12,1,1,1,13,1,10,6,0,0,0,1,0,1,0,18,0,7,7,7,14.604285714285712,0,0,8,9,8,15.68333333333333,0,11.1,0.6,2.02,Graduate
STU-03176,2,12,1,1,1,1,1,23,1,10,6,0,0,1,1,1,0,0,35,0,7,9,0,0.0,0,0,7,8,0,0.0,0,11.1,0.6,2.02,Dropout
STU-01990,1,1,5,14,1,1,1,4,1,5,11,1,0,0,1,0,0,0,18,0,6,10,4,11.25,0,0,6,11,5,12.2,0,8.9,1.4,3.51,Enrolled
STU-02043,1,1,1,11,1,1,2,22,1,10,4,1,0,0,1,1,0,1,18,0,6,6,6,13.666666666666666,0,0,6,6,6,13.5,0,7.6,2.6,0.32,Graduate
STU-02942,2,12,2,13,1,1,19,1,3,10,3,1,0,0,1,0,0,1,28,0,7,9,7,12.428571428571429,0,0,8,8,8,12.3,0,12.4,0.5,1.79,Enrolled
STU-01375,1,4,1,13,1,3,1,1,27,5,9,0,0,0,0,1,0,0,23,3,7,7,3,13.666666666666666,0,3,8,8,3,11.333333333333334,4,10.8,1.4,1.74,Dropout
STU-01171,1,1,1,9,1,1,1,23,14,6,8,0,0,0,1,1,0,0,19,0,5,6,5,11.2,0,0,5,5,5,13.2,0,12.4,0.5,1.79,Graduate
STU-03670,1,13,1,12,1,1,1,3,3,3,3,1,0,0,1,0,0,0,20,0,8,11,6,12.491666666666667,0,0,8,11,6,12.491666666666667,0,12.7,3.7,-1.7,Graduate
STU-01262,1,13,1,7,1,1,1,13,27,10,4,0,0,1,1,1,0,0,25,0,5,5,0,0.0,0,2,6,7,2,14.0,0,13.9,-0.3,0.79,Dropout
STU-03540,1,1,1,5,1,1,1,1,14,4,10,1,0,0,1,1,0,0,20,0,6,7,6,13.666666666666666,0,0,6,7,6,12.166666666666666,1,16.2,0.3,-0.92,Graduate
STU-01239,1,15,1,4,1,14,1,23,27,10,10,1,0,0,1,1,0,0,20,0,6,8,6,13.125,0,0,6,10,6,13.2,0,16.2,0.3,-0.92,Graduate
STU-03568,1,1,6,7,1,1,1,13,14,8,4,1,0,0,1,1,1,0,20,0,5,6,5,14.0,0,0,5,7,5,13.8,0,8.9,1.4,3.51,Graduate
STU-02814,1,1,1,10,1,1,1,1,14,10,10,0,0,1,1,0,1,0,19,0,6,11,3,11.0,0,0,6,9,4,11.25,0,10.8,1.4,1.74,Graduate
STU-00890,1,1,3,15,1,1,1,23,28,10,6,0,0,0,1,0,1,0,20,0,6,9,4,13.0,0,0,6,13,4,11.25,0,10.8,1.4,1.74,Graduate
STU-01596,1,1,1,14,1,1,1,1,27,5,10,0,0,0,1,1,0,0,19,0,5,8,4,12.5,0,0,5,6,4,11.0,0,7.6,2.6,0.32,Enrolled
STU-02569,1,12,1,9,1,9,1,22,27,10,8,0,0,1,1,0,0,0,41,0,5,6,5,11.6,0,0,5,8,5,12.2,0,7.6,2.6,0.32,Enrolled
STU-04006,2,12,1,6,1,1,1,22,27,12,11,0,0,0,1,1,0,0,34,0,6,0,0,0.0,0,0,6,0,0,0.0,0,10.8,1.4,1.74,Dropout
STU-04112,1,1,3,12,1,1,1,13,27,10,10,1,0,0,1,0,0,0,20,0,7,7,7,13.775714285714288,0,0,8,8,8,15.599999999999998,0,12.4,0.5,1.79,Graduate
STU-01286,1,8,2,16,1,1,1,13,28,4,4,1,0,0,1,1,0,0,19,0,7,10,6,13.666666666666666,0,0,7,9,6,12.5,0,12.4,0.5,1.79,Dropout
STU-02754,1,14,1,17,0,1,1,23,28,10,8,0,0,0,1,1,1,0,32,5,10,12,10,13.8,0,5,10,10,10,12.8,0,10.8,1.4,1.74,Graduate
STU-00034,1,9,1,3,0,1,1,13,1,10,6,1,0,0,1,0,0,0,19,0,6,6,6,12.666666666666666,0,0,6,8,6,14.375,0,12.4,0.5,1.79,Graduate
STU-00376,2,16,1,3,0,12,1,22,27,10,10,0,0,1,1,0,0,0,42,5,11,14,10,11.9,0,5,11,14,10,12.8,0,11.1,0.6,2.02,Enrolled
STU-00968,1,12,1,4,1,9,1,22,14,10,11,0,0,0,1,1,0,0,58,0,6,9,0,0.0,0,0,6,6,0,0.0,0,13.9,-0.3,0.79,Dropout
STU-01498,1,8,2,14,1,1,1,1,1,5,11,1,0,0,1,1,0,0,19,0,6,8,6,13.857142857142858,0,0,6,8,5,13.0,0,15.5,2.8,-4.06,Graduate
